/Library/Developer/CommandLineTools/usr/bin/python3: can't open file '/Users/tsukika/Desktop/affiliate-portal/scripts/seo_automation.py': [Errno 1] Operation not permitted
/Library/Developer/CommandLineTools/usr/bin/python3: can't open file '/Users/tsukika/Desktop/affiliate-portal/scripts/seo_automation.py': [Errno 1] Operation not permitted
/Library/Developer/CommandLineTools/usr/bin/python3: can't open file '/Users/tsukika/Desktop/affiliate-portal/scripts/seo_automation.py': [Errno 1] Operation not permitted
/Library/Developer/CommandLineTools/usr/bin/python3: can't open file '/Users/tsukika/Desktop/affiliate-portal/scripts/seo_automation.py': [Errno 1] Operation not permitted
/Library/Developer/CommandLineTools/usr/bin/python3: can't open file '/Users/tsukika/Desktop/affiliate-portal/scripts/seo_automation.py': [Errno 1] Operation not permitted
/Library/Developer/CommandLineTools/usr/bin/python3: can't open file '/Users/tsukika/Desktop/affiliate-portal/scripts/seo_automation.py': [Errno 1] Operation not permitted
/Library/Developer/CommandLineTools/usr/bin/python3: can't open file '/Users/tsukika/Desktop/affiliate-portal/scripts/seo_automation.py': [Errno 1] Operation not permitted
/Library/Developer/CommandLineTools/usr/bin/python3: can't open file '/Users/tsukika/Desktop/affiliate-portal/scripts/seo_automation.py': [Errno 1] Operation not permitted
/Library/Developer/CommandLineTools/usr/bin/python3: can't open file '/Users/tsukika/Desktop/affiliate-portal/scripts/seo_automation.py': [Errno 1] Operation not permitted
/Library/Developer/CommandLineTools/usr/bin/python3: can't open file '/Users/tsukika/Desktop/affiliate-portal/scripts/seo_automation.py': [Errno 1] Operation not permitted
/Library/Developer/CommandLineTools/usr/bin/python3: can't open file '/Users/tsukika/Desktop/affiliate-portal/scripts/seo_automation.py': [Errno 1] Operation not permitted
/Library/Developer/CommandLineTools/usr/bin/python3: can't open file '/Users/tsukika/Desktop/affiliate-portal/scripts/seo_automation.py': [Errno 1] Operation not permitted
/Library/Developer/CommandLineTools/usr/bin/python3: can't open file '/Users/tsukika/Desktop/affiliate-portal/scripts/seo_automation.py': [Errno 1] Operation not permitted
/Users/tsukika/Library/Python/3.9/lib/python/site-packages/google/oauth2/__init__.py:40: FutureWarning: You are using a Python version 3.9 past its end of life. Google will update google-auth with critical bug fixes on a best-effort basis, but not with any other fixes or features. Please upgrade your Python version, and then update google-auth.
  warnings.warn(eol_message.format("3.9"), FutureWarning)
/Users/tsukika/Library/Python/3.9/lib/python/site-packages/google/auth/__init__.py:54: FutureWarning: You are using a Python version 3.9 past its end of life. Google will update google-auth with critical bug fixes on a best-effort basis, but not with any other fixes or features. Please upgrade your Python version, and then update google-auth.
  warnings.warn(eol_message.format("3.9"), FutureWarning)
/Users/tsukika/Library/Python/3.9/lib/python/site-packages/google/api_core/_python_version_support.py:242: FutureWarning: You are using a non-supported Python version (3.9.6). Google will not post any further updates to google.api_core supporting this Python version. Please upgrade to the latest Python version, or at least Python 3.10, and then update google.api_core.
  warnings.warn(message, FutureWarning)
/Users/tsukika/Library/Python/3.9/lib/python/site-packages/urllib3/__init__.py:35: NotOpenSSLWarning: urllib3 v2 only supports OpenSSL 1.1.1+, currently the 'ssl' module is compiled with 'LibreSSL 2.8.3'. See: https://github.com/urllib3/urllib3/issues/3020
  warnings.warn(
/Users/tsukika/Library/Python/3.9/lib/python/site-packages/google/api_core/_python_version_support.py:242: FutureWarning: You are using a non-supported Python version (3.9.6). Google will not post any further updates to google.analytics.data_v1beta supporting this Python version. Please upgrade to the latest Python version, or at least Python 3.10, and then update google.analytics.data_v1beta.
  warnings.warn(message, FutureWarning)
=== SEO Automation Run: 2026-07-07 06:00:07 ===
🔄 [Step 1] Updating Sitemap via Next-Sitemap...
❌ Failed to update sitemap: [Errno 2] No such file or directory: 'npx'
🔄 [Step 2] Sending URL Indexing Requests...
🔑 Authenticating with OAuth 2.0 Playground credentials...
   ❌ Failed request for https://www.mikke-style.com/articles/20260412-2026%E5%B9%B4%E6%98%A5%E3%83%86%E3%83%AC%E3%83%AF%E3%83%BC%E3%82%AF%E3%81%8C%E5%8A%87%E7%9A%84%E3%81%AB%E6%8D%97%E3%82%8B%E3%83%87%E3%82%B9%E3%82%AF%E5%91%A8%E3%82%8A%E3%81%AE%E3%81%8A%E3%81%99%E3%81%99%E3%82%81%E3%82%AC%E3%82%B8%E3%82%A7: ('invalid_grant: Token has been expired or revoked.', {'error': 'invalid_grant', 'error_description': 'Token has been expired or revoked.'})
   ❌ Failed request for https://www.mikke-style.com/articles/20260413-2026%E5%B9%B4%E6%9C%80%E6%96%B0%E5%BF%99%E3%81%97%E3%81%84%E6%9C%9D%E3%82%92%E5%8A%87%E7%9A%84%E3%81%AB%E5%A4%89%E3%81%88%E3%82%8B%E6%9A%AE%E3%82%89%E3%81%97%E3%81%AE%E8%B3%AA%E3%81%8C%E4%B8%8A%E3%81%8C%E3%82%8B%E5%8E%B3%E9%81%B8%E6%99%82: ('invalid_grant: Token has been expired or revoked.', {'error': 'invalid_grant', 'error_description': 'Token has been expired or revoked.'})
   ❌ Failed request for https://www.mikke-style.com/articles/20260415-gw-travel-outdoor: ('invalid_grant: Token has been expired or revoked.', {'error': 'invalid_grant', 'error_description': 'Token has been expired or revoked.'})
   ❌ Failed request for https://www.mikke-style.com/articles/20260418-skincare-spring: ('invalid_grant: Token has been expired or revoked.', {'error': 'invalid_grant', 'error_description': 'Token has been expired or revoked.'})
   ❌ Failed request for https://www.mikke-style.com/articles/20260419-ps5-apple-a19-hikaku: ('invalid_grant: Token has been expired or revoked.', {'error': 'invalid_grant', 'error_description': 'Token has been expired or revoked.'})
   ❌ Failed request for https://www.mikke-style.com/articles/20260420-%E6%96%B0%E8%A3%BD%E5%93%81%E3%83%AC%E3%83%93%E3%83%A5%E3%83%BC%EF%BC%9A%E6%9C%80%E6%96%B0%E3%81%AE%E6%97%A5%E7%84%BC%E3%81%91%E6%AD%A2%E3%82%81%E3%82%AF%E3%83%AA%E3%83%BC%E3%83%A0: ('invalid_grant: Token has been expired or revoked.', {'error': 'invalid_grant', 'error_description': 'Token has been expired or revoked.'})
   ❌ Failed request for https://www.mikke-style.com/articles/20260420-%E6%98%A5%E3%81%AE%E6%96%B0%E7%94%9F%E6%B4%BB%E3%81%AB%E3%81%B4%E3%81%A3%E3%81%9F%E3%82%8A%E3%81%AE%E3%82%A4%E3%83%B3%E3%83%86%E3%83%AA%E3%82%A2%E3%82%A2%E3%82%A4%E3%83%86%E3%83%A0: ('invalid_grant: Token has been expired or revoked.', {'error': 'invalid_grant', 'error_description': 'Token has been expired or revoked.'})
   ❌ Failed request for https://www.mikke-style.com/articles/20260422-2026%E5%B9%B4%E6%98%A5%E8%8A%B1%E7%B2%89%E7%B4%AB%E5%A4%96%E7%B7%9A%E3%83%80%E3%83%96%E3%83%AB%E5%AF%BE%E7%AD%96%E8%82%8C%E3%82%92%E5%AE%88%E3%82%8B%E3%82%B9%E3%82%AD%E3%83%B3%E3%82%B1%E3%82%A2: ('invalid_grant: Token has been expired or revoked.', {'error': 'invalid_grant', 'error_description': 'Token has been expired or revoked.'})
   ❌ Failed request for https://www.mikke-style.com/articles/20260422-2026%E5%B9%B4%E6%9C%80%E6%96%B0%E5%88%9D%E5%BF%83%E8%80%85%E3%81%A7%E3%82%82%E4%BD%BF%E3%81%84%E3%82%84%E3%81%99%E3%81%84%E3%82%B3%E3%82%B9%E3%83%91%E6%9C%80%E5%BC%B7%E3%83%9F%E3%83%A9%E3%83%BC: ('invalid_grant: Token has been expired or revoked.', {'error': 'invalid_grant', 'error_description': 'Token has been expired or revoked.'})
   ❌ Failed request for https://www.mikke-style.com/articles/20260423-2026%E5%B9%B4%E6%9C%80%E6%96%B0%E4%B9%BE%E7%87%A5%E8%82%8C%E3%81%95%E3%82%93%E5%BF%85%E8%A6%8B%E3%83%97%E3%83%81%E3%83%97%E3%83%A9%E3%81%AA%E3%81%AE%E3%81%AB%E5%AE%9F%E5%8A%9B%E6%B4%BE%E3%82%B9: ('invalid_grant: Token has been expired or revoked.', {'error': 'invalid_grant', 'error_description': 'Token has been expired or revoked.'})
   ❌ Failed request for https://www.mikke-style.com/articles/20260423-%E6%99%82%E7%9F%AD%E3%83%A9%E3%82%AF%E5%AE%B6%E4%BA%8B%E6%96%99%E7%90%86%E3%81%8C%E6%A5%BD%E3%81%97%E3%81%8F%E3%81%AA%E3%82%8B%E3%82%AD%E3%83%83%E3%83%81%E3%83%B3%E4%BE%BF%E5%88%A9%E3%82%B0%E3%83%83%E3%82%BA7%E9%81%B8: ('invalid_grant: Token has been expired or revoked.', {'error': 'invalid_grant', 'error_description': 'Token has been expired or revoked.'})
   ❌ Failed request for https://www.mikke-style.com/articles/20260424-2026%E5%B9%B4%E6%9C%80%E6%96%B0%E3%83%A1%E3%83%B3%E3%82%BA%E3%82%B9%E3%82%AD%E3%83%B3%E3%82%B1%E3%82%A2%E5%88%9D%E5%BF%83%E8%80%85%E5%BF%85%E8%A6%8B%E6%9C%AC%E5%BD%93%E3%81%AB%E8%B2%B7%E3%81%86: ('invalid_grant: Token has been expired or revoked.', {'error': 'invalid_grant', 'error_description': 'Token has been expired or revoked.'})
   ❌ Failed request for https://www.mikke-style.com/articles/20260424-2026%E5%B9%B4%E7%9D%A1%E7%9C%A0%E3%81%AE%E8%B3%AA%E3%82%92%E4%B8%8A%E3%81%92%E3%81%9F%E3%81%84%E4%BA%BA%E3%81%B8%E3%81%8A%E3%81%99%E3%81%99%E3%82%81%E5%BF%AB%E7%9C%A0%E3%82%B0%E3%83%83%E3%82%BA: ('invalid_grant: Token has been expired or revoked.', {'error': 'invalid_grant', 'error_description': 'Token has been expired or revoked.'})
   ❌ Failed request for https://www.mikke-style.com/articles/20260424-2026%E5%B9%B4%E8%87%AA%E5%AE%85%E3%81%A7%E3%81%A8%E3%81%A8%E3%81%AE%E3%81%86%E3%82%B5%E3%82%A6%E3%83%8A%E5%A5%BD%E3%81%8D%E3%81%8C%E9%81%B8%E3%81%B6%E3%81%8A%E3%81%99%E3%81%99%E3%82%81%E6%B8%A9: ('invalid_grant: Token has been expired or revoked.', {'error': 'invalid_grant', 'error_description': 'Token has been expired or revoked.'})
   ❌ Failed request for https://www.mikke-style.com/articles/20260426-2026%E5%B9%B4%E4%BF%9D%E5%AD%98%E7%89%88%E9%98%B2%E7%81%BD%E3%82%A2%E3%82%A6%E3%83%88%E3%83%89%E3%82%A2%E3%81%AB%E5%BD%B9%E7%AB%8B%E3%81%A4%E3%83%9D%E3%83%BC%E3%82%BF%E3%83%96%E3%83%AB%E9%9B%BB: ('invalid_grant: Token has been expired or revoked.', {'error': 'invalid_grant', 'error_description': 'Token has been expired or revoked.'})
   ❌ Failed request for https://www.mikke-style.com/articles/20260426-2026%E5%B9%B4%E6%9C%80%E6%96%B0%E5%81%A5%E5%BA%B7%E7%AE%A1%E7%90%86%E3%81%AB%E5%BD%B9%E7%AB%8B%E3%81%A4%E3%82%B9%E3%83%9E%E3%83%BC%E3%83%88%E3%82%A6%E3%82%A9%E3%83%83%E3%83%81%E3%81%8A%E3%81%99: ('invalid_grant: Token has been expired or revoked.', {'error': 'invalid_grant', 'error_description': 'Token has been expired or revoked.'})
   ❌ Failed request for https://www.mikke-style.com/articles/20260426-2026%E5%B9%B4%E6%9C%80%E6%96%B0%E5%A4%B1%E6%95%97%E3%81%97%E3%81%AA%E3%81%84%E3%83%8E%E3%82%A4%E3%82%BA%E3%82%AD%E3%83%A3%E3%83%B3%E3%82%BB%E3%83%AA%E3%83%B3%E3%82%B0%E6%90%AD%E8%BC%89%E3%83%AF: ('invalid_grant: Token has been expired or revoked.', {'error': 'invalid_grant', 'error_description': 'Token has been expired or revoked.'})
   ❌ Failed request for https://www.mikke-style.com/articles/20260427-2026%E5%B9%B4%E7%BE%8E%E5%AE%B9%E5%A5%BD%E3%81%8D%E3%81%8C%E3%83%AA%E3%83%94%E8%B2%B7%E3%81%84%E8%A9%B1%E9%A1%8C%E3%81%AE%E9%9F%93%E5%9B%BD%E3%82%B3%E3%82%B9%E3%83%A1%E3%81%8A%E3%81%99%E3%81%99: ('invalid_grant: Token has been expired or revoked.', {'error': 'invalid_grant', 'error_description': 'Token has been expired or revoked.'})
   ❌ Failed request for https://www.mikke-style.com/articles/20260427-%E3%83%87%E3%82%B9%E3%82%AF%E3%81%AB%E9%9D%99%E3%81%91%E3%81%95%E3%82%92%E8%A8%AD%E8%A8%88%E3%81%99%E3%82%8B%E5%9C%A8%E5%AE%85%E3%83%AF%E3%83%BC%E3%82%AF%E7%92%B0%E5%A2%83%E3%82%92%E6%95%B4%E3%81%88%E3%82%8B%E3%82%AC%E3%82%B8: ('invalid_grant: Token has been expired or revoked.', {'error': 'invalid_grant', 'error_description': 'Token has been expired or revoked.'})
   ❌ Failed request for https://www.mikke-style.com/articles/20260429-%E6%98%8E%E6%97%A5%E3%81%AE%E6%9C%9D%E3%81%8C%E5%A4%89%E3%82%8F%E3%82%8B%E5%A4%9C%E3%81%AE%E9%AB%AA%E6%99%82%E9%96%93%E3%83%98%E3%82%A2%E3%83%88%E3%83%AA%E3%83%BC%E3%83%88%E3%83%A1%E3%83%B3%E3%83%88%E3%83%8A%E3%82%A4%E3%83%88: ('invalid_grant: Token has been expired or revoked.', {'error': 'invalid_grant', 'error_description': 'Token has been expired or revoked.'})
   ❌ Failed request for https://www.mikke-style.com/articles/20260429-%E8%B1%86%E3%81%8B%E3%82%89%E5%A7%8B%E3%81%BE%E3%82%8B%E6%9C%9D%E3%81%AE%E6%99%82%E9%96%93%E5%89%B2%E3%82%B9%E3%83%9A%E3%82%B7%E3%83%A3%E3%83%AB%E3%83%86%E3%82%A3%E3%82%B3%E3%83%BC%E3%83%92%E3%83%BC%E5%99%A8%E5%85%B76: ('invalid_grant: Token has been expired or revoked.', {'error': 'invalid_grant', 'error_description': 'Token has been expired or revoked.'})
   ❌ Failed request for https://www.mikke-style.com/articles/20260429-%E9%83%A8%E5%B1%8B%E3%81%AB%E4%BD%99%E7%99%BD%E3%82%92%E7%BD%AE%E3%81%8F%E4%B8%80%E4%BA%BA%E6%9A%AE%E3%82%89%E3%81%97%E3%83%9F%E3%83%8B%E3%83%9E%E3%83%AA%E3%82%B9%E3%83%88%E3%81%AE%E3%82%A4%E3%83%B3%E3%83%86%E3%83%AA%E3%82%A2: ('invalid_grant: Token has been expired or revoked.', {'error': 'invalid_grant', 'error_description': 'Token has been expired or revoked.'})
   ❌ Failed request for https://www.mikke-style.com/articles/20260430-%E8%82%8C%E3%81%8C%E5%83%8D%E3%81%8F%E5%A4%9C%E3%81%AE%E3%81%9F%E3%82%81%E3%81%AB%E9%9F%93%E5%9B%BD%E7%99%BA%E3%83%8A%E3%82%A4%E3%83%88%E3%82%B9%E3%82%AD%E3%83%B3%E3%82%B1%E3%82%A26%E9%81%B8: ('invalid_grant: Token has been expired or revoked.', {'error': 'invalid_grant', 'error_description': 'Token has been expired or revoked.'})
   ❌ Failed request for https://www.mikke-style.com/articles/20260501-%E8%80%B3%E3%81%AB%E6%AD%A3%E7%9B%B4%E3%81%AA%E9%9F%B3%E3%82%92%E5%B1%8A%E3%81%91%E3%82%8B%E3%83%97%E3%83%AC%E3%83%9F%E3%82%A2%E3%83%A0%E3%83%AF%E3%82%A4%E3%83%A4%E3%83%AC%E3%82%B9%E3%82%A4%E3%83%A4%E3%83%95%E3%82%A9%E3%83%B3: ('invalid_grant: Token has been expired or revoked.', {'error': 'invalid_grant', 'error_description': 'Token has been expired or revoked.'})
   ❌ Failed request for https://www.mikke-style.com/articles/20260504-%E9%9D%99%E9%9F%B3%E3%81%A8%E9%9B%86%E4%B8%AD%E3%82%92%E6%9C%BA%E3%81%AE%E4%B8%8A%E3%81%AB%E8%A8%AD%E8%A8%88%E3%81%99%E3%82%8B%E5%9C%A8%E5%AE%85%E3%83%AF%E3%83%BC%E3%82%AF%E7%92%B0%E5%A2%83%E3%82%92%E6%95%B4%E3%81%88%E3%82%8B: ('invalid_grant: Token has been expired or revoked.', {'error': 'invalid_grant', 'error_description': 'Token has been expired or revoked.'})
   ❌ Failed request for https://www.mikke-style.com/articles/20260505-%E5%A4%9C%E3%81%AE%E7%A9%BA%E6%B0%97%E3%82%92%E9%A6%99%E3%82%8A%E3%81%A7%E5%A1%97%E3%82%8A%E6%9B%BF%E3%81%88%E3%82%8B%E3%83%AB%E3%83%BC%E3%83%A0%E3%83%95%E3%83%AC%E3%82%B0%E3%83%A9%E3%83%B3%E3%82%B96%E9%81%B8: ('invalid_grant: Token has been expired or revoked.', {'error': 'invalid_grant', 'error_description': 'Token has been expired or revoked.'})
   ❌ Failed request for https://www.mikke-style.com/articles/20260507-%E6%B5%B4%E5%AE%A4%E3%82%92%E4%B8%80%E6%97%A5%E3%81%AE%E7%B5%82%E3%82%8F%E3%82%8A%E3%81%AE%E8%81%96%E5%9F%9F%E3%81%AB%E3%83%90%E3%82%B9%E3%82%BF%E3%82%A4%E3%83%A0%E3%82%B1%E3%82%A2%E3%82%B0%E3%83%83%E3%82%BA6%E9%81%B8: ('invalid_grant: Token has been expired or revoked.', {'error': 'invalid_grant', 'error_description': 'Token has been expired or revoked.'})
   ❌ Failed request for https://www.mikke-style.com/articles/20260508-%E7%94%B7%E3%81%AE%E8%82%8C%E3%82%82%E6%95%B4%E3%81%86%E6%99%82%E4%BB%A3%E3%81%B8%E3%83%A1%E3%83%B3%E3%82%BA%E3%82%B9%E3%82%AD%E3%83%B3%E3%82%B1%E3%82%A2%E3%82%92%E6%9C%AC%E6%A0%BC%E5%8C%96%E3%81%99%E3%82%8B%E7%BE%8E%E5%AE%B9: ('invalid_grant: Token has been expired or revoked.', {'error': 'invalid_grant', 'error_description': 'Token has been expired or revoked.'})
   ❌ Failed request for https://www.mikke-style.com/articles/20260509-%E6%96%99%E7%90%86%E3%81%8C%E5%A4%89%E3%82%8F%E3%82%8B%E9%81%93%E5%85%B7%E3%82%92%E5%A4%89%E3%81%88%E3%82%8B%E3%81%A0%E3%81%91%E3%81%A7%E6%9C%AC%E6%A0%BC%E3%82%AD%E3%83%83%E3%83%81%E3%83%B3%E3%83%84%E3%83%BC%E3%83%AB6: ('invalid_grant: Token has been expired or revoked.', {'error': 'invalid_grant', 'error_description': 'Token has been expired or revoked.'})
   ❌ Failed request for https://www.mikke-style.com/articles/20260509-%E9%AB%AA%E3%82%92%E3%81%A1%E3%82%83%E3%82%93%E3%81%A8%E3%81%84%E3%81%9F%E3%82%8F%E3%82%8B%E3%82%B5%E3%83%AD%E3%83%B3%E5%93%81%E8%B3%AA%E3%83%98%E3%82%A2%E3%82%B1%E3%82%A2%E3%82%A2%E3%82%A4%E3%83%86%E3%83%A06%E9%81%B8: ('invalid_grant: Token has been expired or revoked.', {'error': 'invalid_grant', 'error_description': 'Token has been expired or revoked.'})
   ❌ Failed request for https://www.mikke-style.com/articles/20260510-%E6%9C%BA%E3%81%AE%E4%B8%8A%E3%81%AB%E4%BB%95%E4%BA%8B%E3%81%AE%E4%BD%99%E7%99%BD%E3%82%92%E4%BD%9C%E3%82%8B%E5%9C%A8%E5%AE%85%E3%83%AF%E3%83%BC%E3%82%AB%E3%83%BC%E3%81%8C%E9%81%B8%E3%81%B6%E4%B8%8A%E8%B3%AA%E3%83%87%E3%82%B9: ('invalid_grant: Token has been expired or revoked.', {'error': 'invalid_grant', 'error_description': 'Token has been expired or revoked.'})
   ❌ Failed request for https://www.mikke-style.com/articles/20260510-%E9%9F%B3%E3%81%8C%E5%A4%89%E3%82%8F%E3%82%8B%E3%81%A8%E6%AF%8E%E6%97%A5%E3%81%8C%E5%A4%89%E3%82%8F%E3%82%8B%E3%81%93%E3%81%A0%E3%82%8F%E3%82%8A%E3%81%AE%E3%83%98%E3%83%83%E3%83%89%E3%83%9B%E3%83%B3%E3%82%A4%E3%83%A4%E3%83%9B: ('invalid_grant: Token has been expired or revoked.', {'error': 'invalid_grant', 'error_description': 'Token has been expired or revoked.'})
   ❌ Failed request for https://www.mikke-style.com/articles/20260511-%E7%81%AF%E3%82%92%E8%90%BD%E3%81%A8%E3%81%97%E3%81%A6%E3%81%8B%E3%82%89%E8%82%8C%E3%81%A8%E5%90%91%E3%81%8D%E5%90%88%E3%81%86%E5%A4%9C%E5%B0%B1%E5%AF%9D%E5%89%8D%E3%83%8A%E3%82%A4%E3%83%88%E3%82%B1%E3%82%A2%E3%82%B3%E3%82%B9: ('invalid_grant: Token has been expired or revoked.', {'error': 'invalid_grant', 'error_description': 'Token has been expired or revoked.'})
   ❌ Failed request for https://www.mikke-style.com/articles/20260511-%E9%9B%86%E4%B8%AD%E3%82%92%E5%A6%A8%E3%81%92%E3%81%AA%E3%81%84%E7%A7%98%E5%AF%86%E5%9F%BA%E5%9C%B0%E5%9C%A8%E5%AE%85%E3%83%AF%E3%83%BC%E3%82%AF%E3%81%AE%E8%B3%AA%E3%82%92%E9%AB%98%E3%82%81%E3%82%8B%E3%83%87%E3%82%B9%E3%82%AF: ('invalid_grant: Token has been expired or revoked.', {'error': 'invalid_grant', 'error_description': 'Token has been expired or revoked.'})
   ❌ Failed request for https://www.mikke-style.com/articles/20260512-%E9%83%A8%E5%B1%8B%E3%81%AB%E4%BD%99%E7%99%BD%E3%81%A8%E3%82%86%E3%81%A8%E3%82%8A%E3%82%92%E7%B4%A1%E3%81%90%E7%9C%81%E3%82%B9%E3%83%9A%E3%83%BC%E3%82%B9%E3%82%92%E5%8F%B6%E3%81%88%E3%82%8B%E9%9D%99%E9%9F%B3%E4%BE%BF%E5%88%A9: ('invalid_grant: Token has been expired or revoked.', {'error': 'invalid_grant', 'error_description': 'Token has been expired or revoked.'})
   ❌ Failed request for https://www.mikke-style.com/articles/20260513-%E5%A4%9C%E3%81%AE%E8%82%8C%E6%99%82%E9%96%93%E3%82%92%E4%B8%81%E5%AF%A7%E3%81%AB%E3%82%B9%E3%82%AD%E3%83%B3%E3%82%B1%E3%82%A2%E3%83%98%E3%82%A2%E3%82%B1%E3%82%A2%E3%81%AE%E6%9C%AC%E5%91%BD%E3%82%B3%E3%82%B9%E3%83%A16: ('invalid_grant: Token has been expired or revoked.', {'error': 'invalid_grant', 'error_description': 'Token has been expired or revoked.'})
   ❌ Failed request for https://www.mikke-style.com/articles/20260513-%E6%AF%8E%E6%9C%9D%E3%81%AE%E8%B3%AA%E3%81%8C%E5%A4%89%E3%82%8F%E3%82%8B%E7%94%9F%E6%B4%BB%E3%82%92%E6%95%B4%E3%81%88%E3%82%8B%E4%BE%BF%E5%88%A9%E3%82%B0%E3%83%83%E3%82%BA6%E9%81%B8: ('invalid_grant: Token has been expired or revoked.', {'error': 'invalid_grant', 'error_description': 'Token has been expired or revoked.'})
   ❌ Failed request for https://www.mikke-style.com/articles/20260514-%E6%AF%8E%E6%97%A5%E3%81%AE%E5%8F%B0%E6%89%80%E3%81%8C%E5%A5%BD%E3%81%8D%E3%81%AB%E3%81%AA%E3%82%8B%E3%82%AD%E3%83%83%E3%83%81%E3%83%B3%E9%9B%91%E8%B2%A8%E4%BF%9D%E5%AD%98%E5%AE%B9%E5%99%A8%E8%AA%BF%E7%90%86%E9%81%93%E5%85%B7: ('invalid_grant: Token has been expired or revoked.', {'error': 'invalid_grant', 'error_description': 'Token has been expired or revoked.'})
   ❌ Failed request for https://www.mikke-style.com/articles/20260515-%E5%AF%9D%E5%AE%A4%E3%81%AE%E7%A9%BA%E6%B0%97%E3%82%92%E9%A6%99%E3%82%8A%E3%81%8B%E3%82%89%E8%A8%AD%E8%A8%88%E3%81%99%E3%82%8B%E5%A4%9C%E3%82%A4%E3%83%B3%E3%83%86%E3%83%AA%E3%82%A2%E3%83%95%E3%83%AC%E3%82%B0%E3%83%A9%E3%83%B3: ('invalid_grant: Token has been expired or revoked.', {'error': 'invalid_grant', 'error_description': 'Token has been expired or revoked.'})
   ❌ Failed request for https://www.mikke-style.com/articles/20260516-%E5%A4%9C%E3%81%AE%E9%9D%99%E5%AF%82%E3%81%AB%E6%B4%BB%E5%AD%97%E3%81%8C%E6%BA%B6%E3%81%91%E3%82%8B%E9%9B%BB%E5%AD%90%E6%9B%B8%E7%B1%8D%E3%83%AA%E3%83%BC%E3%83%80%E3%83%BCe%E3%82%A4%E3%83%B3%E3%82%AF%E3%83%87%E3%83%90: ('invalid_grant: Token has been expired or revoked.', {'error': 'invalid_grant', 'error_description': 'Token has been expired or revoked.'})
   ❌ Failed request for https://www.mikke-style.com/articles/20260517-%E9%9F%B3%E3%81%A7%E5%A4%89%E3%82%8F%E3%82%8B%E6%9C%9D%E3%81%AE%E3%83%AA%E3%82%BA%E3%83%A0%E3%83%8E%E3%82%A4%E3%82%BA%E3%82%AD%E3%83%A3%E3%83%B3%E3%82%BB%E3%83%AA%E3%83%B3%E3%82%B0%E3%82%A4%E3%83%A4%E3%83%9B%E3%83%B3-: ('invalid_grant: Token has been expired or revoked.', {'error': 'invalid_grant', 'error_description': 'Token has been expired or revoked.'})
   ❌ Failed request for https://www.mikke-style.com/articles/20260518-%E7%84%9A%E3%81%8D%E7%81%AB%E3%81%AE%E5%A4%9C%E3%81%8C%E3%82%82%E3%81%A3%E3%81%A8%E5%A5%BD%E3%81%8D%E3%81%AB%E3%81%AA%E3%82%8B%E3%82%AD%E3%83%A3%E3%83%B3%E3%83%97%E3%82%A2%E3%82%A6%E3%83%88%E3%83%89%E3%82%A2%E3%82%AE%E3%82%A2: ('invalid_grant: Token has been expired or revoked.', {'error': 'invalid_grant', 'error_description': 'Token has been expired or revoked.'})
   ❌ Failed request for https://www.mikke-style.com/articles/20260519-%E7%84%9A%E3%81%8D%E7%81%AB%E3%81%AE%E5%89%8D%E3%81%AE%E9%9D%99%E3%81%8B%E3%81%AA%E6%99%82%E9%96%93%E3%82%A2%E3%82%A6%E3%83%88%E3%83%89%E3%82%A2%E3%82%AE%E3%82%A2-%E7%B2%BE%E9%8B%AD6%E9%81%B8: ('invalid_grant: Token has been expired or revoked.', {'error': 'invalid_grant', 'error_description': 'Token has been expired or revoked.'})
   ❌ Failed request for https://www.mikke-style.com/articles/20260520-2026%E5%B9%B4%E6%9C%80%E6%96%B0%E3%83%97%E3%83%AD%E3%81%8C%E5%8E%B3%E9%81%B8%E3%82%A8%E3%82%A4%E3%82%B8%E3%83%B3%E3%82%B0%E3%82%B1%E3%82%A2%E7%BE%8E%E5%AE%B9%E6%B6%B2%E3%81%8A%E3%81%99%E3%81%99%E3%82%81%E4%BA%BA%E6%B0%97%E3%83%A9%E3%83%B3: ('invalid_grant: Token has been expired or revoked.', {'error': 'invalid_grant', 'error_description': 'Token has been expired or revoked.'})
   ❌ Failed request for https://www.mikke-style.com/articles/20260520-2026%E5%B9%B4%E7%89%88%E5%9C%A8%E5%AE%85%E3%83%AF%E3%83%BC%E3%82%AF%E3%81%AE%E7%94%9F%E7%94%A3%E6%80%A7%E3%82%92%E6%9C%80%E5%A4%A7%E5%8C%96%E5%BF%AB%E9%81%A9%E3%81%AA%E3%83%87%E3%82%B9%E3%82%AF%E7%92%B0%E5%A2%83%E3%82%92%E5%8F%B6%E3%81%88: ('invalid_grant: Token has been expired or revoked.', {'error': 'invalid_grant', 'error_description': 'Token has been expired or revoked.'})
   ❌ Failed request for https://www.mikke-style.com/articles/20260521-%E5%85%89%E3%81%AE%E8%B3%AA%E3%81%8C%E9%83%A8%E5%B1%8B%E3%81%AE%E6%99%82%E9%96%93%E3%82%92%E5%A4%89%E3%81%88%E3%82%8B%E3%82%A4%E3%83%B3%E3%83%86%E3%83%AA%E3%82%A2%E7%85%A7%E6%98%8E%E3%83%86%E3%83%BC%E3%83%96%E3%83%AB%E3%83%A9: ('invalid_grant: Token has been expired or revoked.', {'error': 'invalid_grant', 'error_description': 'Token has been expired or revoked.'})
   ❌ Failed request for https://www.mikke-style.com/articles/20260521-%E6%9B%B8%E3%81%8F%E3%81%93%E3%81%A8%E3%81%A7%E6%80%9D%E8%80%83%E3%81%8C%E7%A0%94%E3%81%8E%E6%BE%84%E3%81%BE%E3%81%95%E3%82%8C%E3%82%8B%E6%89%8B%E6%9B%B8%E3%81%8D%E6%B4%BE%E3%81%AE%E3%81%9F%E3%82%81%E3%81%AE%E3%83%8E%E3%83%BC: ('invalid_grant: Token has been expired or revoked.', {'error': 'invalid_grant', 'error_description': 'Token has been expired or revoked.'})
   ❌ Failed request for https://www.mikke-style.com/articles/20260522-%E7%84%9A%E3%81%8D%E7%81%AB%E3%81%AE%E5%89%8D%E3%81%AB%E9%81%93%E5%85%B7%E3%82%92%E9%81%B8%E3%81%B6%E3%82%AD%E3%83%A3%E3%83%B3%E3%83%97%E8%AA%BF%E7%90%86%E3%82%92%E6%B7%B1%E3%82%81%E3%82%8B%E9%81%93%E5%85%B76%E9%81%B8: ('invalid_grant: Token has been expired or revoked.', {'error': 'invalid_grant', 'error_description': 'Token has been expired or revoked.'})
   ❌ Failed request for https://www.mikke-style.com/articles/20260523-2026%E5%B9%B4%E6%9C%80%E6%96%B0%E6%97%A5%E7%84%BC%E3%81%91%E6%AD%A2%E3%82%81%E3%81%8A%E3%81%99%E3%81%99%E3%82%81%E4%BA%BA%E6%B0%97%E3%83%A9%E3%83%B3%E3%82%AD%E3%83%B3%E3%82%B0%E7%B5%B6%E5%AF%BE%E3%81%AB%E7%84%BC%E3%81%8B%E3%81%AA%E3%81%84: ('invalid_grant: Token has been expired or revoked.', {'error': 'invalid_grant', 'error_description': 'Token has been expired or revoked.'})
   ❌ Failed request for https://www.mikke-style.com/articles/20260523-%E3%82%82%E3%81%97%E3%82%82%E3%82%92%E6%97%A5%E5%B8%B8%E3%81%AB%E3%81%99%E3%82%8B%E9%98%B2%E7%81%BD%E3%83%9D%E3%83%BC%E3%83%81%E3%81%AB%E5%85%A5%E3%82%8C%E3%81%9F%E3%81%84%E3%82%B0%E3%83%83%E3%82%BA6%E9%81%B8: ('invalid_grant: Token has been expired or revoked.', {'error': 'invalid_grant', 'error_description': 'Token has been expired or revoked.'})
   ❌ Failed request for https://www.mikke-style.com/articles/20260523-%E7%9B%AE%E8%A6%9A%E3%82%81%E3%81%AE%E8%89%AF%E3%81%95%E3%81%AF%E5%A4%9C%E3%81%AB%E8%A8%AD%E8%A8%88%E3%81%95%E3%82%8C%E3%82%8B%E7%9D%A1%E7%9C%A0%E7%92%B0%E5%A2%83%E3%82%92%E6%95%B4%E3%81%88%E3%82%8B%E5%AF%9D%E5%AE%A4%E3%82%A2: ('invalid_grant: Token has been expired or revoked.', {'error': 'invalid_grant', 'error_description': 'Token has been expired or revoked.'})
   ❌ Failed request for https://www.mikke-style.com/articles/20260524-%E6%9C%9D%E3%81%AE5%E5%88%86%E3%82%92%E4%BD%93%E3%81%AB%E8%BF%94%E3%81%99%E5%9C%A8%E5%AE%85%E3%83%AF%E3%83%BC%E3%82%AB%E3%83%BC%E3%81%8C%E9%81%B8%E3%81%B6%E3%82%B9%E3%83%88%E3%83%AC%E3%83%83%E3%83%81%E3%82%B1%E3%82%A2: ('invalid_grant: Token has been expired or revoked.', {'error': 'invalid_grant', 'error_description': 'Token has been expired or revoked.'})
   ❌ Failed request for https://www.mikke-style.com/articles/20260525-smartwatch-comparison: ('invalid_grant: Token has been expired or revoked.', {'error': 'invalid_grant', 'error_description': 'Token has been expired or revoked.'})
   ❌ Failed request for https://www.mikke-style.com/articles/20260525-%E5%8F%B0%E6%89%80%E3%81%AB%E8%81%B7%E4%BA%BA%E3%81%AE%E6%84%8F%E5%BF%97%E3%82%92%E7%BD%AE%E3%81%8F%E6%96%99%E7%90%86%E5%A5%BD%E3%81%8D%E3%81%8C%E8%AA%8D%E3%82%81%E3%82%8B%E6%9C%AC%E6%A0%BC%E3%82%AD%E3%83%83%E3%83%81%E3%83%B3: ('invalid_grant: Token has been expired or revoked.', {'error': 'invalid_grant', 'error_description': 'Token has been expired or revoked.'})
   ❌ Failed request for https://www.mikke-style.com/articles/20260526-best-shampoos-for-damaged-hair: ('invalid_grant: Token has been expired or revoked.', {'error': 'invalid_grant', 'error_description': 'Token has been expired or revoked.'})
   ❌ Failed request for https://www.mikke-style.com/articles/20260526-daily-life-water-bottle-guide: ('invalid_grant: Token has been expired or revoked.', {'error': 'invalid_grant', 'error_description': 'Token has been expired or revoked.'})
   ❌ Failed request for https://www.mikke-style.com/articles/20260526-mac-mini-monitors: ('invalid_grant: Token has been expired or revoked.', {'error': 'invalid_grant', 'error_description': 'Token has been expired or revoked.'})
   ❌ Failed request for https://www.mikke-style.com/articles/20260526-stroller-selection-guide: ('invalid_grant: Token has been expired or revoked.', {'error': 'invalid_grant', 'error_description': 'Token has been expired or revoked.'})
   ❌ Failed request for https://www.mikke-style.com/articles/20260526-%E7%84%9A%E3%81%8D%E7%81%AB%E3%81%AE%E5%89%8D%E3%81%AB%E9%81%93%E5%85%B7%E3%82%92%E9%81%B8%E3%81%B6%E3%82%AD%E3%83%A3%E3%83%B3%E3%83%97%E8%AA%BF%E7%90%86%E3%82%92%E6%B7%B1%E3%82%81%E3%82%8B%E9%81%93%E5%85%B76%E9%81%B8: ('invalid_grant: Token has been expired or revoked.', {'error': 'invalid_grant', 'error_description': 'Token has been expired or revoked.'})
   ❌ Failed request for https://www.mikke-style.com/articles/20260529-aroma-diffusers: ('invalid_grant: Token has been expired or revoked.', {'error': 'invalid_grant', 'error_description': 'Token has been expired or revoked.'})
   ❌ Failed request for https://www.mikke-style.com/articles/20260529-hair-dryers: ('invalid_grant: Token has been expired or revoked.', {'error': 'invalid_grant', 'error_description': 'Token has been expired or revoked.'})
   ❌ Failed request for https://www.mikke-style.com/articles/20260529-regal-business-shoes: ('invalid_grant: Token has been expired or revoked.', {'error': 'invalid_grant', 'error_description': 'Token has been expired or revoked.'})
   ❌ Failed request for https://www.mikke-style.com/articles/20260530-keyboards: ('invalid_grant: Token has been expired or revoked.', {'error': 'invalid_grant', 'error_description': 'Token has been expired or revoked.'})
   ❌ Failed request for https://www.mikke-style.com/articles/20260530-%E6%A4%8D%E7%89%A9%E8%82%B2%E6%88%90%E3%83%A9%E3%82%A4%E3%83%88%E3%81%AE%E3%81%8A%E3%81%99%E3%81%99%E3%82%81%E4%BA%BA%E6%B0%97%E3%83%A9%E3%83%B3%E3%82%AD%E3%83%B3%E3%82%B0: ('invalid_grant: Token has been expired or revoked.', {'error': 'invalid_grant', 'error_description': 'Token has been expired or revoked.'})
   ❌ Failed request for https://www.mikke-style.com/articles/20260531-aquarium-led-lights: ('invalid_grant: Token has been expired or revoked.', {'error': 'invalid_grant', 'error_description': 'Token has been expired or revoked.'})
   ❌ Failed request for https://www.mikke-style.com/articles/20260531-umbrellas: ('invalid_grant: Token has been expired or revoked.', {'error': 'invalid_grant', 'error_description': 'Token has been expired or revoked.'})
   ❌ Failed request for https://www.mikke-style.com/articles/20260603-eyeliner-comparison: ('invalid_grant: Token has been expired or revoked.', {'error': 'invalid_grant', 'error_description': 'Token has been expired or revoked.'})
   ❌ Failed request for https://www.mikke-style.com/articles/20260607-cleansing-oil: ('invalid_grant: Token has been expired or revoked.', {'error': 'invalid_grant', 'error_description': 'Token has been expired or revoked.'})
   ❌ Failed request for https://www.mikke-style.com/articles/20260607-serum: ('invalid_grant: Token has been expired or revoked.', {'error': 'invalid_grant', 'error_description': 'Token has been expired or revoked.'})
   ❌ Failed request for https://www.mikke-style.com/articles/20260608-face-mask: ('invalid_grant: Token has been expired or revoked.', {'error': 'invalid_grant', 'error_description': 'Token has been expired or revoked.'})
   ❌ Failed request for https://www.mikke-style.com/articles/20260608-toner: ('invalid_grant: Token has been expired or revoked.', {'error': 'invalid_grant', 'error_description': 'Token has been expired or revoked.'})
   ❌ Failed request for https://www.mikke-style.com/articles/20260609-cleansing-balm: ('invalid_grant: Token has been expired or revoked.', {'error': 'invalid_grant', 'error_description': 'Token has been expired or revoked.'})
   ❌ Failed request for https://www.mikke-style.com/articles/20260610-cleanser: ('invalid_grant: Token has been expired or revoked.', {'error': 'invalid_grant', 'error_description': 'Token has been expired or revoked.'})
   ❌ Failed request for https://www.mikke-style.com/articles/20260610-cleansing-gel: ('invalid_grant: Token has been expired or revoked.', {'error': 'invalid_grant', 'error_description': 'Token has been expired or revoked.'})
   ❌ Failed request for https://www.mikke-style.com/articles/20260611-booster: ('invalid_grant: Token has been expired or revoked.', {'error': 'invalid_grant', 'error_description': 'Token has been expired or revoked.'})
   ❌ Failed request for https://www.mikke-style.com/articles/20260611-lip-serum: ('invalid_grant: Token has been expired or revoked.', {'error': 'invalid_grant', 'error_description': 'Token has been expired or revoked.'})
   ❌ Failed request for https://www.mikke-style.com/articles/20260612-emulsion: ('invalid_grant: Token has been expired or revoked.', {'error': 'invalid_grant', 'error_description': 'Token has been expired or revoked.'})
   ❌ Failed request for https://www.mikke-style.com/articles/20260612-face-cream: ('invalid_grant: Token has been expired or revoked.', {'error': 'invalid_grant', 'error_description': 'Token has been expired or revoked.'})
   ❌ Failed request for https://www.mikke-style.com/articles/20260613-daily-pack: ('invalid_grant: Token has been expired or revoked.', {'error': 'invalid_grant', 'error_description': 'Token has been expired or revoked.'})
   ❌ Failed request for https://www.mikke-style.com/articles/20260614-affordable-cleanser: ('invalid_grant: Token has been expired or revoked.', {'error': 'invalid_grant', 'error_description': 'Token has been expired or revoked.'})
   ❌ Failed request for https://www.mikke-style.com/articles/20260614-peeling-serum: ('invalid_grant: Token has been expired or revoked.', {'error': 'invalid_grant', 'error_description': 'Token has been expired or revoked.'})
   ❌ Failed request for https://www.mikke-style.com/articles/20260615-mens-face-wash: ('invalid_grant: Token has been expired or revoked.', {'error': 'invalid_grant', 'error_description': 'Token has been expired or revoked.'})
   ❌ Failed request for https://www.mikke-style.com/articles/20260615-sheet-masks-for-40s: ('invalid_grant: Token has been expired or revoked.', {'error': 'invalid_grant', 'error_description': 'Token has been expired or revoked.'})
   ❌ Failed request for https://www.mikke-style.com/articles/20260616-face-wash: ('invalid_grant: Token has been expired or revoked.', {'error': 'invalid_grant', 'error_description': 'Token has been expired or revoked.'})
   ❌ Failed request for https://www.mikke-style.com/articles/20260616-hand-cream: ('invalid_grant: Token has been expired or revoked.', {'error': 'invalid_grant', 'error_description': 'Token has been expired or revoked.'})
   ❌ Failed request for https://www.mikke-style.com/articles/20260617-wet-cleanser: ('invalid_grant: Token has been expired or revoked.', {'error': 'invalid_grant', 'error_description': 'Token has been expired or revoked.'})
   ❌ Failed request for https://www.mikke-style.com/articles/20260618-affordable-booster: ('invalid_grant: Token has been expired or revoked.', {'error': 'invalid_grant', 'error_description': 'Token has been expired or revoked.'})
   ❌ Failed request for https://www.mikke-style.com/articles/20260619-cleansing-balm: ('invalid_grant: Token has been expired or revoked.', {'error': 'invalid_grant', 'error_description': 'Token has been expired or revoked.'})
   ❌ Failed request for https://www.mikke-style.com/articles/20260619-mascara: ('invalid_grant: Token has been expired or revoked.', {'error': 'invalid_grant', 'error_description': 'Token has been expired or revoked.'})
   ❌ Failed request for https://www.mikke-style.com/articles/20260620-article-001: ('invalid_grant: Token has been expired or revoked.', {'error': 'invalid_grant', 'error_description': 'Token has been expired or revoked.'})
   ❌ Failed request for https://www.mikke-style.com/articles/20260620-serum: ('invalid_grant: Token has been expired or revoked.', {'error': 'invalid_grant', 'error_description': 'Token has been expired or revoked.'})
   ❌ Failed request for https://www.mikke-style.com/articles/20260621-article-001: ('invalid_grant: Token has been expired or revoked.', {'error': 'invalid_grant', 'error_description': 'Token has been expired or revoked.'})
   ❌ Failed request for https://www.mikke-style.com/articles/20260621-serum: ('invalid_grant: Token has been expired or revoked.', {'error': 'invalid_grant', 'error_description': 'Token has been expired or revoked.'})
   ❌ Failed request for https://www.mikke-style.com/articles/20260622-article-001: ('invalid_grant: Token has been expired or revoked.', {'error': 'invalid_grant', 'error_description': 'Token has been expired or revoked.'})
   ❌ Failed request for https://www.mikke-style.com/articles/20260622-toner: ('invalid_grant: Token has been expired or revoked.', {'error': 'invalid_grant', 'error_description': 'Token has been expired or revoked.'})
   ❌ Failed request for https://www.mikke-style.com/articles/20260624-beauty: ('invalid_grant: Token has been expired or revoked.', {'error': 'invalid_grant', 'error_description': 'Token has been expired or revoked.'})
   ❌ Failed request for https://www.mikke-style.com/articles/20260624-treatment: ('invalid_grant: Token has been expired or revoked.', {'error': 'invalid_grant', 'error_description': 'Token has been expired or revoked.'})
   ❌ Failed request for https://www.mikke-style.com/articles/20260625-beauty: ('invalid_grant: Token has been expired or revoked.', {'error': 'invalid_grant', 'error_description': 'Token has been expired or revoked.'})
   ❌ Failed request for https://www.mikke-style.com/articles/20260625-serum: ('invalid_grant: Token has been expired or revoked.', {'error': 'invalid_grant', 'error_description': 'Token has been expired or revoked.'})
   ❌ Failed request for https://www.mikke-style.com/articles/20260626-beauty: ('invalid_grant: Token has been expired or revoked.', {'error': 'invalid_grant', 'error_description': 'Token has been expired or revoked.'})
   ❌ Failed request for https://www.mikke-style.com/articles/20260627-beauty: ('invalid_grant: Token has been expired or revoked.', {'error': 'invalid_grant', 'error_description': 'Token has been expired or revoked.'})
   ❌ Failed request for https://www.mikke-style.com/articles/20260628-beauty: ('invalid_grant: Token has been expired or revoked.', {'error': 'invalid_grant', 'error_description': 'Token has been expired or revoked.'})
   ❌ Failed request for https://www.mikke-style.com/articles/20260629-beauty: ('invalid_grant: Token has been expired or revoked.', {'error': 'invalid_grant', 'error_description': 'Token has been expired or revoked.'})
   ❌ Failed request for https://www.mikke-style.com/articles/20260702-beauty-2: ('invalid_grant: Token has been expired or revoked.', {'error': 'invalid_grant', 'error_description': 'Token has been expired or revoked.'})
   ❌ Failed request for https://www.mikke-style.com/articles/20260702-beauty: ('invalid_grant: Token has been expired or revoked.', {'error': 'invalid_grant', 'error_description': 'Token has been expired or revoked.'})
   ❌ Failed request for https://www.mikke-style.com/articles/20260703-beauty-1: ('invalid_grant: Token has been expired or revoked.', {'error': 'invalid_grant', 'error_description': 'Token has been expired or revoked.'})
   ❌ Failed request for https://www.mikke-style.com/articles/20260703-beauty-2: ('invalid_grant: Token has been expired or revoked.', {'error': 'invalid_grant', 'error_description': 'Token has been expired or revoked.'})
   ❌ Failed request for https://www.mikke-style.com/articles/20260704-beauty-1: ('invalid_grant: Token has been expired or revoked.', {'error': 'invalid_grant', 'error_description': 'Token has been expired or revoked.'})
   ❌ Failed request for https://www.mikke-style.com/articles/cleansing-oil-real: ('invalid_grant: Token has been expired or revoked.', {'error': 'invalid_grant', 'error_description': 'Token has been expired or revoked.'})
✅ Indexing requests sent: 0/109
🔄 [Step 3] Analyzing GA4 Traffic and PV Growth...
🔄 [Step 4] Detecting Articles with low internal links (< 3)...

⚠️ --- Articles with Low Internal Links (< 3) ---
Article Slug                                                      | Internal Links Count
------------------------------------------------------------------------------------------
20260709-cream                                                    | 0                   
20260530-植物育成ライトのおすすめ人気ランキング                                      | 0                   
20260516-夜の静寂に活字が溶ける電子書籍リーダーeインクデバ                                | 1                   
20260412-2026年春テレワークが劇的に捗るデスク周りのおすすめガジェ                           | 1                   
20260507-浴室を一日の終わりの聖域にバスタイムケアグッズ6選                                | 1                   
20260512-部屋に余白とゆとりを紡ぐ省スペースを叶える静音便利                                | 2                   
20260708-beauty-1                                                 | 0                   
20260523-2026年最新日焼け止めおすすめ人気ランキング絶対に焼かない                           | 0                   
20260413-2026年最新忙しい朝を劇的に変える暮らしの質が上がる厳選時                           | 2                   
20260707-beauty                                                   | 0                   
20260420-新製品レビュー：最新の日焼け止めクリーム                                     | 1                   
20260521-書くことで思考が研ぎ澄まされる手書き派のためのノー                                | 1                   
20260509-髪をちゃんといたわるサロン品質ヘアケアアイテム6選                                | 1                   
20260525-smartwatch-comparison                                    | 0                   
20260520-2026年最新プロが厳選エイジングケア美容液おすすめ人気ラン                           | 0                   
20260709-beauty-1                                                 | 0                   
20260707-beauty-2                                                 | 0                   
20260517-音で変わる朝のリズムノイズキャンセリングイヤホン-                                | 1                   
20260429-豆から始まる朝の時間割スペシャルティコーヒー器具6                                | 2                   
20260518-焚き火の夜がもっと好きになるキャンプアウトドアギア                                | 1                   
20260519-焚き火の前の静かな時間アウトドアギア-精鋭6選                                  | 1                   
20260708-beauty-2                                                 | 0                   
20260412-2026年春テレワークが劇的に捗るデスク周りのおすすめガジェ-fix                       | 0                   
20260515-寝室の空気を香りから設計する夜インテリアフレグラン                                | 1                   
------------------------------------------------------------------------------------------
Total articles with low links: 24

=== SEO Automation Run Finished ===

/Users/tsukika/Library/Python/3.9/lib/python/site-packages/google/oauth2/__init__.py:40: FutureWarning: You are using a Python version 3.9 past its end of life. Google will update google-auth with critical bug fixes on a best-effort basis, but not with any other fixes or features. Please upgrade your Python version, and then update google-auth.
  warnings.warn(eol_message.format("3.9"), FutureWarning)
/Users/tsukika/Library/Python/3.9/lib/python/site-packages/google/auth/__init__.py:54: FutureWarning: You are using a Python version 3.9 past its end of life. Google will update google-auth with critical bug fixes on a best-effort basis, but not with any other fixes or features. Please upgrade your Python version, and then update google-auth.
  warnings.warn(eol_message.format("3.9"), FutureWarning)
/Users/tsukika/Library/Python/3.9/lib/python/site-packages/google/api_core/_python_version_support.py:242: FutureWarning: You are using a non-supported Python version (3.9.6). Google will not post any further updates to google.api_core supporting this Python version. Please upgrade to the latest Python version, or at least Python 3.10, and then update google.api_core.
  warnings.warn(message, FutureWarning)
/Users/tsukika/Library/Python/3.9/lib/python/site-packages/urllib3/__init__.py:35: NotOpenSSLWarning: urllib3 v2 only supports OpenSSL 1.1.1+, currently the 'ssl' module is compiled with 'LibreSSL 2.8.3'. See: https://github.com/urllib3/urllib3/issues/3020
  warnings.warn(
/Users/tsukika/Library/Python/3.9/lib/python/site-packages/google/api_core/_python_version_support.py:242: FutureWarning: You are using a non-supported Python version (3.9.6). Google will not post any further updates to google.analytics.data_v1beta supporting this Python version. Please upgrade to the latest Python version, or at least Python 3.10, and then update google.analytics.data_v1beta.
  warnings.warn(message, FutureWarning)
=== SEO Automation Run: 2026-07-08 06:01:11 ===
🔄 [Step 1] Updating Sitemap via Next-Sitemap...
❌ Failed to update sitemap: [Errno 2] No such file or directory: 'npx'
🔄 [Step 2] Sending URL Indexing Requests...
🔑 Authenticating with OAuth 2.0 Playground credentials...
   ❌ Failed request for https://www.mikke-style.com/articles/20260412-2026%E5%B9%B4%E6%98%A5%E3%83%86%E3%83%AC%E3%83%AF%E3%83%BC%E3%82%AF%E3%81%8C%E5%8A%87%E7%9A%84%E3%81%AB%E6%8D%97%E3%82%8B%E3%83%87%E3%82%B9%E3%82%AF%E5%91%A8%E3%82%8A%E3%81%AE%E3%81%8A%E3%81%99%E3%81%99%E3%82%81%E3%82%AC%E3%82%B8%E3%82%A7: ('invalid_grant: Token has been expired or revoked.', {'error': 'invalid_grant', 'error_description': 'Token has been expired or revoked.'})
   ❌ Failed request for https://www.mikke-style.com/articles/20260413-2026%E5%B9%B4%E6%9C%80%E6%96%B0%E5%BF%99%E3%81%97%E3%81%84%E6%9C%9D%E3%82%92%E5%8A%87%E7%9A%84%E3%81%AB%E5%A4%89%E3%81%88%E3%82%8B%E6%9A%AE%E3%82%89%E3%81%97%E3%81%AE%E8%B3%AA%E3%81%8C%E4%B8%8A%E3%81%8C%E3%82%8B%E5%8E%B3%E9%81%B8%E6%99%82: ('invalid_grant: Token has been expired or revoked.', {'error': 'invalid_grant', 'error_description': 'Token has been expired or revoked.'})
   ❌ Failed request for https://www.mikke-style.com/articles/20260415-gw-travel-outdoor: ('invalid_grant: Token has been expired or revoked.', {'error': 'invalid_grant', 'error_description': 'Token has been expired or revoked.'})
   ❌ Failed request for https://www.mikke-style.com/articles/20260418-skincare-spring: ('invalid_grant: Token has been expired or revoked.', {'error': 'invalid_grant', 'error_description': 'Token has been expired or revoked.'})
   ❌ Failed request for https://www.mikke-style.com/articles/20260419-ps5-apple-a19-hikaku: ('invalid_grant: Token has been expired or revoked.', {'error': 'invalid_grant', 'error_description': 'Token has been expired or revoked.'})
   ❌ Failed request for https://www.mikke-style.com/articles/20260420-%E6%96%B0%E8%A3%BD%E5%93%81%E3%83%AC%E3%83%93%E3%83%A5%E3%83%BC%EF%BC%9A%E6%9C%80%E6%96%B0%E3%81%AE%E6%97%A5%E7%84%BC%E3%81%91%E6%AD%A2%E3%82%81%E3%82%AF%E3%83%AA%E3%83%BC%E3%83%A0: ('invalid_grant: Token has been expired or revoked.', {'error': 'invalid_grant', 'error_description': 'Token has been expired or revoked.'})
   ❌ Failed request for https://www.mikke-style.com/articles/20260420-%E6%98%A5%E3%81%AE%E6%96%B0%E7%94%9F%E6%B4%BB%E3%81%AB%E3%81%B4%E3%81%A3%E3%81%9F%E3%82%8A%E3%81%AE%E3%82%A4%E3%83%B3%E3%83%86%E3%83%AA%E3%82%A2%E3%82%A2%E3%82%A4%E3%83%86%E3%83%A0: ('invalid_grant: Token has been expired or revoked.', {'error': 'invalid_grant', 'error_description': 'Token has been expired or revoked.'})
   ❌ Failed request for https://www.mikke-style.com/articles/20260422-2026%E5%B9%B4%E6%98%A5%E8%8A%B1%E7%B2%89%E7%B4%AB%E5%A4%96%E7%B7%9A%E3%83%80%E3%83%96%E3%83%AB%E5%AF%BE%E7%AD%96%E8%82%8C%E3%82%92%E5%AE%88%E3%82%8B%E3%82%B9%E3%82%AD%E3%83%B3%E3%82%B1%E3%82%A2: ('invalid_grant: Token has been expired or revoked.', {'error': 'invalid_grant', 'error_description': 'Token has been expired or revoked.'})
   ❌ Failed request for https://www.mikke-style.com/articles/20260422-2026%E5%B9%B4%E6%9C%80%E6%96%B0%E5%88%9D%E5%BF%83%E8%80%85%E3%81%A7%E3%82%82%E4%BD%BF%E3%81%84%E3%82%84%E3%81%99%E3%81%84%E3%82%B3%E3%82%B9%E3%83%91%E6%9C%80%E5%BC%B7%E3%83%9F%E3%83%A9%E3%83%BC: ('invalid_grant: Token has been expired or revoked.', {'error': 'invalid_grant', 'error_description': 'Token has been expired or revoked.'})
   ❌ Failed request for https://www.mikke-style.com/articles/20260423-2026%E5%B9%B4%E6%9C%80%E6%96%B0%E4%B9%BE%E7%87%A5%E8%82%8C%E3%81%95%E3%82%93%E5%BF%85%E8%A6%8B%E3%83%97%E3%83%81%E3%83%97%E3%83%A9%E3%81%AA%E3%81%AE%E3%81%AB%E5%AE%9F%E5%8A%9B%E6%B4%BE%E3%82%B9: ('invalid_grant: Token has been expired or revoked.', {'error': 'invalid_grant', 'error_description': 'Token has been expired or revoked.'})
   ❌ Failed request for https://www.mikke-style.com/articles/20260423-%E6%99%82%E7%9F%AD%E3%83%A9%E3%82%AF%E5%AE%B6%E4%BA%8B%E6%96%99%E7%90%86%E3%81%8C%E6%A5%BD%E3%81%97%E3%81%8F%E3%81%AA%E3%82%8B%E3%82%AD%E3%83%83%E3%83%81%E3%83%B3%E4%BE%BF%E5%88%A9%E3%82%B0%E3%83%83%E3%82%BA7%E9%81%B8: ('invalid_grant: Token has been expired or revoked.', {'error': 'invalid_grant', 'error_description': 'Token has been expired or revoked.'})
   ❌ Failed request for https://www.mikke-style.com/articles/20260424-2026%E5%B9%B4%E6%9C%80%E6%96%B0%E3%83%A1%E3%83%B3%E3%82%BA%E3%82%B9%E3%82%AD%E3%83%B3%E3%82%B1%E3%82%A2%E5%88%9D%E5%BF%83%E8%80%85%E5%BF%85%E8%A6%8B%E6%9C%AC%E5%BD%93%E3%81%AB%E8%B2%B7%E3%81%86: ('invalid_grant: Token has been expired or revoked.', {'error': 'invalid_grant', 'error_description': 'Token has been expired or revoked.'})
   ❌ Failed request for https://www.mikke-style.com/articles/20260424-2026%E5%B9%B4%E7%9D%A1%E7%9C%A0%E3%81%AE%E8%B3%AA%E3%82%92%E4%B8%8A%E3%81%92%E3%81%9F%E3%81%84%E4%BA%BA%E3%81%B8%E3%81%8A%E3%81%99%E3%81%99%E3%82%81%E5%BF%AB%E7%9C%A0%E3%82%B0%E3%83%83%E3%82%BA: ('invalid_grant: Token has been expired or revoked.', {'error': 'invalid_grant', 'error_description': 'Token has been expired or revoked.'})
   ❌ Failed request for https://www.mikke-style.com/articles/20260424-2026%E5%B9%B4%E8%87%AA%E5%AE%85%E3%81%A7%E3%81%A8%E3%81%A8%E3%81%AE%E3%81%86%E3%82%B5%E3%82%A6%E3%83%8A%E5%A5%BD%E3%81%8D%E3%81%8C%E9%81%B8%E3%81%B6%E3%81%8A%E3%81%99%E3%81%99%E3%82%81%E6%B8%A9: ('invalid_grant: Token has been expired or revoked.', {'error': 'invalid_grant', 'error_description': 'Token has been expired or revoked.'})
   ❌ Failed request for https://www.mikke-style.com/articles/20260426-2026%E5%B9%B4%E4%BF%9D%E5%AD%98%E7%89%88%E9%98%B2%E7%81%BD%E3%82%A2%E3%82%A6%E3%83%88%E3%83%89%E3%82%A2%E3%81%AB%E5%BD%B9%E7%AB%8B%E3%81%A4%E3%83%9D%E3%83%BC%E3%82%BF%E3%83%96%E3%83%AB%E9%9B%BB: ('invalid_grant: Token has been expired or revoked.', {'error': 'invalid_grant', 'error_description': 'Token has been expired or revoked.'})
   ❌ Failed request for https://www.mikke-style.com/articles/20260426-2026%E5%B9%B4%E6%9C%80%E6%96%B0%E5%81%A5%E5%BA%B7%E7%AE%A1%E7%90%86%E3%81%AB%E5%BD%B9%E7%AB%8B%E3%81%A4%E3%82%B9%E3%83%9E%E3%83%BC%E3%83%88%E3%82%A6%E3%82%A9%E3%83%83%E3%83%81%E3%81%8A%E3%81%99: ('invalid_grant: Token has been expired or revoked.', {'error': 'invalid_grant', 'error_description': 'Token has been expired or revoked.'})
   ❌ Failed request for https://www.mikke-style.com/articles/20260426-2026%E5%B9%B4%E6%9C%80%E6%96%B0%E5%A4%B1%E6%95%97%E3%81%97%E3%81%AA%E3%81%84%E3%83%8E%E3%82%A4%E3%82%BA%E3%82%AD%E3%83%A3%E3%83%B3%E3%82%BB%E3%83%AA%E3%83%B3%E3%82%B0%E6%90%AD%E8%BC%89%E3%83%AF: ('invalid_grant: Token has been expired or revoked.', {'error': 'invalid_grant', 'error_description': 'Token has been expired or revoked.'})
   ❌ Failed request for https://www.mikke-style.com/articles/20260427-2026%E5%B9%B4%E7%BE%8E%E5%AE%B9%E5%A5%BD%E3%81%8D%E3%81%8C%E3%83%AA%E3%83%94%E8%B2%B7%E3%81%84%E8%A9%B1%E9%A1%8C%E3%81%AE%E9%9F%93%E5%9B%BD%E3%82%B3%E3%82%B9%E3%83%A1%E3%81%8A%E3%81%99%E3%81%99: ('invalid_grant: Token has been expired or revoked.', {'error': 'invalid_grant', 'error_description': 'Token has been expired or revoked.'})
   ❌ Failed request for https://www.mikke-style.com/articles/20260427-%E3%83%87%E3%82%B9%E3%82%AF%E3%81%AB%E9%9D%99%E3%81%91%E3%81%95%E3%82%92%E8%A8%AD%E8%A8%88%E3%81%99%E3%82%8B%E5%9C%A8%E5%AE%85%E3%83%AF%E3%83%BC%E3%82%AF%E7%92%B0%E5%A2%83%E3%82%92%E6%95%B4%E3%81%88%E3%82%8B%E3%82%AC%E3%82%B8: ('invalid_grant: Token has been expired or revoked.', {'error': 'invalid_grant', 'error_description': 'Token has been expired or revoked.'})
   ❌ Failed request for https://www.mikke-style.com/articles/20260429-%E6%98%8E%E6%97%A5%E3%81%AE%E6%9C%9D%E3%81%8C%E5%A4%89%E3%82%8F%E3%82%8B%E5%A4%9C%E3%81%AE%E9%AB%AA%E6%99%82%E9%96%93%E3%83%98%E3%82%A2%E3%83%88%E3%83%AA%E3%83%BC%E3%83%88%E3%83%A1%E3%83%B3%E3%83%88%E3%83%8A%E3%82%A4%E3%83%88: ('invalid_grant: Token has been expired or revoked.', {'error': 'invalid_grant', 'error_description': 'Token has been expired or revoked.'})
   ❌ Failed request for https://www.mikke-style.com/articles/20260429-%E8%B1%86%E3%81%8B%E3%82%89%E5%A7%8B%E3%81%BE%E3%82%8B%E6%9C%9D%E3%81%AE%E6%99%82%E9%96%93%E5%89%B2%E3%82%B9%E3%83%9A%E3%82%B7%E3%83%A3%E3%83%AB%E3%83%86%E3%82%A3%E3%82%B3%E3%83%BC%E3%83%92%E3%83%BC%E5%99%A8%E5%85%B76: ('invalid_grant: Token has been expired or revoked.', {'error': 'invalid_grant', 'error_description': 'Token has been expired or revoked.'})
   ❌ Failed request for https://www.mikke-style.com/articles/20260429-%E9%83%A8%E5%B1%8B%E3%81%AB%E4%BD%99%E7%99%BD%E3%82%92%E7%BD%AE%E3%81%8F%E4%B8%80%E4%BA%BA%E6%9A%AE%E3%82%89%E3%81%97%E3%83%9F%E3%83%8B%E3%83%9E%E3%83%AA%E3%82%B9%E3%83%88%E3%81%AE%E3%82%A4%E3%83%B3%E3%83%86%E3%83%AA%E3%82%A2: ('invalid_grant: Token has been expired or revoked.', {'error': 'invalid_grant', 'error_description': 'Token has been expired or revoked.'})
   ❌ Failed request for https://www.mikke-style.com/articles/20260430-%E8%82%8C%E3%81%8C%E5%83%8D%E3%81%8F%E5%A4%9C%E3%81%AE%E3%81%9F%E3%82%81%E3%81%AB%E9%9F%93%E5%9B%BD%E7%99%BA%E3%83%8A%E3%82%A4%E3%83%88%E3%82%B9%E3%82%AD%E3%83%B3%E3%82%B1%E3%82%A26%E9%81%B8: ('invalid_grant: Token has been expired or revoked.', {'error': 'invalid_grant', 'error_description': 'Token has been expired or revoked.'})
   ❌ Failed request for https://www.mikke-style.com/articles/20260501-%E8%80%B3%E3%81%AB%E6%AD%A3%E7%9B%B4%E3%81%AA%E9%9F%B3%E3%82%92%E5%B1%8A%E3%81%91%E3%82%8B%E3%83%97%E3%83%AC%E3%83%9F%E3%82%A2%E3%83%A0%E3%83%AF%E3%82%A4%E3%83%A4%E3%83%AC%E3%82%B9%E3%82%A4%E3%83%A4%E3%83%95%E3%82%A9%E3%83%B3: ('invalid_grant: Token has been expired or revoked.', {'error': 'invalid_grant', 'error_description': 'Token has been expired or revoked.'})
   ❌ Failed request for https://www.mikke-style.com/articles/20260504-%E9%9D%99%E9%9F%B3%E3%81%A8%E9%9B%86%E4%B8%AD%E3%82%92%E6%9C%BA%E3%81%AE%E4%B8%8A%E3%81%AB%E8%A8%AD%E8%A8%88%E3%81%99%E3%82%8B%E5%9C%A8%E5%AE%85%E3%83%AF%E3%83%BC%E3%82%AF%E7%92%B0%E5%A2%83%E3%82%92%E6%95%B4%E3%81%88%E3%82%8B: ('invalid_grant: Token has been expired or revoked.', {'error': 'invalid_grant', 'error_description': 'Token has been expired or revoked.'})
   ❌ Failed request for https://www.mikke-style.com/articles/20260505-%E5%A4%9C%E3%81%AE%E7%A9%BA%E6%B0%97%E3%82%92%E9%A6%99%E3%82%8A%E3%81%A7%E5%A1%97%E3%82%8A%E6%9B%BF%E3%81%88%E3%82%8B%E3%83%AB%E3%83%BC%E3%83%A0%E3%83%95%E3%83%AC%E3%82%B0%E3%83%A9%E3%83%B3%E3%82%B96%E9%81%B8: ('invalid_grant: Token has been expired or revoked.', {'error': 'invalid_grant', 'error_description': 'Token has been expired or revoked.'})
   ❌ Failed request for https://www.mikke-style.com/articles/20260507-%E6%B5%B4%E5%AE%A4%E3%82%92%E4%B8%80%E6%97%A5%E3%81%AE%E7%B5%82%E3%82%8F%E3%82%8A%E3%81%AE%E8%81%96%E5%9F%9F%E3%81%AB%E3%83%90%E3%82%B9%E3%82%BF%E3%82%A4%E3%83%A0%E3%82%B1%E3%82%A2%E3%82%B0%E3%83%83%E3%82%BA6%E9%81%B8: ('invalid_grant: Token has been expired or revoked.', {'error': 'invalid_grant', 'error_description': 'Token has been expired or revoked.'})
   ❌ Failed request for https://www.mikke-style.com/articles/20260508-%E7%94%B7%E3%81%AE%E8%82%8C%E3%82%82%E6%95%B4%E3%81%86%E6%99%82%E4%BB%A3%E3%81%B8%E3%83%A1%E3%83%B3%E3%82%BA%E3%82%B9%E3%82%AD%E3%83%B3%E3%82%B1%E3%82%A2%E3%82%92%E6%9C%AC%E6%A0%BC%E5%8C%96%E3%81%99%E3%82%8B%E7%BE%8E%E5%AE%B9: ('invalid_grant: Token has been expired or revoked.', {'error': 'invalid_grant', 'error_description': 'Token has been expired or revoked.'})
   ❌ Failed request for https://www.mikke-style.com/articles/20260509-%E6%96%99%E7%90%86%E3%81%8C%E5%A4%89%E3%82%8F%E3%82%8B%E9%81%93%E5%85%B7%E3%82%92%E5%A4%89%E3%81%88%E3%82%8B%E3%81%A0%E3%81%91%E3%81%A7%E6%9C%AC%E6%A0%BC%E3%82%AD%E3%83%83%E3%83%81%E3%83%B3%E3%83%84%E3%83%BC%E3%83%AB6: ('invalid_grant: Token has been expired or revoked.', {'error': 'invalid_grant', 'error_description': 'Token has been expired or revoked.'})
   ❌ Failed request for https://www.mikke-style.com/articles/20260509-%E9%AB%AA%E3%82%92%E3%81%A1%E3%82%83%E3%82%93%E3%81%A8%E3%81%84%E3%81%9F%E3%82%8F%E3%82%8B%E3%82%B5%E3%83%AD%E3%83%B3%E5%93%81%E8%B3%AA%E3%83%98%E3%82%A2%E3%82%B1%E3%82%A2%E3%82%A2%E3%82%A4%E3%83%86%E3%83%A06%E9%81%B8: ('invalid_grant: Token has been expired or revoked.', {'error': 'invalid_grant', 'error_description': 'Token has been expired or revoked.'})
   ❌ Failed request for https://www.mikke-style.com/articles/20260510-%E6%9C%BA%E3%81%AE%E4%B8%8A%E3%81%AB%E4%BB%95%E4%BA%8B%E3%81%AE%E4%BD%99%E7%99%BD%E3%82%92%E4%BD%9C%E3%82%8B%E5%9C%A8%E5%AE%85%E3%83%AF%E3%83%BC%E3%82%AB%E3%83%BC%E3%81%8C%E9%81%B8%E3%81%B6%E4%B8%8A%E8%B3%AA%E3%83%87%E3%82%B9: ('invalid_grant: Token has been expired or revoked.', {'error': 'invalid_grant', 'error_description': 'Token has been expired or revoked.'})
   ❌ Failed request for https://www.mikke-style.com/articles/20260510-%E9%9F%B3%E3%81%8C%E5%A4%89%E3%82%8F%E3%82%8B%E3%81%A8%E6%AF%8E%E6%97%A5%E3%81%8C%E5%A4%89%E3%82%8F%E3%82%8B%E3%81%93%E3%81%A0%E3%82%8F%E3%82%8A%E3%81%AE%E3%83%98%E3%83%83%E3%83%89%E3%83%9B%E3%83%B3%E3%82%A4%E3%83%A4%E3%83%9B: ('invalid_grant: Token has been expired or revoked.', {'error': 'invalid_grant', 'error_description': 'Token has been expired or revoked.'})
   ❌ Failed request for https://www.mikke-style.com/articles/20260511-%E7%81%AF%E3%82%92%E8%90%BD%E3%81%A8%E3%81%97%E3%81%A6%E3%81%8B%E3%82%89%E8%82%8C%E3%81%A8%E5%90%91%E3%81%8D%E5%90%88%E3%81%86%E5%A4%9C%E5%B0%B1%E5%AF%9D%E5%89%8D%E3%83%8A%E3%82%A4%E3%83%88%E3%82%B1%E3%82%A2%E3%82%B3%E3%82%B9: ('invalid_grant: Token has been expired or revoked.', {'error': 'invalid_grant', 'error_description': 'Token has been expired or revoked.'})
   ❌ Failed request for https://www.mikke-style.com/articles/20260511-%E9%9B%86%E4%B8%AD%E3%82%92%E5%A6%A8%E3%81%92%E3%81%AA%E3%81%84%E7%A7%98%E5%AF%86%E5%9F%BA%E5%9C%B0%E5%9C%A8%E5%AE%85%E3%83%AF%E3%83%BC%E3%82%AF%E3%81%AE%E8%B3%AA%E3%82%92%E9%AB%98%E3%82%81%E3%82%8B%E3%83%87%E3%82%B9%E3%82%AF: ('invalid_grant: Token has been expired or revoked.', {'error': 'invalid_grant', 'error_description': 'Token has been expired or revoked.'})
   ❌ Failed request for https://www.mikke-style.com/articles/20260512-%E9%83%A8%E5%B1%8B%E3%81%AB%E4%BD%99%E7%99%BD%E3%81%A8%E3%82%86%E3%81%A8%E3%82%8A%E3%82%92%E7%B4%A1%E3%81%90%E7%9C%81%E3%82%B9%E3%83%9A%E3%83%BC%E3%82%B9%E3%82%92%E5%8F%B6%E3%81%88%E3%82%8B%E9%9D%99%E9%9F%B3%E4%BE%BF%E5%88%A9: ('invalid_grant: Token has been expired or revoked.', {'error': 'invalid_grant', 'error_description': 'Token has been expired or revoked.'})
   ❌ Failed request for https://www.mikke-style.com/articles/20260513-%E5%A4%9C%E3%81%AE%E8%82%8C%E6%99%82%E9%96%93%E3%82%92%E4%B8%81%E5%AF%A7%E3%81%AB%E3%82%B9%E3%82%AD%E3%83%B3%E3%82%B1%E3%82%A2%E3%83%98%E3%82%A2%E3%82%B1%E3%82%A2%E3%81%AE%E6%9C%AC%E5%91%BD%E3%82%B3%E3%82%B9%E3%83%A16: ('invalid_grant: Token has been expired or revoked.', {'error': 'invalid_grant', 'error_description': 'Token has been expired or revoked.'})
   ❌ Failed request for https://www.mikke-style.com/articles/20260513-%E6%AF%8E%E6%9C%9D%E3%81%AE%E8%B3%AA%E3%81%8C%E5%A4%89%E3%82%8F%E3%82%8B%E7%94%9F%E6%B4%BB%E3%82%92%E6%95%B4%E3%81%88%E3%82%8B%E4%BE%BF%E5%88%A9%E3%82%B0%E3%83%83%E3%82%BA6%E9%81%B8: ('invalid_grant: Token has been expired or revoked.', {'error': 'invalid_grant', 'error_description': 'Token has been expired or revoked.'})
   ❌ Failed request for https://www.mikke-style.com/articles/20260514-%E6%AF%8E%E6%97%A5%E3%81%AE%E5%8F%B0%E6%89%80%E3%81%8C%E5%A5%BD%E3%81%8D%E3%81%AB%E3%81%AA%E3%82%8B%E3%82%AD%E3%83%83%E3%83%81%E3%83%B3%E9%9B%91%E8%B2%A8%E4%BF%9D%E5%AD%98%E5%AE%B9%E5%99%A8%E8%AA%BF%E7%90%86%E9%81%93%E5%85%B7: ('invalid_grant: Token has been expired or revoked.', {'error': 'invalid_grant', 'error_description': 'Token has been expired or revoked.'})
   ❌ Failed request for https://www.mikke-style.com/articles/20260515-%E5%AF%9D%E5%AE%A4%E3%81%AE%E7%A9%BA%E6%B0%97%E3%82%92%E9%A6%99%E3%82%8A%E3%81%8B%E3%82%89%E8%A8%AD%E8%A8%88%E3%81%99%E3%82%8B%E5%A4%9C%E3%82%A4%E3%83%B3%E3%83%86%E3%83%AA%E3%82%A2%E3%83%95%E3%83%AC%E3%82%B0%E3%83%A9%E3%83%B3: ('invalid_grant: Token has been expired or revoked.', {'error': 'invalid_grant', 'error_description': 'Token has been expired or revoked.'})
   ❌ Failed request for https://www.mikke-style.com/articles/20260516-%E5%A4%9C%E3%81%AE%E9%9D%99%E5%AF%82%E3%81%AB%E6%B4%BB%E5%AD%97%E3%81%8C%E6%BA%B6%E3%81%91%E3%82%8B%E9%9B%BB%E5%AD%90%E6%9B%B8%E7%B1%8D%E3%83%AA%E3%83%BC%E3%83%80%E3%83%BCe%E3%82%A4%E3%83%B3%E3%82%AF%E3%83%87%E3%83%90: ('invalid_grant: Token has been expired or revoked.', {'error': 'invalid_grant', 'error_description': 'Token has been expired or revoked.'})
   ❌ Failed request for https://www.mikke-style.com/articles/20260517-%E9%9F%B3%E3%81%A7%E5%A4%89%E3%82%8F%E3%82%8B%E6%9C%9D%E3%81%AE%E3%83%AA%E3%82%BA%E3%83%A0%E3%83%8E%E3%82%A4%E3%82%BA%E3%82%AD%E3%83%A3%E3%83%B3%E3%82%BB%E3%83%AA%E3%83%B3%E3%82%B0%E3%82%A4%E3%83%A4%E3%83%9B%E3%83%B3-: ('invalid_grant: Token has been expired or revoked.', {'error': 'invalid_grant', 'error_description': 'Token has been expired or revoked.'})
   ❌ Failed request for https://www.mikke-style.com/articles/20260518-%E7%84%9A%E3%81%8D%E7%81%AB%E3%81%AE%E5%A4%9C%E3%81%8C%E3%82%82%E3%81%A3%E3%81%A8%E5%A5%BD%E3%81%8D%E3%81%AB%E3%81%AA%E3%82%8B%E3%82%AD%E3%83%A3%E3%83%B3%E3%83%97%E3%82%A2%E3%82%A6%E3%83%88%E3%83%89%E3%82%A2%E3%82%AE%E3%82%A2: ('invalid_grant: Token has been expired or revoked.', {'error': 'invalid_grant', 'error_description': 'Token has been expired or revoked.'})
   ❌ Failed request for https://www.mikke-style.com/articles/20260519-%E7%84%9A%E3%81%8D%E7%81%AB%E3%81%AE%E5%89%8D%E3%81%AE%E9%9D%99%E3%81%8B%E3%81%AA%E6%99%82%E9%96%93%E3%82%A2%E3%82%A6%E3%83%88%E3%83%89%E3%82%A2%E3%82%AE%E3%82%A2-%E7%B2%BE%E9%8B%AD6%E9%81%B8: ('invalid_grant: Token has been expired or revoked.', {'error': 'invalid_grant', 'error_description': 'Token has been expired or revoked.'})
   ❌ Failed request for https://www.mikke-style.com/articles/20260520-2026%E5%B9%B4%E6%9C%80%E6%96%B0%E3%83%97%E3%83%AD%E3%81%8C%E5%8E%B3%E9%81%B8%E3%82%A8%E3%82%A4%E3%82%B8%E3%83%B3%E3%82%B0%E3%82%B1%E3%82%A2%E7%BE%8E%E5%AE%B9%E6%B6%B2%E3%81%8A%E3%81%99%E3%81%99%E3%82%81%E4%BA%BA%E6%B0%97%E3%83%A9%E3%83%B3: ('invalid_grant: Token has been expired or revoked.', {'error': 'invalid_grant', 'error_description': 'Token has been expired or revoked.'})
   ❌ Failed request for https://www.mikke-style.com/articles/20260520-2026%E5%B9%B4%E7%89%88%E5%9C%A8%E5%AE%85%E3%83%AF%E3%83%BC%E3%82%AF%E3%81%AE%E7%94%9F%E7%94%A3%E6%80%A7%E3%82%92%E6%9C%80%E5%A4%A7%E5%8C%96%E5%BF%AB%E9%81%A9%E3%81%AA%E3%83%87%E3%82%B9%E3%82%AF%E7%92%B0%E5%A2%83%E3%82%92%E5%8F%B6%E3%81%88: ('invalid_grant: Token has been expired or revoked.', {'error': 'invalid_grant', 'error_description': 'Token has been expired or revoked.'})
   ❌ Failed request for https://www.mikke-style.com/articles/20260521-%E5%85%89%E3%81%AE%E8%B3%AA%E3%81%8C%E9%83%A8%E5%B1%8B%E3%81%AE%E6%99%82%E9%96%93%E3%82%92%E5%A4%89%E3%81%88%E3%82%8B%E3%82%A4%E3%83%B3%E3%83%86%E3%83%AA%E3%82%A2%E7%85%A7%E6%98%8E%E3%83%86%E3%83%BC%E3%83%96%E3%83%AB%E3%83%A9: ('invalid_grant: Token has been expired or revoked.', {'error': 'invalid_grant', 'error_description': 'Token has been expired or revoked.'})
   ❌ Failed request for https://www.mikke-style.com/articles/20260521-%E6%9B%B8%E3%81%8F%E3%81%93%E3%81%A8%E3%81%A7%E6%80%9D%E8%80%83%E3%81%8C%E7%A0%94%E3%81%8E%E6%BE%84%E3%81%BE%E3%81%95%E3%82%8C%E3%82%8B%E6%89%8B%E6%9B%B8%E3%81%8D%E6%B4%BE%E3%81%AE%E3%81%9F%E3%82%81%E3%81%AE%E3%83%8E%E3%83%BC: ('invalid_grant: Token has been expired or revoked.', {'error': 'invalid_grant', 'error_description': 'Token has been expired or revoked.'})
   ❌ Failed request for https://www.mikke-style.com/articles/20260522-%E7%84%9A%E3%81%8D%E7%81%AB%E3%81%AE%E5%89%8D%E3%81%AB%E9%81%93%E5%85%B7%E3%82%92%E9%81%B8%E3%81%B6%E3%82%AD%E3%83%A3%E3%83%B3%E3%83%97%E8%AA%BF%E7%90%86%E3%82%92%E6%B7%B1%E3%82%81%E3%82%8B%E9%81%93%E5%85%B76%E9%81%B8: ('invalid_grant: Token has been expired or revoked.', {'error': 'invalid_grant', 'error_description': 'Token has been expired or revoked.'})
   ❌ Failed request for https://www.mikke-style.com/articles/20260523-2026%E5%B9%B4%E6%9C%80%E6%96%B0%E6%97%A5%E7%84%BC%E3%81%91%E6%AD%A2%E3%82%81%E3%81%8A%E3%81%99%E3%81%99%E3%82%81%E4%BA%BA%E6%B0%97%E3%83%A9%E3%83%B3%E3%82%AD%E3%83%B3%E3%82%B0%E7%B5%B6%E5%AF%BE%E3%81%AB%E7%84%BC%E3%81%8B%E3%81%AA%E3%81%84: ('invalid_grant: Token has been expired or revoked.', {'error': 'invalid_grant', 'error_description': 'Token has been expired or revoked.'})
   ❌ Failed request for https://www.mikke-style.com/articles/20260523-%E3%82%82%E3%81%97%E3%82%82%E3%82%92%E6%97%A5%E5%B8%B8%E3%81%AB%E3%81%99%E3%82%8B%E9%98%B2%E7%81%BD%E3%83%9D%E3%83%BC%E3%83%81%E3%81%AB%E5%85%A5%E3%82%8C%E3%81%9F%E3%81%84%E3%82%B0%E3%83%83%E3%82%BA6%E9%81%B8: ('invalid_grant: Token has been expired or revoked.', {'error': 'invalid_grant', 'error_description': 'Token has been expired or revoked.'})
   ❌ Failed request for https://www.mikke-style.com/articles/20260523-%E7%9B%AE%E8%A6%9A%E3%82%81%E3%81%AE%E8%89%AF%E3%81%95%E3%81%AF%E5%A4%9C%E3%81%AB%E8%A8%AD%E8%A8%88%E3%81%95%E3%82%8C%E3%82%8B%E7%9D%A1%E7%9C%A0%E7%92%B0%E5%A2%83%E3%82%92%E6%95%B4%E3%81%88%E3%82%8B%E5%AF%9D%E5%AE%A4%E3%82%A2: ('invalid_grant: Token has been expired or revoked.', {'error': 'invalid_grant', 'error_description': 'Token has been expired or revoked.'})
   ❌ Failed request for https://www.mikke-style.com/articles/20260524-%E6%9C%9D%E3%81%AE5%E5%88%86%E3%82%92%E4%BD%93%E3%81%AB%E8%BF%94%E3%81%99%E5%9C%A8%E5%AE%85%E3%83%AF%E3%83%BC%E3%82%AB%E3%83%BC%E3%81%8C%E9%81%B8%E3%81%B6%E3%82%B9%E3%83%88%E3%83%AC%E3%83%83%E3%83%81%E3%82%B1%E3%82%A2: ('invalid_grant: Token has been expired or revoked.', {'error': 'invalid_grant', 'error_description': 'Token has been expired or revoked.'})
   ❌ Failed request for https://www.mikke-style.com/articles/20260525-smartwatch-comparison: ('invalid_grant: Token has been expired or revoked.', {'error': 'invalid_grant', 'error_description': 'Token has been expired or revoked.'})
   ❌ Failed request for https://www.mikke-style.com/articles/20260525-%E5%8F%B0%E6%89%80%E3%81%AB%E8%81%B7%E4%BA%BA%E3%81%AE%E6%84%8F%E5%BF%97%E3%82%92%E7%BD%AE%E3%81%8F%E6%96%99%E7%90%86%E5%A5%BD%E3%81%8D%E3%81%8C%E8%AA%8D%E3%82%81%E3%82%8B%E6%9C%AC%E6%A0%BC%E3%82%AD%E3%83%83%E3%83%81%E3%83%B3: ('invalid_grant: Token has been expired or revoked.', {'error': 'invalid_grant', 'error_description': 'Token has been expired or revoked.'})
   ❌ Failed request for https://www.mikke-style.com/articles/20260526-best-shampoos-for-damaged-hair: ('invalid_grant: Token has been expired or revoked.', {'error': 'invalid_grant', 'error_description': 'Token has been expired or revoked.'})
   ❌ Failed request for https://www.mikke-style.com/articles/20260526-daily-life-water-bottle-guide: ('invalid_grant: Token has been expired or revoked.', {'error': 'invalid_grant', 'error_description': 'Token has been expired or revoked.'})
   ❌ Failed request for https://www.mikke-style.com/articles/20260526-mac-mini-monitors: ('invalid_grant: Token has been expired or revoked.', {'error': 'invalid_grant', 'error_description': 'Token has been expired or revoked.'})
   ❌ Failed request for https://www.mikke-style.com/articles/20260526-stroller-selection-guide: ('invalid_grant: Token has been expired or revoked.', {'error': 'invalid_grant', 'error_description': 'Token has been expired or revoked.'})
   ❌ Failed request for https://www.mikke-style.com/articles/20260526-%E7%84%9A%E3%81%8D%E7%81%AB%E3%81%AE%E5%89%8D%E3%81%AB%E9%81%93%E5%85%B7%E3%82%92%E9%81%B8%E3%81%B6%E3%82%AD%E3%83%A3%E3%83%B3%E3%83%97%E8%AA%BF%E7%90%86%E3%82%92%E6%B7%B1%E3%82%81%E3%82%8B%E9%81%93%E5%85%B76%E9%81%B8: ('invalid_grant: Token has been expired or revoked.', {'error': 'invalid_grant', 'error_description': 'Token has been expired or revoked.'})
   ❌ Failed request for https://www.mikke-style.com/articles/20260529-aroma-diffusers: ('invalid_grant: Token has been expired or revoked.', {'error': 'invalid_grant', 'error_description': 'Token has been expired or revoked.'})
   ❌ Failed request for https://www.mikke-style.com/articles/20260529-hair-dryers: ('invalid_grant: Token has been expired or revoked.', {'error': 'invalid_grant', 'error_description': 'Token has been expired or revoked.'})
   ❌ Failed request for https://www.mikke-style.com/articles/20260529-regal-business-shoes: ('invalid_grant: Token has been expired or revoked.', {'error': 'invalid_grant', 'error_description': 'Token has been expired or revoked.'})
   ❌ Failed request for https://www.mikke-style.com/articles/20260530-keyboards: ('invalid_grant: Token has been expired or revoked.', {'error': 'invalid_grant', 'error_description': 'Token has been expired or revoked.'})
   ❌ Failed request for https://www.mikke-style.com/articles/20260530-%E6%A4%8D%E7%89%A9%E8%82%B2%E6%88%90%E3%83%A9%E3%82%A4%E3%83%88%E3%81%AE%E3%81%8A%E3%81%99%E3%81%99%E3%82%81%E4%BA%BA%E6%B0%97%E3%83%A9%E3%83%B3%E3%82%AD%E3%83%B3%E3%82%B0: ('invalid_grant: Token has been expired or revoked.', {'error': 'invalid_grant', 'error_description': 'Token has been expired or revoked.'})
   ❌ Failed request for https://www.mikke-style.com/articles/20260531-aquarium-led-lights: ('invalid_grant: Token has been expired or revoked.', {'error': 'invalid_grant', 'error_description': 'Token has been expired or revoked.'})
   ❌ Failed request for https://www.mikke-style.com/articles/20260531-umbrellas: ('invalid_grant: Token has been expired or revoked.', {'error': 'invalid_grant', 'error_description': 'Token has been expired or revoked.'})
   ❌ Failed request for https://www.mikke-style.com/articles/20260603-eyeliner-comparison: ('invalid_grant: Token has been expired or revoked.', {'error': 'invalid_grant', 'error_description': 'Token has been expired or revoked.'})
   ❌ Failed request for https://www.mikke-style.com/articles/20260607-cleansing-oil: ('invalid_grant: Token has been expired or revoked.', {'error': 'invalid_grant', 'error_description': 'Token has been expired or revoked.'})
   ❌ Failed request for https://www.mikke-style.com/articles/20260607-serum: ('invalid_grant: Token has been expired or revoked.', {'error': 'invalid_grant', 'error_description': 'Token has been expired or revoked.'})
   ❌ Failed request for https://www.mikke-style.com/articles/20260608-face-mask: ('invalid_grant: Token has been expired or revoked.', {'error': 'invalid_grant', 'error_description': 'Token has been expired or revoked.'})
   ❌ Failed request for https://www.mikke-style.com/articles/20260608-toner: ('invalid_grant: Token has been expired or revoked.', {'error': 'invalid_grant', 'error_description': 'Token has been expired or revoked.'})
   ❌ Failed request for https://www.mikke-style.com/articles/20260609-cleansing-balm: ('invalid_grant: Token has been expired or revoked.', {'error': 'invalid_grant', 'error_description': 'Token has been expired or revoked.'})
   ❌ Failed request for https://www.mikke-style.com/articles/20260610-cleanser: ('invalid_grant: Token has been expired or revoked.', {'error': 'invalid_grant', 'error_description': 'Token has been expired or revoked.'})
   ❌ Failed request for https://www.mikke-style.com/articles/20260610-cleansing-gel: ('invalid_grant: Token has been expired or revoked.', {'error': 'invalid_grant', 'error_description': 'Token has been expired or revoked.'})
   ❌ Failed request for https://www.mikke-style.com/articles/20260611-booster: ('invalid_grant: Token has been expired or revoked.', {'error': 'invalid_grant', 'error_description': 'Token has been expired or revoked.'})
   ❌ Failed request for https://www.mikke-style.com/articles/20260611-lip-serum: ('invalid_grant: Token has been expired or revoked.', {'error': 'invalid_grant', 'error_description': 'Token has been expired or revoked.'})
   ❌ Failed request for https://www.mikke-style.com/articles/20260612-emulsion: ('invalid_grant: Token has been expired or revoked.', {'error': 'invalid_grant', 'error_description': 'Token has been expired or revoked.'})
   ❌ Failed request for https://www.mikke-style.com/articles/20260612-face-cream: ('invalid_grant: Token has been expired or revoked.', {'error': 'invalid_grant', 'error_description': 'Token has been expired or revoked.'})
   ❌ Failed request for https://www.mikke-style.com/articles/20260613-daily-pack: ('invalid_grant: Token has been expired or revoked.', {'error': 'invalid_grant', 'error_description': 'Token has been expired or revoked.'})
   ❌ Failed request for https://www.mikke-style.com/articles/20260614-affordable-cleanser: ('invalid_grant: Token has been expired or revoked.', {'error': 'invalid_grant', 'error_description': 'Token has been expired or revoked.'})
   ❌ Failed request for https://www.mikke-style.com/articles/20260614-peeling-serum: ('invalid_grant: Token has been expired or revoked.', {'error': 'invalid_grant', 'error_description': 'Token has been expired or revoked.'})
   ❌ Failed request for https://www.mikke-style.com/articles/20260615-mens-face-wash: ('invalid_grant: Token has been expired or revoked.', {'error': 'invalid_grant', 'error_description': 'Token has been expired or revoked.'})
   ❌ Failed request for https://www.mikke-style.com/articles/20260615-sheet-masks-for-40s: ('invalid_grant: Token has been expired or revoked.', {'error': 'invalid_grant', 'error_description': 'Token has been expired or revoked.'})
   ❌ Failed request for https://www.mikke-style.com/articles/20260616-face-wash: ('invalid_grant: Token has been expired or revoked.', {'error': 'invalid_grant', 'error_description': 'Token has been expired or revoked.'})
   ❌ Failed request for https://www.mikke-style.com/articles/20260616-hand-cream: ('invalid_grant: Token has been expired or revoked.', {'error': 'invalid_grant', 'error_description': 'Token has been expired or revoked.'})
   ❌ Failed request for https://www.mikke-style.com/articles/20260617-wet-cleanser: ('invalid_grant: Token has been expired or revoked.', {'error': 'invalid_grant', 'error_description': 'Token has been expired or revoked.'})
   ❌ Failed request for https://www.mikke-style.com/articles/20260618-affordable-booster: ('invalid_grant: Token has been expired or revoked.', {'error': 'invalid_grant', 'error_description': 'Token has been expired or revoked.'})
   ❌ Failed request for https://www.mikke-style.com/articles/20260619-cleansing-balm: ('invalid_grant: Token has been expired or revoked.', {'error': 'invalid_grant', 'error_description': 'Token has been expired or revoked.'})
   ❌ Failed request for https://www.mikke-style.com/articles/20260619-mascara: ('invalid_grant: Token has been expired or revoked.', {'error': 'invalid_grant', 'error_description': 'Token has been expired or revoked.'})
   ❌ Failed request for https://www.mikke-style.com/articles/20260620-article-001: ('invalid_grant: Token has been expired or revoked.', {'error': 'invalid_grant', 'error_description': 'Token has been expired or revoked.'})
   ❌ Failed request for https://www.mikke-style.com/articles/20260620-serum: ('invalid_grant: Token has been expired or revoked.', {'error': 'invalid_grant', 'error_description': 'Token has been expired or revoked.'})
   ❌ Failed request for https://www.mikke-style.com/articles/20260621-article-001: ('invalid_grant: Token has been expired or revoked.', {'error': 'invalid_grant', 'error_description': 'Token has been expired or revoked.'})
   ❌ Failed request for https://www.mikke-style.com/articles/20260621-serum: ('invalid_grant: Token has been expired or revoked.', {'error': 'invalid_grant', 'error_description': 'Token has been expired or revoked.'})
   ❌ Failed request for https://www.mikke-style.com/articles/20260622-article-001: ('invalid_grant: Token has been expired or revoked.', {'error': 'invalid_grant', 'error_description': 'Token has been expired or revoked.'})
   ❌ Failed request for https://www.mikke-style.com/articles/20260622-toner: ('invalid_grant: Token has been expired or revoked.', {'error': 'invalid_grant', 'error_description': 'Token has been expired or revoked.'})
   ❌ Failed request for https://www.mikke-style.com/articles/20260624-beauty: ('invalid_grant: Token has been expired or revoked.', {'error': 'invalid_grant', 'error_description': 'Token has been expired or revoked.'})
   ❌ Failed request for https://www.mikke-style.com/articles/20260624-treatment: ('invalid_grant: Token has been expired or revoked.', {'error': 'invalid_grant', 'error_description': 'Token has been expired or revoked.'})
   ❌ Failed request for https://www.mikke-style.com/articles/20260625-beauty: ('invalid_grant: Token has been expired or revoked.', {'error': 'invalid_grant', 'error_description': 'Token has been expired or revoked.'})
   ❌ Failed request for https://www.mikke-style.com/articles/20260625-serum: ('invalid_grant: Token has been expired or revoked.', {'error': 'invalid_grant', 'error_description': 'Token has been expired or revoked.'})
   ❌ Failed request for https://www.mikke-style.com/articles/20260626-beauty: ('invalid_grant: Token has been expired or revoked.', {'error': 'invalid_grant', 'error_description': 'Token has been expired or revoked.'})
   ❌ Failed request for https://www.mikke-style.com/articles/20260627-beauty: ('invalid_grant: Token has been expired or revoked.', {'error': 'invalid_grant', 'error_description': 'Token has been expired or revoked.'})
   ❌ Failed request for https://www.mikke-style.com/articles/20260628-beauty: ('invalid_grant: Token has been expired or revoked.', {'error': 'invalid_grant', 'error_description': 'Token has been expired or revoked.'})
   ❌ Failed request for https://www.mikke-style.com/articles/20260629-beauty: ('invalid_grant: Token has been expired or revoked.', {'error': 'invalid_grant', 'error_description': 'Token has been expired or revoked.'})
   ❌ Failed request for https://www.mikke-style.com/articles/20260702-beauty-2: ('invalid_grant: Token has been expired or revoked.', {'error': 'invalid_grant', 'error_description': 'Token has been expired or revoked.'})
   ❌ Failed request for https://www.mikke-style.com/articles/20260702-beauty: ('invalid_grant: Token has been expired or revoked.', {'error': 'invalid_grant', 'error_description': 'Token has been expired or revoked.'})
   ❌ Failed request for https://www.mikke-style.com/articles/20260703-beauty-1: ('invalid_grant: Token has been expired or revoked.', {'error': 'invalid_grant', 'error_description': 'Token has been expired or revoked.'})
   ❌ Failed request for https://www.mikke-style.com/articles/20260703-beauty-2: ('invalid_grant: Token has been expired or revoked.', {'error': 'invalid_grant', 'error_description': 'Token has been expired or revoked.'})
   ❌ Failed request for https://www.mikke-style.com/articles/20260704-beauty-1: ('invalid_grant: Token has been expired or revoked.', {'error': 'invalid_grant', 'error_description': 'Token has been expired or revoked.'})
   ❌ Failed request for https://www.mikke-style.com/articles/cleansing-oil-real: ('invalid_grant: Token has been expired or revoked.', {'error': 'invalid_grant', 'error_description': 'Token has been expired or revoked.'})
✅ Indexing requests sent: 0/109
🔄 [Step 3] Analyzing GA4 Traffic and PV Growth...
🔄 [Step 4] Detecting Articles with low internal links (< 3)...

⚠️ --- Articles with Low Internal Links (< 3) ---
Article Slug                                                      | Internal Links Count
------------------------------------------------------------------------------------------
20260709-cream                                                    | 0                   
20260530-植物育成ライトのおすすめ人気ランキング                                      | 0                   
20260516-夜の静寂に活字が溶ける電子書籍リーダーeインクデバ                                | 1                   
20260412-2026年春テレワークが劇的に捗るデスク周りのおすすめガジェ                           | 1                   
20260507-浴室を一日の終わりの聖域にバスタイムケアグッズ6選                                | 1                   
20260512-部屋に余白とゆとりを紡ぐ省スペースを叶える静音便利                                | 2                   
20260708-beauty-1                                                 | 0                   
20260523-2026年最新日焼け止めおすすめ人気ランキング絶対に焼かない                           | 0                   
20260413-2026年最新忙しい朝を劇的に変える暮らしの質が上がる厳選時                           | 2                   
20260707-beauty                                                   | 0                   
20260420-新製品レビュー：最新の日焼け止めクリーム                                     | 1                   
20260521-書くことで思考が研ぎ澄まされる手書き派のためのノー                                | 1                   
20260509-髪をちゃんといたわるサロン品質ヘアケアアイテム6選                                | 1                   
20260525-smartwatch-comparison                                    | 0                   
20260520-2026年最新プロが厳選エイジングケア美容液おすすめ人気ラン                           | 0                   
20260709-beauty-1                                                 | 0                   
20260707-beauty-2                                                 | 0                   
20260517-音で変わる朝のリズムノイズキャンセリングイヤホン-                                | 1                   
20260429-豆から始まる朝の時間割スペシャルティコーヒー器具6                                | 2                   
20260518-焚き火の夜がもっと好きになるキャンプアウトドアギア                                | 1                   
20260519-焚き火の前の静かな時間アウトドアギア-精鋭6選                                  | 1                   
20260708-beauty-2                                                 | 0                   
20260412-2026年春テレワークが劇的に捗るデスク周りのおすすめガジェ-fix                       | 0                   
20260515-寝室の空気を香りから設計する夜インテリアフレグラン                                | 1                   
------------------------------------------------------------------------------------------
Total articles with low links: 24

=== SEO Automation Run Finished ===

/Users/tsukika/Library/Python/3.9/lib/python/site-packages/google/oauth2/__init__.py:40: FutureWarning: You are using a Python version 3.9 past its end of life. Google will update google-auth with critical bug fixes on a best-effort basis, but not with any other fixes or features. Please upgrade your Python version, and then update google-auth.
  warnings.warn(eol_message.format("3.9"), FutureWarning)
/Users/tsukika/Library/Python/3.9/lib/python/site-packages/google/auth/__init__.py:54: FutureWarning: You are using a Python version 3.9 past its end of life. Google will update google-auth with critical bug fixes on a best-effort basis, but not with any other fixes or features. Please upgrade your Python version, and then update google-auth.
  warnings.warn(eol_message.format("3.9"), FutureWarning)
/Users/tsukika/Library/Python/3.9/lib/python/site-packages/google/api_core/_python_version_support.py:242: FutureWarning: You are using a non-supported Python version (3.9.6). Google will not post any further updates to google.api_core supporting this Python version. Please upgrade to the latest Python version, or at least Python 3.10, and then update google.api_core.
  warnings.warn(message, FutureWarning)
/Users/tsukika/Library/Python/3.9/lib/python/site-packages/urllib3/__init__.py:35: NotOpenSSLWarning: urllib3 v2 only supports OpenSSL 1.1.1+, currently the 'ssl' module is compiled with 'LibreSSL 2.8.3'. See: https://github.com/urllib3/urllib3/issues/3020
  warnings.warn(
/Users/tsukika/Library/Python/3.9/lib/python/site-packages/google/api_core/_python_version_support.py:242: FutureWarning: You are using a non-supported Python version (3.9.6). Google will not post any further updates to google.analytics.data_v1beta supporting this Python version. Please upgrade to the latest Python version, or at least Python 3.10, and then update google.analytics.data_v1beta.
  warnings.warn(message, FutureWarning)
=== SEO Automation Run: 2026-07-09 06:00:26 ===
🔄 [Step 1] Updating Sitemap via Next-Sitemap...
❌ Failed to update sitemap: [Errno 2] No such file or directory: 'npx'
🔄 [Step 2] Sending URL Indexing Requests...
🔑 Authenticating with OAuth 2.0 Playground credentials...
   ❌ Failed request for https://www.mikke-style.com/articles/20260412-2026%E5%B9%B4%E6%98%A5%E3%83%86%E3%83%AC%E3%83%AF%E3%83%BC%E3%82%AF%E3%81%8C%E5%8A%87%E7%9A%84%E3%81%AB%E6%8D%97%E3%82%8B%E3%83%87%E3%82%B9%E3%82%AF%E5%91%A8%E3%82%8A%E3%81%AE%E3%81%8A%E3%81%99%E3%81%99%E3%82%81%E3%82%AC%E3%82%B8%E3%82%A7: ('invalid_grant: Token has been expired or revoked.', {'error': 'invalid_grant', 'error_description': 'Token has been expired or revoked.'})
   ❌ Failed request for https://www.mikke-style.com/articles/20260413-2026%E5%B9%B4%E6%9C%80%E6%96%B0%E5%BF%99%E3%81%97%E3%81%84%E6%9C%9D%E3%82%92%E5%8A%87%E7%9A%84%E3%81%AB%E5%A4%89%E3%81%88%E3%82%8B%E6%9A%AE%E3%82%89%E3%81%97%E3%81%AE%E8%B3%AA%E3%81%8C%E4%B8%8A%E3%81%8C%E3%82%8B%E5%8E%B3%E9%81%B8%E6%99%82: ('invalid_grant: Token has been expired or revoked.', {'error': 'invalid_grant', 'error_description': 'Token has been expired or revoked.'})
   ❌ Failed request for https://www.mikke-style.com/articles/20260415-gw-travel-outdoor: ('invalid_grant: Token has been expired or revoked.', {'error': 'invalid_grant', 'error_description': 'Token has been expired or revoked.'})
   ❌ Failed request for https://www.mikke-style.com/articles/20260418-skincare-spring: ('invalid_grant: Token has been expired or revoked.', {'error': 'invalid_grant', 'error_description': 'Token has been expired or revoked.'})
   ❌ Failed request for https://www.mikke-style.com/articles/20260419-ps5-apple-a19-hikaku: ('invalid_grant: Token has been expired or revoked.', {'error': 'invalid_grant', 'error_description': 'Token has been expired or revoked.'})
   ❌ Failed request for https://www.mikke-style.com/articles/20260420-%E6%96%B0%E8%A3%BD%E5%93%81%E3%83%AC%E3%83%93%E3%83%A5%E3%83%BC%EF%BC%9A%E6%9C%80%E6%96%B0%E3%81%AE%E6%97%A5%E7%84%BC%E3%81%91%E6%AD%A2%E3%82%81%E3%82%AF%E3%83%AA%E3%83%BC%E3%83%A0: ('invalid_grant: Token has been expired or revoked.', {'error': 'invalid_grant', 'error_description': 'Token has been expired or revoked.'})
   ❌ Failed request for https://www.mikke-style.com/articles/20260420-%E6%98%A5%E3%81%AE%E6%96%B0%E7%94%9F%E6%B4%BB%E3%81%AB%E3%81%B4%E3%81%A3%E3%81%9F%E3%82%8A%E3%81%AE%E3%82%A4%E3%83%B3%E3%83%86%E3%83%AA%E3%82%A2%E3%82%A2%E3%82%A4%E3%83%86%E3%83%A0: ('invalid_grant: Token has been expired or revoked.', {'error': 'invalid_grant', 'error_description': 'Token has been expired or revoked.'})
   ❌ Failed request for https://www.mikke-style.com/articles/20260422-2026%E5%B9%B4%E6%98%A5%E8%8A%B1%E7%B2%89%E7%B4%AB%E5%A4%96%E7%B7%9A%E3%83%80%E3%83%96%E3%83%AB%E5%AF%BE%E7%AD%96%E8%82%8C%E3%82%92%E5%AE%88%E3%82%8B%E3%82%B9%E3%82%AD%E3%83%B3%E3%82%B1%E3%82%A2: ('invalid_grant: Token has been expired or revoked.', {'error': 'invalid_grant', 'error_description': 'Token has been expired or revoked.'})
   ❌ Failed request for https://www.mikke-style.com/articles/20260422-2026%E5%B9%B4%E6%9C%80%E6%96%B0%E5%88%9D%E5%BF%83%E8%80%85%E3%81%A7%E3%82%82%E4%BD%BF%E3%81%84%E3%82%84%E3%81%99%E3%81%84%E3%82%B3%E3%82%B9%E3%83%91%E6%9C%80%E5%BC%B7%E3%83%9F%E3%83%A9%E3%83%BC: ('invalid_grant: Token has been expired or revoked.', {'error': 'invalid_grant', 'error_description': 'Token has been expired or revoked.'})
   ❌ Failed request for https://www.mikke-style.com/articles/20260423-2026%E5%B9%B4%E6%9C%80%E6%96%B0%E4%B9%BE%E7%87%A5%E8%82%8C%E3%81%95%E3%82%93%E5%BF%85%E8%A6%8B%E3%83%97%E3%83%81%E3%83%97%E3%83%A9%E3%81%AA%E3%81%AE%E3%81%AB%E5%AE%9F%E5%8A%9B%E6%B4%BE%E3%82%B9: ('invalid_grant: Token has been expired or revoked.', {'error': 'invalid_grant', 'error_description': 'Token has been expired or revoked.'})
   ❌ Failed request for https://www.mikke-style.com/articles/20260423-%E6%99%82%E7%9F%AD%E3%83%A9%E3%82%AF%E5%AE%B6%E4%BA%8B%E6%96%99%E7%90%86%E3%81%8C%E6%A5%BD%E3%81%97%E3%81%8F%E3%81%AA%E3%82%8B%E3%82%AD%E3%83%83%E3%83%81%E3%83%B3%E4%BE%BF%E5%88%A9%E3%82%B0%E3%83%83%E3%82%BA7%E9%81%B8: ('invalid_grant: Token has been expired or revoked.', {'error': 'invalid_grant', 'error_description': 'Token has been expired or revoked.'})
   ❌ Failed request for https://www.mikke-style.com/articles/20260424-2026%E5%B9%B4%E6%9C%80%E6%96%B0%E3%83%A1%E3%83%B3%E3%82%BA%E3%82%B9%E3%82%AD%E3%83%B3%E3%82%B1%E3%82%A2%E5%88%9D%E5%BF%83%E8%80%85%E5%BF%85%E8%A6%8B%E6%9C%AC%E5%BD%93%E3%81%AB%E8%B2%B7%E3%81%86: ('invalid_grant: Token has been expired or revoked.', {'error': 'invalid_grant', 'error_description': 'Token has been expired or revoked.'})
   ❌ Failed request for https://www.mikke-style.com/articles/20260424-2026%E5%B9%B4%E7%9D%A1%E7%9C%A0%E3%81%AE%E8%B3%AA%E3%82%92%E4%B8%8A%E3%81%92%E3%81%9F%E3%81%84%E4%BA%BA%E3%81%B8%E3%81%8A%E3%81%99%E3%81%99%E3%82%81%E5%BF%AB%E7%9C%A0%E3%82%B0%E3%83%83%E3%82%BA: ('invalid_grant: Token has been expired or revoked.', {'error': 'invalid_grant', 'error_description': 'Token has been expired or revoked.'})
   ❌ Failed request for https://www.mikke-style.com/articles/20260424-2026%E5%B9%B4%E8%87%AA%E5%AE%85%E3%81%A7%E3%81%A8%E3%81%A8%E3%81%AE%E3%81%86%E3%82%B5%E3%82%A6%E3%83%8A%E5%A5%BD%E3%81%8D%E3%81%8C%E9%81%B8%E3%81%B6%E3%81%8A%E3%81%99%E3%81%99%E3%82%81%E6%B8%A9: ('invalid_grant: Token has been expired or revoked.', {'error': 'invalid_grant', 'error_description': 'Token has been expired or revoked.'})
   ❌ Failed request for https://www.mikke-style.com/articles/20260426-2026%E5%B9%B4%E4%BF%9D%E5%AD%98%E7%89%88%E9%98%B2%E7%81%BD%E3%82%A2%E3%82%A6%E3%83%88%E3%83%89%E3%82%A2%E3%81%AB%E5%BD%B9%E7%AB%8B%E3%81%A4%E3%83%9D%E3%83%BC%E3%82%BF%E3%83%96%E3%83%AB%E9%9B%BB: ('invalid_grant: Token has been expired or revoked.', {'error': 'invalid_grant', 'error_description': 'Token has been expired or revoked.'})
   ❌ Failed request for https://www.mikke-style.com/articles/20260426-2026%E5%B9%B4%E6%9C%80%E6%96%B0%E5%81%A5%E5%BA%B7%E7%AE%A1%E7%90%86%E3%81%AB%E5%BD%B9%E7%AB%8B%E3%81%A4%E3%82%B9%E3%83%9E%E3%83%BC%E3%83%88%E3%82%A6%E3%82%A9%E3%83%83%E3%83%81%E3%81%8A%E3%81%99: ('invalid_grant: Token has been expired or revoked.', {'error': 'invalid_grant', 'error_description': 'Token has been expired or revoked.'})
   ❌ Failed request for https://www.mikke-style.com/articles/20260426-2026%E5%B9%B4%E6%9C%80%E6%96%B0%E5%A4%B1%E6%95%97%E3%81%97%E3%81%AA%E3%81%84%E3%83%8E%E3%82%A4%E3%82%BA%E3%82%AD%E3%83%A3%E3%83%B3%E3%82%BB%E3%83%AA%E3%83%B3%E3%82%B0%E6%90%AD%E8%BC%89%E3%83%AF: ('invalid_grant: Token has been expired or revoked.', {'error': 'invalid_grant', 'error_description': 'Token has been expired or revoked.'})
   ❌ Failed request for https://www.mikke-style.com/articles/20260427-2026%E5%B9%B4%E7%BE%8E%E5%AE%B9%E5%A5%BD%E3%81%8D%E3%81%8C%E3%83%AA%E3%83%94%E8%B2%B7%E3%81%84%E8%A9%B1%E9%A1%8C%E3%81%AE%E9%9F%93%E5%9B%BD%E3%82%B3%E3%82%B9%E3%83%A1%E3%81%8A%E3%81%99%E3%81%99: ('invalid_grant: Token has been expired or revoked.', {'error': 'invalid_grant', 'error_description': 'Token has been expired or revoked.'})
   ❌ Failed request for https://www.mikke-style.com/articles/20260427-%E3%83%87%E3%82%B9%E3%82%AF%E3%81%AB%E9%9D%99%E3%81%91%E3%81%95%E3%82%92%E8%A8%AD%E8%A8%88%E3%81%99%E3%82%8B%E5%9C%A8%E5%AE%85%E3%83%AF%E3%83%BC%E3%82%AF%E7%92%B0%E5%A2%83%E3%82%92%E6%95%B4%E3%81%88%E3%82%8B%E3%82%AC%E3%82%B8: ('invalid_grant: Token has been expired or revoked.', {'error': 'invalid_grant', 'error_description': 'Token has been expired or revoked.'})
   ❌ Failed request for https://www.mikke-style.com/articles/20260429-%E6%98%8E%E6%97%A5%E3%81%AE%E6%9C%9D%E3%81%8C%E5%A4%89%E3%82%8F%E3%82%8B%E5%A4%9C%E3%81%AE%E9%AB%AA%E6%99%82%E9%96%93%E3%83%98%E3%82%A2%E3%83%88%E3%83%AA%E3%83%BC%E3%83%88%E3%83%A1%E3%83%B3%E3%83%88%E3%83%8A%E3%82%A4%E3%83%88: ('invalid_grant: Token has been expired or revoked.', {'error': 'invalid_grant', 'error_description': 'Token has been expired or revoked.'})
   ❌ Failed request for https://www.mikke-style.com/articles/20260429-%E8%B1%86%E3%81%8B%E3%82%89%E5%A7%8B%E3%81%BE%E3%82%8B%E6%9C%9D%E3%81%AE%E6%99%82%E9%96%93%E5%89%B2%E3%82%B9%E3%83%9A%E3%82%B7%E3%83%A3%E3%83%AB%E3%83%86%E3%82%A3%E3%82%B3%E3%83%BC%E3%83%92%E3%83%BC%E5%99%A8%E5%85%B76: ('invalid_grant: Token has been expired or revoked.', {'error': 'invalid_grant', 'error_description': 'Token has been expired or revoked.'})
   ❌ Failed request for https://www.mikke-style.com/articles/20260429-%E9%83%A8%E5%B1%8B%E3%81%AB%E4%BD%99%E7%99%BD%E3%82%92%E7%BD%AE%E3%81%8F%E4%B8%80%E4%BA%BA%E6%9A%AE%E3%82%89%E3%81%97%E3%83%9F%E3%83%8B%E3%83%9E%E3%83%AA%E3%82%B9%E3%83%88%E3%81%AE%E3%82%A4%E3%83%B3%E3%83%86%E3%83%AA%E3%82%A2: ('invalid_grant: Token has been expired or revoked.', {'error': 'invalid_grant', 'error_description': 'Token has been expired or revoked.'})
   ❌ Failed request for https://www.mikke-style.com/articles/20260430-%E8%82%8C%E3%81%8C%E5%83%8D%E3%81%8F%E5%A4%9C%E3%81%AE%E3%81%9F%E3%82%81%E3%81%AB%E9%9F%93%E5%9B%BD%E7%99%BA%E3%83%8A%E3%82%A4%E3%83%88%E3%82%B9%E3%82%AD%E3%83%B3%E3%82%B1%E3%82%A26%E9%81%B8: ('invalid_grant: Token has been expired or revoked.', {'error': 'invalid_grant', 'error_description': 'Token has been expired or revoked.'})
   ❌ Failed request for https://www.mikke-style.com/articles/20260501-%E8%80%B3%E3%81%AB%E6%AD%A3%E7%9B%B4%E3%81%AA%E9%9F%B3%E3%82%92%E5%B1%8A%E3%81%91%E3%82%8B%E3%83%97%E3%83%AC%E3%83%9F%E3%82%A2%E3%83%A0%E3%83%AF%E3%82%A4%E3%83%A4%E3%83%AC%E3%82%B9%E3%82%A4%E3%83%A4%E3%83%95%E3%82%A9%E3%83%B3: ('invalid_grant: Token has been expired or revoked.', {'error': 'invalid_grant', 'error_description': 'Token has been expired or revoked.'})
   ❌ Failed request for https://www.mikke-style.com/articles/20260504-%E9%9D%99%E9%9F%B3%E3%81%A8%E9%9B%86%E4%B8%AD%E3%82%92%E6%9C%BA%E3%81%AE%E4%B8%8A%E3%81%AB%E8%A8%AD%E8%A8%88%E3%81%99%E3%82%8B%E5%9C%A8%E5%AE%85%E3%83%AF%E3%83%BC%E3%82%AF%E7%92%B0%E5%A2%83%E3%82%92%E6%95%B4%E3%81%88%E3%82%8B: ('invalid_grant: Token has been expired or revoked.', {'error': 'invalid_grant', 'error_description': 'Token has been expired or revoked.'})
   ❌ Failed request for https://www.mikke-style.com/articles/20260505-%E5%A4%9C%E3%81%AE%E7%A9%BA%E6%B0%97%E3%82%92%E9%A6%99%E3%82%8A%E3%81%A7%E5%A1%97%E3%82%8A%E6%9B%BF%E3%81%88%E3%82%8B%E3%83%AB%E3%83%BC%E3%83%A0%E3%83%95%E3%83%AC%E3%82%B0%E3%83%A9%E3%83%B3%E3%82%B96%E9%81%B8: ('invalid_grant: Token has been expired or revoked.', {'error': 'invalid_grant', 'error_description': 'Token has been expired or revoked.'})
   ❌ Failed request for https://www.mikke-style.com/articles/20260507-%E6%B5%B4%E5%AE%A4%E3%82%92%E4%B8%80%E6%97%A5%E3%81%AE%E7%B5%82%E3%82%8F%E3%82%8A%E3%81%AE%E8%81%96%E5%9F%9F%E3%81%AB%E3%83%90%E3%82%B9%E3%82%BF%E3%82%A4%E3%83%A0%E3%82%B1%E3%82%A2%E3%82%B0%E3%83%83%E3%82%BA6%E9%81%B8: ('invalid_grant: Token has been expired or revoked.', {'error': 'invalid_grant', 'error_description': 'Token has been expired or revoked.'})
   ❌ Failed request for https://www.mikke-style.com/articles/20260508-%E7%94%B7%E3%81%AE%E8%82%8C%E3%82%82%E6%95%B4%E3%81%86%E6%99%82%E4%BB%A3%E3%81%B8%E3%83%A1%E3%83%B3%E3%82%BA%E3%82%B9%E3%82%AD%E3%83%B3%E3%82%B1%E3%82%A2%E3%82%92%E6%9C%AC%E6%A0%BC%E5%8C%96%E3%81%99%E3%82%8B%E7%BE%8E%E5%AE%B9: ('invalid_grant: Token has been expired or revoked.', {'error': 'invalid_grant', 'error_description': 'Token has been expired or revoked.'})
   ❌ Failed request for https://www.mikke-style.com/articles/20260509-%E6%96%99%E7%90%86%E3%81%8C%E5%A4%89%E3%82%8F%E3%82%8B%E9%81%93%E5%85%B7%E3%82%92%E5%A4%89%E3%81%88%E3%82%8B%E3%81%A0%E3%81%91%E3%81%A7%E6%9C%AC%E6%A0%BC%E3%82%AD%E3%83%83%E3%83%81%E3%83%B3%E3%83%84%E3%83%BC%E3%83%AB6: ('invalid_grant: Token has been expired or revoked.', {'error': 'invalid_grant', 'error_description': 'Token has been expired or revoked.'})
   ❌ Failed request for https://www.mikke-style.com/articles/20260509-%E9%AB%AA%E3%82%92%E3%81%A1%E3%82%83%E3%82%93%E3%81%A8%E3%81%84%E3%81%9F%E3%82%8F%E3%82%8B%E3%82%B5%E3%83%AD%E3%83%B3%E5%93%81%E8%B3%AA%E3%83%98%E3%82%A2%E3%82%B1%E3%82%A2%E3%82%A2%E3%82%A4%E3%83%86%E3%83%A06%E9%81%B8: ('invalid_grant: Token has been expired or revoked.', {'error': 'invalid_grant', 'error_description': 'Token has been expired or revoked.'})
   ❌ Failed request for https://www.mikke-style.com/articles/20260510-%E6%9C%BA%E3%81%AE%E4%B8%8A%E3%81%AB%E4%BB%95%E4%BA%8B%E3%81%AE%E4%BD%99%E7%99%BD%E3%82%92%E4%BD%9C%E3%82%8B%E5%9C%A8%E5%AE%85%E3%83%AF%E3%83%BC%E3%82%AB%E3%83%BC%E3%81%8C%E9%81%B8%E3%81%B6%E4%B8%8A%E8%B3%AA%E3%83%87%E3%82%B9: ('invalid_grant: Token has been expired or revoked.', {'error': 'invalid_grant', 'error_description': 'Token has been expired or revoked.'})
   ❌ Failed request for https://www.mikke-style.com/articles/20260510-%E9%9F%B3%E3%81%8C%E5%A4%89%E3%82%8F%E3%82%8B%E3%81%A8%E6%AF%8E%E6%97%A5%E3%81%8C%E5%A4%89%E3%82%8F%E3%82%8B%E3%81%93%E3%81%A0%E3%82%8F%E3%82%8A%E3%81%AE%E3%83%98%E3%83%83%E3%83%89%E3%83%9B%E3%83%B3%E3%82%A4%E3%83%A4%E3%83%9B: ('invalid_grant: Token has been expired or revoked.', {'error': 'invalid_grant', 'error_description': 'Token has been expired or revoked.'})
   ❌ Failed request for https://www.mikke-style.com/articles/20260511-%E7%81%AF%E3%82%92%E8%90%BD%E3%81%A8%E3%81%97%E3%81%A6%E3%81%8B%E3%82%89%E8%82%8C%E3%81%A8%E5%90%91%E3%81%8D%E5%90%88%E3%81%86%E5%A4%9C%E5%B0%B1%E5%AF%9D%E5%89%8D%E3%83%8A%E3%82%A4%E3%83%88%E3%82%B1%E3%82%A2%E3%82%B3%E3%82%B9: ('invalid_grant: Token has been expired or revoked.', {'error': 'invalid_grant', 'error_description': 'Token has been expired or revoked.'})
   ❌ Failed request for https://www.mikke-style.com/articles/20260511-%E9%9B%86%E4%B8%AD%E3%82%92%E5%A6%A8%E3%81%92%E3%81%AA%E3%81%84%E7%A7%98%E5%AF%86%E5%9F%BA%E5%9C%B0%E5%9C%A8%E5%AE%85%E3%83%AF%E3%83%BC%E3%82%AF%E3%81%AE%E8%B3%AA%E3%82%92%E9%AB%98%E3%82%81%E3%82%8B%E3%83%87%E3%82%B9%E3%82%AF: ('invalid_grant: Token has been expired or revoked.', {'error': 'invalid_grant', 'error_description': 'Token has been expired or revoked.'})
   ❌ Failed request for https://www.mikke-style.com/articles/20260512-%E9%83%A8%E5%B1%8B%E3%81%AB%E4%BD%99%E7%99%BD%E3%81%A8%E3%82%86%E3%81%A8%E3%82%8A%E3%82%92%E7%B4%A1%E3%81%90%E7%9C%81%E3%82%B9%E3%83%9A%E3%83%BC%E3%82%B9%E3%82%92%E5%8F%B6%E3%81%88%E3%82%8B%E9%9D%99%E9%9F%B3%E4%BE%BF%E5%88%A9: ('invalid_grant: Token has been expired or revoked.', {'error': 'invalid_grant', 'error_description': 'Token has been expired or revoked.'})
   ❌ Failed request for https://www.mikke-style.com/articles/20260513-%E5%A4%9C%E3%81%AE%E8%82%8C%E6%99%82%E9%96%93%E3%82%92%E4%B8%81%E5%AF%A7%E3%81%AB%E3%82%B9%E3%82%AD%E3%83%B3%E3%82%B1%E3%82%A2%E3%83%98%E3%82%A2%E3%82%B1%E3%82%A2%E3%81%AE%E6%9C%AC%E5%91%BD%E3%82%B3%E3%82%B9%E3%83%A16: ('invalid_grant: Token has been expired or revoked.', {'error': 'invalid_grant', 'error_description': 'Token has been expired or revoked.'})
   ❌ Failed request for https://www.mikke-style.com/articles/20260513-%E6%AF%8E%E6%9C%9D%E3%81%AE%E8%B3%AA%E3%81%8C%E5%A4%89%E3%82%8F%E3%82%8B%E7%94%9F%E6%B4%BB%E3%82%92%E6%95%B4%E3%81%88%E3%82%8B%E4%BE%BF%E5%88%A9%E3%82%B0%E3%83%83%E3%82%BA6%E9%81%B8: ('invalid_grant: Token has been expired or revoked.', {'error': 'invalid_grant', 'error_description': 'Token has been expired or revoked.'})
   ❌ Failed request for https://www.mikke-style.com/articles/20260514-%E6%AF%8E%E6%97%A5%E3%81%AE%E5%8F%B0%E6%89%80%E3%81%8C%E5%A5%BD%E3%81%8D%E3%81%AB%E3%81%AA%E3%82%8B%E3%82%AD%E3%83%83%E3%83%81%E3%83%B3%E9%9B%91%E8%B2%A8%E4%BF%9D%E5%AD%98%E5%AE%B9%E5%99%A8%E8%AA%BF%E7%90%86%E9%81%93%E5%85%B7: ('invalid_grant: Token has been expired or revoked.', {'error': 'invalid_grant', 'error_description': 'Token has been expired or revoked.'})
   ❌ Failed request for https://www.mikke-style.com/articles/20260515-%E5%AF%9D%E5%AE%A4%E3%81%AE%E7%A9%BA%E6%B0%97%E3%82%92%E9%A6%99%E3%82%8A%E3%81%8B%E3%82%89%E8%A8%AD%E8%A8%88%E3%81%99%E3%82%8B%E5%A4%9C%E3%82%A4%E3%83%B3%E3%83%86%E3%83%AA%E3%82%A2%E3%83%95%E3%83%AC%E3%82%B0%E3%83%A9%E3%83%B3: ('invalid_grant: Token has been expired or revoked.', {'error': 'invalid_grant', 'error_description': 'Token has been expired or revoked.'})
   ❌ Failed request for https://www.mikke-style.com/articles/20260516-%E5%A4%9C%E3%81%AE%E9%9D%99%E5%AF%82%E3%81%AB%E6%B4%BB%E5%AD%97%E3%81%8C%E6%BA%B6%E3%81%91%E3%82%8B%E9%9B%BB%E5%AD%90%E6%9B%B8%E7%B1%8D%E3%83%AA%E3%83%BC%E3%83%80%E3%83%BCe%E3%82%A4%E3%83%B3%E3%82%AF%E3%83%87%E3%83%90: ('invalid_grant: Token has been expired or revoked.', {'error': 'invalid_grant', 'error_description': 'Token has been expired or revoked.'})
   ❌ Failed request for https://www.mikke-style.com/articles/20260517-%E9%9F%B3%E3%81%A7%E5%A4%89%E3%82%8F%E3%82%8B%E6%9C%9D%E3%81%AE%E3%83%AA%E3%82%BA%E3%83%A0%E3%83%8E%E3%82%A4%E3%82%BA%E3%82%AD%E3%83%A3%E3%83%B3%E3%82%BB%E3%83%AA%E3%83%B3%E3%82%B0%E3%82%A4%E3%83%A4%E3%83%9B%E3%83%B3-: ('invalid_grant: Token has been expired or revoked.', {'error': 'invalid_grant', 'error_description': 'Token has been expired or revoked.'})
   ❌ Failed request for https://www.mikke-style.com/articles/20260518-%E7%84%9A%E3%81%8D%E7%81%AB%E3%81%AE%E5%A4%9C%E3%81%8C%E3%82%82%E3%81%A3%E3%81%A8%E5%A5%BD%E3%81%8D%E3%81%AB%E3%81%AA%E3%82%8B%E3%82%AD%E3%83%A3%E3%83%B3%E3%83%97%E3%82%A2%E3%82%A6%E3%83%88%E3%83%89%E3%82%A2%E3%82%AE%E3%82%A2: ('invalid_grant: Token has been expired or revoked.', {'error': 'invalid_grant', 'error_description': 'Token has been expired or revoked.'})
   ❌ Failed request for https://www.mikke-style.com/articles/20260519-%E7%84%9A%E3%81%8D%E7%81%AB%E3%81%AE%E5%89%8D%E3%81%AE%E9%9D%99%E3%81%8B%E3%81%AA%E6%99%82%E9%96%93%E3%82%A2%E3%82%A6%E3%83%88%E3%83%89%E3%82%A2%E3%82%AE%E3%82%A2-%E7%B2%BE%E9%8B%AD6%E9%81%B8: ('invalid_grant: Token has been expired or revoked.', {'error': 'invalid_grant', 'error_description': 'Token has been expired or revoked.'})
   ❌ Failed request for https://www.mikke-style.com/articles/20260520-2026%E5%B9%B4%E6%9C%80%E6%96%B0%E3%83%97%E3%83%AD%E3%81%8C%E5%8E%B3%E9%81%B8%E3%82%A8%E3%82%A4%E3%82%B8%E3%83%B3%E3%82%B0%E3%82%B1%E3%82%A2%E7%BE%8E%E5%AE%B9%E6%B6%B2%E3%81%8A%E3%81%99%E3%81%99%E3%82%81%E4%BA%BA%E6%B0%97%E3%83%A9%E3%83%B3: ('invalid_grant: Token has been expired or revoked.', {'error': 'invalid_grant', 'error_description': 'Token has been expired or revoked.'})
   ❌ Failed request for https://www.mikke-style.com/articles/20260520-2026%E5%B9%B4%E7%89%88%E5%9C%A8%E5%AE%85%E3%83%AF%E3%83%BC%E3%82%AF%E3%81%AE%E7%94%9F%E7%94%A3%E6%80%A7%E3%82%92%E6%9C%80%E5%A4%A7%E5%8C%96%E5%BF%AB%E9%81%A9%E3%81%AA%E3%83%87%E3%82%B9%E3%82%AF%E7%92%B0%E5%A2%83%E3%82%92%E5%8F%B6%E3%81%88: ('invalid_grant: Token has been expired or revoked.', {'error': 'invalid_grant', 'error_description': 'Token has been expired or revoked.'})
   ❌ Failed request for https://www.mikke-style.com/articles/20260521-%E5%85%89%E3%81%AE%E8%B3%AA%E3%81%8C%E9%83%A8%E5%B1%8B%E3%81%AE%E6%99%82%E9%96%93%E3%82%92%E5%A4%89%E3%81%88%E3%82%8B%E3%82%A4%E3%83%B3%E3%83%86%E3%83%AA%E3%82%A2%E7%85%A7%E6%98%8E%E3%83%86%E3%83%BC%E3%83%96%E3%83%AB%E3%83%A9: ('invalid_grant: Token has been expired or revoked.', {'error': 'invalid_grant', 'error_description': 'Token has been expired or revoked.'})
   ❌ Failed request for https://www.mikke-style.com/articles/20260521-%E6%9B%B8%E3%81%8F%E3%81%93%E3%81%A8%E3%81%A7%E6%80%9D%E8%80%83%E3%81%8C%E7%A0%94%E3%81%8E%E6%BE%84%E3%81%BE%E3%81%95%E3%82%8C%E3%82%8B%E6%89%8B%E6%9B%B8%E3%81%8D%E6%B4%BE%E3%81%AE%E3%81%9F%E3%82%81%E3%81%AE%E3%83%8E%E3%83%BC: ('invalid_grant: Token has been expired or revoked.', {'error': 'invalid_grant', 'error_description': 'Token has been expired or revoked.'})
   ❌ Failed request for https://www.mikke-style.com/articles/20260522-%E7%84%9A%E3%81%8D%E7%81%AB%E3%81%AE%E5%89%8D%E3%81%AB%E9%81%93%E5%85%B7%E3%82%92%E9%81%B8%E3%81%B6%E3%82%AD%E3%83%A3%E3%83%B3%E3%83%97%E8%AA%BF%E7%90%86%E3%82%92%E6%B7%B1%E3%82%81%E3%82%8B%E9%81%93%E5%85%B76%E9%81%B8: ('invalid_grant: Token has been expired or revoked.', {'error': 'invalid_grant', 'error_description': 'Token has been expired or revoked.'})
   ❌ Failed request for https://www.mikke-style.com/articles/20260523-2026%E5%B9%B4%E6%9C%80%E6%96%B0%E6%97%A5%E7%84%BC%E3%81%91%E6%AD%A2%E3%82%81%E3%81%8A%E3%81%99%E3%81%99%E3%82%81%E4%BA%BA%E6%B0%97%E3%83%A9%E3%83%B3%E3%82%AD%E3%83%B3%E3%82%B0%E7%B5%B6%E5%AF%BE%E3%81%AB%E7%84%BC%E3%81%8B%E3%81%AA%E3%81%84: ('invalid_grant: Token has been expired or revoked.', {'error': 'invalid_grant', 'error_description': 'Token has been expired or revoked.'})
   ❌ Failed request for https://www.mikke-style.com/articles/20260523-%E3%82%82%E3%81%97%E3%82%82%E3%82%92%E6%97%A5%E5%B8%B8%E3%81%AB%E3%81%99%E3%82%8B%E9%98%B2%E7%81%BD%E3%83%9D%E3%83%BC%E3%83%81%E3%81%AB%E5%85%A5%E3%82%8C%E3%81%9F%E3%81%84%E3%82%B0%E3%83%83%E3%82%BA6%E9%81%B8: ('invalid_grant: Token has been expired or revoked.', {'error': 'invalid_grant', 'error_description': 'Token has been expired or revoked.'})
   ❌ Failed request for https://www.mikke-style.com/articles/20260523-%E7%9B%AE%E8%A6%9A%E3%82%81%E3%81%AE%E8%89%AF%E3%81%95%E3%81%AF%E5%A4%9C%E3%81%AB%E8%A8%AD%E8%A8%88%E3%81%95%E3%82%8C%E3%82%8B%E7%9D%A1%E7%9C%A0%E7%92%B0%E5%A2%83%E3%82%92%E6%95%B4%E3%81%88%E3%82%8B%E5%AF%9D%E5%AE%A4%E3%82%A2: ('invalid_grant: Token has been expired or revoked.', {'error': 'invalid_grant', 'error_description': 'Token has been expired or revoked.'})
   ❌ Failed request for https://www.mikke-style.com/articles/20260524-%E6%9C%9D%E3%81%AE5%E5%88%86%E3%82%92%E4%BD%93%E3%81%AB%E8%BF%94%E3%81%99%E5%9C%A8%E5%AE%85%E3%83%AF%E3%83%BC%E3%82%AB%E3%83%BC%E3%81%8C%E9%81%B8%E3%81%B6%E3%82%B9%E3%83%88%E3%83%AC%E3%83%83%E3%83%81%E3%82%B1%E3%82%A2: ('invalid_grant: Token has been expired or revoked.', {'error': 'invalid_grant', 'error_description': 'Token has been expired or revoked.'})
   ❌ Failed request for https://www.mikke-style.com/articles/20260525-smartwatch-comparison: ('invalid_grant: Token has been expired or revoked.', {'error': 'invalid_grant', 'error_description': 'Token has been expired or revoked.'})
   ❌ Failed request for https://www.mikke-style.com/articles/20260525-%E5%8F%B0%E6%89%80%E3%81%AB%E8%81%B7%E4%BA%BA%E3%81%AE%E6%84%8F%E5%BF%97%E3%82%92%E7%BD%AE%E3%81%8F%E6%96%99%E7%90%86%E5%A5%BD%E3%81%8D%E3%81%8C%E8%AA%8D%E3%82%81%E3%82%8B%E6%9C%AC%E6%A0%BC%E3%82%AD%E3%83%83%E3%83%81%E3%83%B3: ('invalid_grant: Token has been expired or revoked.', {'error': 'invalid_grant', 'error_description': 'Token has been expired or revoked.'})
   ❌ Failed request for https://www.mikke-style.com/articles/20260526-best-shampoos-for-damaged-hair: ('invalid_grant: Token has been expired or revoked.', {'error': 'invalid_grant', 'error_description': 'Token has been expired or revoked.'})
   ❌ Failed request for https://www.mikke-style.com/articles/20260526-daily-life-water-bottle-guide: ('invalid_grant: Token has been expired or revoked.', {'error': 'invalid_grant', 'error_description': 'Token has been expired or revoked.'})
   ❌ Failed request for https://www.mikke-style.com/articles/20260526-mac-mini-monitors: ('invalid_grant: Token has been expired or revoked.', {'error': 'invalid_grant', 'error_description': 'Token has been expired or revoked.'})
   ❌ Failed request for https://www.mikke-style.com/articles/20260526-stroller-selection-guide: ('invalid_grant: Token has been expired or revoked.', {'error': 'invalid_grant', 'error_description': 'Token has been expired or revoked.'})
   ❌ Failed request for https://www.mikke-style.com/articles/20260526-%E7%84%9A%E3%81%8D%E7%81%AB%E3%81%AE%E5%89%8D%E3%81%AB%E9%81%93%E5%85%B7%E3%82%92%E9%81%B8%E3%81%B6%E3%82%AD%E3%83%A3%E3%83%B3%E3%83%97%E8%AA%BF%E7%90%86%E3%82%92%E6%B7%B1%E3%82%81%E3%82%8B%E9%81%93%E5%85%B76%E9%81%B8: ('invalid_grant: Token has been expired or revoked.', {'error': 'invalid_grant', 'error_description': 'Token has been expired or revoked.'})
   ❌ Failed request for https://www.mikke-style.com/articles/20260529-aroma-diffusers: ('invalid_grant: Token has been expired or revoked.', {'error': 'invalid_grant', 'error_description': 'Token has been expired or revoked.'})
   ❌ Failed request for https://www.mikke-style.com/articles/20260529-hair-dryers: ('invalid_grant: Token has been expired or revoked.', {'error': 'invalid_grant', 'error_description': 'Token has been expired or revoked.'})
   ❌ Failed request for https://www.mikke-style.com/articles/20260529-regal-business-shoes: ('invalid_grant: Token has been expired or revoked.', {'error': 'invalid_grant', 'error_description': 'Token has been expired or revoked.'})
   ❌ Failed request for https://www.mikke-style.com/articles/20260530-keyboards: ('invalid_grant: Token has been expired or revoked.', {'error': 'invalid_grant', 'error_description': 'Token has been expired or revoked.'})
   ❌ Failed request for https://www.mikke-style.com/articles/20260530-%E6%A4%8D%E7%89%A9%E8%82%B2%E6%88%90%E3%83%A9%E3%82%A4%E3%83%88%E3%81%AE%E3%81%8A%E3%81%99%E3%81%99%E3%82%81%E4%BA%BA%E6%B0%97%E3%83%A9%E3%83%B3%E3%82%AD%E3%83%B3%E3%82%B0: ('invalid_grant: Token has been expired or revoked.', {'error': 'invalid_grant', 'error_description': 'Token has been expired or revoked.'})
   ❌ Failed request for https://www.mikke-style.com/articles/20260531-aquarium-led-lights: ('invalid_grant: Token has been expired or revoked.', {'error': 'invalid_grant', 'error_description': 'Token has been expired or revoked.'})
   ❌ Failed request for https://www.mikke-style.com/articles/20260531-umbrellas: ('invalid_grant: Token has been expired or revoked.', {'error': 'invalid_grant', 'error_description': 'Token has been expired or revoked.'})
   ❌ Failed request for https://www.mikke-style.com/articles/20260603-eyeliner-comparison: ('invalid_grant: Token has been expired or revoked.', {'error': 'invalid_grant', 'error_description': 'Token has been expired or revoked.'})
   ❌ Failed request for https://www.mikke-style.com/articles/20260607-cleansing-oil: ('invalid_grant: Token has been expired or revoked.', {'error': 'invalid_grant', 'error_description': 'Token has been expired or revoked.'})
   ❌ Failed request for https://www.mikke-style.com/articles/20260607-serum: ('invalid_grant: Token has been expired or revoked.', {'error': 'invalid_grant', 'error_description': 'Token has been expired or revoked.'})
   ❌ Failed request for https://www.mikke-style.com/articles/20260608-face-mask: ('invalid_grant: Token has been expired or revoked.', {'error': 'invalid_grant', 'error_description': 'Token has been expired or revoked.'})
   ❌ Failed request for https://www.mikke-style.com/articles/20260608-toner: ('invalid_grant: Token has been expired or revoked.', {'error': 'invalid_grant', 'error_description': 'Token has been expired or revoked.'})
   ❌ Failed request for https://www.mikke-style.com/articles/20260609-cleansing-balm: ('invalid_grant: Token has been expired or revoked.', {'error': 'invalid_grant', 'error_description': 'Token has been expired or revoked.'})
   ❌ Failed request for https://www.mikke-style.com/articles/20260610-cleanser: ('invalid_grant: Token has been expired or revoked.', {'error': 'invalid_grant', 'error_description': 'Token has been expired or revoked.'})
   ❌ Failed request for https://www.mikke-style.com/articles/20260610-cleansing-gel: ('invalid_grant: Token has been expired or revoked.', {'error': 'invalid_grant', 'error_description': 'Token has been expired or revoked.'})
   ❌ Failed request for https://www.mikke-style.com/articles/20260611-booster: ('invalid_grant: Token has been expired or revoked.', {'error': 'invalid_grant', 'error_description': 'Token has been expired or revoked.'})
   ❌ Failed request for https://www.mikke-style.com/articles/20260611-lip-serum: ('invalid_grant: Token has been expired or revoked.', {'error': 'invalid_grant', 'error_description': 'Token has been expired or revoked.'})
   ❌ Failed request for https://www.mikke-style.com/articles/20260612-emulsion: ('invalid_grant: Token has been expired or revoked.', {'error': 'invalid_grant', 'error_description': 'Token has been expired or revoked.'})
   ❌ Failed request for https://www.mikke-style.com/articles/20260612-face-cream: ('invalid_grant: Token has been expired or revoked.', {'error': 'invalid_grant', 'error_description': 'Token has been expired or revoked.'})
   ❌ Failed request for https://www.mikke-style.com/articles/20260613-daily-pack: ('invalid_grant: Token has been expired or revoked.', {'error': 'invalid_grant', 'error_description': 'Token has been expired or revoked.'})
   ❌ Failed request for https://www.mikke-style.com/articles/20260614-affordable-cleanser: ('invalid_grant: Token has been expired or revoked.', {'error': 'invalid_grant', 'error_description': 'Token has been expired or revoked.'})
   ❌ Failed request for https://www.mikke-style.com/articles/20260614-peeling-serum: ('invalid_grant: Token has been expired or revoked.', {'error': 'invalid_grant', 'error_description': 'Token has been expired or revoked.'})
   ❌ Failed request for https://www.mikke-style.com/articles/20260615-mens-face-wash: ('invalid_grant: Token has been expired or revoked.', {'error': 'invalid_grant', 'error_description': 'Token has been expired or revoked.'})
   ❌ Failed request for https://www.mikke-style.com/articles/20260615-sheet-masks-for-40s: ('invalid_grant: Token has been expired or revoked.', {'error': 'invalid_grant', 'error_description': 'Token has been expired or revoked.'})
   ❌ Failed request for https://www.mikke-style.com/articles/20260616-face-wash: ('invalid_grant: Token has been expired or revoked.', {'error': 'invalid_grant', 'error_description': 'Token has been expired or revoked.'})
   ❌ Failed request for https://www.mikke-style.com/articles/20260616-hand-cream: ('invalid_grant: Token has been expired or revoked.', {'error': 'invalid_grant', 'error_description': 'Token has been expired or revoked.'})
   ❌ Failed request for https://www.mikke-style.com/articles/20260617-wet-cleanser: ('invalid_grant: Token has been expired or revoked.', {'error': 'invalid_grant', 'error_description': 'Token has been expired or revoked.'})
   ❌ Failed request for https://www.mikke-style.com/articles/20260618-affordable-booster: ('invalid_grant: Token has been expired or revoked.', {'error': 'invalid_grant', 'error_description': 'Token has been expired or revoked.'})
   ❌ Failed request for https://www.mikke-style.com/articles/20260619-cleansing-balm: ('invalid_grant: Token has been expired or revoked.', {'error': 'invalid_grant', 'error_description': 'Token has been expired or revoked.'})
   ❌ Failed request for https://www.mikke-style.com/articles/20260619-mascara: ('invalid_grant: Token has been expired or revoked.', {'error': 'invalid_grant', 'error_description': 'Token has been expired or revoked.'})
   ❌ Failed request for https://www.mikke-style.com/articles/20260620-article-001: ('invalid_grant: Token has been expired or revoked.', {'error': 'invalid_grant', 'error_description': 'Token has been expired or revoked.'})
   ❌ Failed request for https://www.mikke-style.com/articles/20260620-serum: ('invalid_grant: Token has been expired or revoked.', {'error': 'invalid_grant', 'error_description': 'Token has been expired or revoked.'})
   ❌ Failed request for https://www.mikke-style.com/articles/20260621-article-001: ('invalid_grant: Token has been expired or revoked.', {'error': 'invalid_grant', 'error_description': 'Token has been expired or revoked.'})
   ❌ Failed request for https://www.mikke-style.com/articles/20260621-serum: ('invalid_grant: Token has been expired or revoked.', {'error': 'invalid_grant', 'error_description': 'Token has been expired or revoked.'})
   ❌ Failed request for https://www.mikke-style.com/articles/20260622-article-001: ('invalid_grant: Token has been expired or revoked.', {'error': 'invalid_grant', 'error_description': 'Token has been expired or revoked.'})
   ❌ Failed request for https://www.mikke-style.com/articles/20260622-toner: ('invalid_grant: Token has been expired or revoked.', {'error': 'invalid_grant', 'error_description': 'Token has been expired or revoked.'})
   ❌ Failed request for https://www.mikke-style.com/articles/20260624-beauty: ('invalid_grant: Token has been expired or revoked.', {'error': 'invalid_grant', 'error_description': 'Token has been expired or revoked.'})
   ❌ Failed request for https://www.mikke-style.com/articles/20260624-treatment: ('invalid_grant: Token has been expired or revoked.', {'error': 'invalid_grant', 'error_description': 'Token has been expired or revoked.'})
   ❌ Failed request for https://www.mikke-style.com/articles/20260625-beauty: ('invalid_grant: Token has been expired or revoked.', {'error': 'invalid_grant', 'error_description': 'Token has been expired or revoked.'})
   ❌ Failed request for https://www.mikke-style.com/articles/20260625-serum: ('invalid_grant: Token has been expired or revoked.', {'error': 'invalid_grant', 'error_description': 'Token has been expired or revoked.'})
   ❌ Failed request for https://www.mikke-style.com/articles/20260626-beauty: ('invalid_grant: Token has been expired or revoked.', {'error': 'invalid_grant', 'error_description': 'Token has been expired or revoked.'})
   ❌ Failed request for https://www.mikke-style.com/articles/20260627-beauty: ('invalid_grant: Token has been expired or revoked.', {'error': 'invalid_grant', 'error_description': 'Token has been expired or revoked.'})
   ❌ Failed request for https://www.mikke-style.com/articles/20260628-beauty: ('invalid_grant: Token has been expired or revoked.', {'error': 'invalid_grant', 'error_description': 'Token has been expired or revoked.'})
   ❌ Failed request for https://www.mikke-style.com/articles/20260629-beauty: ('invalid_grant: Token has been expired or revoked.', {'error': 'invalid_grant', 'error_description': 'Token has been expired or revoked.'})
   ❌ Failed request for https://www.mikke-style.com/articles/20260702-beauty-2: ('invalid_grant: Token has been expired or revoked.', {'error': 'invalid_grant', 'error_description': 'Token has been expired or revoked.'})
   ❌ Failed request for https://www.mikke-style.com/articles/20260702-beauty: ('invalid_grant: Token has been expired or revoked.', {'error': 'invalid_grant', 'error_description': 'Token has been expired or revoked.'})
   ❌ Failed request for https://www.mikke-style.com/articles/20260703-beauty-1: ('invalid_grant: Token has been expired or revoked.', {'error': 'invalid_grant', 'error_description': 'Token has been expired or revoked.'})
   ❌ Failed request for https://www.mikke-style.com/articles/20260703-beauty-2: ('invalid_grant: Token has been expired or revoked.', {'error': 'invalid_grant', 'error_description': 'Token has been expired or revoked.'})
   ❌ Failed request for https://www.mikke-style.com/articles/20260704-beauty-1: ('invalid_grant: Token has been expired or revoked.', {'error': 'invalid_grant', 'error_description': 'Token has been expired or revoked.'})
   ❌ Failed request for https://www.mikke-style.com/articles/cleansing-oil-real: ('invalid_grant: Token has been expired or revoked.', {'error': 'invalid_grant', 'error_description': 'Token has been expired or revoked.'})
✅ Indexing requests sent: 0/109
🔄 [Step 3] Analyzing GA4 Traffic and PV Growth...
🔄 [Step 4] Detecting Articles with low internal links (< 3)...

⚠️ --- Articles with Low Internal Links (< 3) ---
Article Slug                                                      | Internal Links Count
------------------------------------------------------------------------------------------
20260709-cream                                                    | 0                   
20260530-植物育成ライトのおすすめ人気ランキング                                      | 0                   
20260516-夜の静寂に活字が溶ける電子書籍リーダーeインクデバ                                | 1                   
20260412-2026年春テレワークが劇的に捗るデスク周りのおすすめガジェ                           | 1                   
20260507-浴室を一日の終わりの聖域にバスタイムケアグッズ6選                                | 1                   
20260512-部屋に余白とゆとりを紡ぐ省スペースを叶える静音便利                                | 2                   
20260708-beauty-1                                                 | 0                   
20260523-2026年最新日焼け止めおすすめ人気ランキング絶対に焼かない                           | 0                   
20260413-2026年最新忙しい朝を劇的に変える暮らしの質が上がる厳選時                           | 2                   
20260707-beauty                                                   | 0                   
20260420-新製品レビュー：最新の日焼け止めクリーム                                     | 1                   
20260521-書くことで思考が研ぎ澄まされる手書き派のためのノー                                | 1                   
20260509-髪をちゃんといたわるサロン品質ヘアケアアイテム6選                                | 1                   
20260525-smartwatch-comparison                                    | 0                   
20260520-2026年最新プロが厳選エイジングケア美容液おすすめ人気ラン                           | 0                   
20260709-beauty-1                                                 | 0                   
20260707-beauty-2                                                 | 0                   
20260517-音で変わる朝のリズムノイズキャンセリングイヤホン-                                | 1                   
20260429-豆から始まる朝の時間割スペシャルティコーヒー器具6                                | 2                   
20260518-焚き火の夜がもっと好きになるキャンプアウトドアギア                                | 1                   
20260519-焚き火の前の静かな時間アウトドアギア-精鋭6選                                  | 1                   
20260708-beauty-2                                                 | 0                   
20260412-2026年春テレワークが劇的に捗るデスク周りのおすすめガジェ-fix                       | 0                   
20260515-寝室の空気を香りから設計する夜インテリアフレグラン                                | 1                   
------------------------------------------------------------------------------------------
Total articles with low links: 24

=== SEO Automation Run Finished ===

/Users/tsukika/Library/Python/3.9/lib/python/site-packages/google/oauth2/__init__.py:40: FutureWarning: You are using a Python version 3.9 past its end of life. Google will update google-auth with critical bug fixes on a best-effort basis, but not with any other fixes or features. Please upgrade your Python version, and then update google-auth.
  warnings.warn(eol_message.format("3.9"), FutureWarning)
/Users/tsukika/Library/Python/3.9/lib/python/site-packages/google/auth/__init__.py:54: FutureWarning: You are using a Python version 3.9 past its end of life. Google will update google-auth with critical bug fixes on a best-effort basis, but not with any other fixes or features. Please upgrade your Python version, and then update google-auth.
  warnings.warn(eol_message.format("3.9"), FutureWarning)
/Users/tsukika/Library/Python/3.9/lib/python/site-packages/google/api_core/_python_version_support.py:242: FutureWarning: You are using a non-supported Python version (3.9.6). Google will not post any further updates to google.api_core supporting this Python version. Please upgrade to the latest Python version, or at least Python 3.10, and then update google.api_core.
  warnings.warn(message, FutureWarning)
/Users/tsukika/Library/Python/3.9/lib/python/site-packages/urllib3/__init__.py:35: NotOpenSSLWarning: urllib3 v2 only supports OpenSSL 1.1.1+, currently the 'ssl' module is compiled with 'LibreSSL 2.8.3'. See: https://github.com/urllib3/urllib3/issues/3020
  warnings.warn(
/Users/tsukika/Library/Python/3.9/lib/python/site-packages/google/api_core/_python_version_support.py:242: FutureWarning: You are using a non-supported Python version (3.9.6). Google will not post any further updates to google.analytics.data_v1beta supporting this Python version. Please upgrade to the latest Python version, or at least Python 3.10, and then update google.analytics.data_v1beta.
  warnings.warn(message, FutureWarning)
=== SEO Automation Run: 2026-07-10 06:00:09 ===
🔄 [Step 1] Updating Sitemap via Next-Sitemap...
❌ Failed to update sitemap: [Errno 2] No such file or directory: 'npx'
🔄 [Step 2] Sending URL Indexing Requests...
🔑 Authenticating with OAuth 2.0 Playground credentials...
   ❌ Failed request for https://www.mikke-style.com/articles/20260412-2026%E5%B9%B4%E6%98%A5%E3%83%86%E3%83%AC%E3%83%AF%E3%83%BC%E3%82%AF%E3%81%8C%E5%8A%87%E7%9A%84%E3%81%AB%E6%8D%97%E3%82%8B%E3%83%87%E3%82%B9%E3%82%AF%E5%91%A8%E3%82%8A%E3%81%AE%E3%81%8A%E3%81%99%E3%81%99%E3%82%81%E3%82%AC%E3%82%B8%E3%82%A7: Unable to find the server at oauth2.googleapis.com
   ❌ Failed request for https://www.mikke-style.com/articles/20260413-2026%E5%B9%B4%E6%9C%80%E6%96%B0%E5%BF%99%E3%81%97%E3%81%84%E6%9C%9D%E3%82%92%E5%8A%87%E7%9A%84%E3%81%AB%E5%A4%89%E3%81%88%E3%82%8B%E6%9A%AE%E3%82%89%E3%81%97%E3%81%AE%E8%B3%AA%E3%81%8C%E4%B8%8A%E3%81%8C%E3%82%8B%E5%8E%B3%E9%81%B8%E6%99%82: Unable to find the server at oauth2.googleapis.com
   ❌ Failed request for https://www.mikke-style.com/articles/20260415-gw-travel-outdoor: Unable to find the server at oauth2.googleapis.com
   ❌ Failed request for https://www.mikke-style.com/articles/20260418-skincare-spring: Unable to find the server at oauth2.googleapis.com
   ❌ Failed request for https://www.mikke-style.com/articles/20260419-ps5-apple-a19-hikaku: Unable to find the server at oauth2.googleapis.com
   ❌ Failed request for https://www.mikke-style.com/articles/20260420-%E6%96%B0%E8%A3%BD%E5%93%81%E3%83%AC%E3%83%93%E3%83%A5%E3%83%BC%EF%BC%9A%E6%9C%80%E6%96%B0%E3%81%AE%E6%97%A5%E7%84%BC%E3%81%91%E6%AD%A2%E3%82%81%E3%82%AF%E3%83%AA%E3%83%BC%E3%83%A0: Unable to find the server at oauth2.googleapis.com
   ❌ Failed request for https://www.mikke-style.com/articles/20260420-%E6%98%A5%E3%81%AE%E6%96%B0%E7%94%9F%E6%B4%BB%E3%81%AB%E3%81%B4%E3%81%A3%E3%81%9F%E3%82%8A%E3%81%AE%E3%82%A4%E3%83%B3%E3%83%86%E3%83%AA%E3%82%A2%E3%82%A2%E3%82%A4%E3%83%86%E3%83%A0: Unable to find the server at oauth2.googleapis.com
   ❌ Failed request for https://www.mikke-style.com/articles/20260422-2026%E5%B9%B4%E6%98%A5%E8%8A%B1%E7%B2%89%E7%B4%AB%E5%A4%96%E7%B7%9A%E3%83%80%E3%83%96%E3%83%AB%E5%AF%BE%E7%AD%96%E8%82%8C%E3%82%92%E5%AE%88%E3%82%8B%E3%82%B9%E3%82%AD%E3%83%B3%E3%82%B1%E3%82%A2: Unable to find the server at oauth2.googleapis.com
   ❌ Failed request for https://www.mikke-style.com/articles/20260422-2026%E5%B9%B4%E6%9C%80%E6%96%B0%E5%88%9D%E5%BF%83%E8%80%85%E3%81%A7%E3%82%82%E4%BD%BF%E3%81%84%E3%82%84%E3%81%99%E3%81%84%E3%82%B3%E3%82%B9%E3%83%91%E6%9C%80%E5%BC%B7%E3%83%9F%E3%83%A9%E3%83%BC: Unable to find the server at oauth2.googleapis.com
   ❌ Failed request for https://www.mikke-style.com/articles/20260423-2026%E5%B9%B4%E6%9C%80%E6%96%B0%E4%B9%BE%E7%87%A5%E8%82%8C%E3%81%95%E3%82%93%E5%BF%85%E8%A6%8B%E3%83%97%E3%83%81%E3%83%97%E3%83%A9%E3%81%AA%E3%81%AE%E3%81%AB%E5%AE%9F%E5%8A%9B%E6%B4%BE%E3%82%B9: Unable to find the server at oauth2.googleapis.com
   ❌ Failed request for https://www.mikke-style.com/articles/20260423-%E6%99%82%E7%9F%AD%E3%83%A9%E3%82%AF%E5%AE%B6%E4%BA%8B%E6%96%99%E7%90%86%E3%81%8C%E6%A5%BD%E3%81%97%E3%81%8F%E3%81%AA%E3%82%8B%E3%82%AD%E3%83%83%E3%83%81%E3%83%B3%E4%BE%BF%E5%88%A9%E3%82%B0%E3%83%83%E3%82%BA7%E9%81%B8: Unable to find the server at oauth2.googleapis.com
   ❌ Failed request for https://www.mikke-style.com/articles/20260424-2026%E5%B9%B4%E6%9C%80%E6%96%B0%E3%83%A1%E3%83%B3%E3%82%BA%E3%82%B9%E3%82%AD%E3%83%B3%E3%82%B1%E3%82%A2%E5%88%9D%E5%BF%83%E8%80%85%E5%BF%85%E8%A6%8B%E6%9C%AC%E5%BD%93%E3%81%AB%E8%B2%B7%E3%81%86: Unable to find the server at oauth2.googleapis.com
   ❌ Failed request for https://www.mikke-style.com/articles/20260424-2026%E5%B9%B4%E7%9D%A1%E7%9C%A0%E3%81%AE%E8%B3%AA%E3%82%92%E4%B8%8A%E3%81%92%E3%81%9F%E3%81%84%E4%BA%BA%E3%81%B8%E3%81%8A%E3%81%99%E3%81%99%E3%82%81%E5%BF%AB%E7%9C%A0%E3%82%B0%E3%83%83%E3%82%BA: Unable to find the server at oauth2.googleapis.com
   ❌ Failed request for https://www.mikke-style.com/articles/20260424-2026%E5%B9%B4%E8%87%AA%E5%AE%85%E3%81%A7%E3%81%A8%E3%81%A8%E3%81%AE%E3%81%86%E3%82%B5%E3%82%A6%E3%83%8A%E5%A5%BD%E3%81%8D%E3%81%8C%E9%81%B8%E3%81%B6%E3%81%8A%E3%81%99%E3%81%99%E3%82%81%E6%B8%A9: Unable to find the server at oauth2.googleapis.com
   ❌ Failed request for https://www.mikke-style.com/articles/20260426-2026%E5%B9%B4%E4%BF%9D%E5%AD%98%E7%89%88%E9%98%B2%E7%81%BD%E3%82%A2%E3%82%A6%E3%83%88%E3%83%89%E3%82%A2%E3%81%AB%E5%BD%B9%E7%AB%8B%E3%81%A4%E3%83%9D%E3%83%BC%E3%82%BF%E3%83%96%E3%83%AB%E9%9B%BB: Unable to find the server at oauth2.googleapis.com
   ❌ Failed request for https://www.mikke-style.com/articles/20260426-2026%E5%B9%B4%E6%9C%80%E6%96%B0%E5%81%A5%E5%BA%B7%E7%AE%A1%E7%90%86%E3%81%AB%E5%BD%B9%E7%AB%8B%E3%81%A4%E3%82%B9%E3%83%9E%E3%83%BC%E3%83%88%E3%82%A6%E3%82%A9%E3%83%83%E3%83%81%E3%81%8A%E3%81%99: Unable to find the server at oauth2.googleapis.com
   ❌ Failed request for https://www.mikke-style.com/articles/20260426-2026%E5%B9%B4%E6%9C%80%E6%96%B0%E5%A4%B1%E6%95%97%E3%81%97%E3%81%AA%E3%81%84%E3%83%8E%E3%82%A4%E3%82%BA%E3%82%AD%E3%83%A3%E3%83%B3%E3%82%BB%E3%83%AA%E3%83%B3%E3%82%B0%E6%90%AD%E8%BC%89%E3%83%AF: Unable to find the server at oauth2.googleapis.com
   ❌ Failed request for https://www.mikke-style.com/articles/20260427-2026%E5%B9%B4%E7%BE%8E%E5%AE%B9%E5%A5%BD%E3%81%8D%E3%81%8C%E3%83%AA%E3%83%94%E8%B2%B7%E3%81%84%E8%A9%B1%E9%A1%8C%E3%81%AE%E9%9F%93%E5%9B%BD%E3%82%B3%E3%82%B9%E3%83%A1%E3%81%8A%E3%81%99%E3%81%99: Unable to find the server at oauth2.googleapis.com
   ❌ Failed request for https://www.mikke-style.com/articles/20260427-%E3%83%87%E3%82%B9%E3%82%AF%E3%81%AB%E9%9D%99%E3%81%91%E3%81%95%E3%82%92%E8%A8%AD%E8%A8%88%E3%81%99%E3%82%8B%E5%9C%A8%E5%AE%85%E3%83%AF%E3%83%BC%E3%82%AF%E7%92%B0%E5%A2%83%E3%82%92%E6%95%B4%E3%81%88%E3%82%8B%E3%82%AC%E3%82%B8: Unable to find the server at oauth2.googleapis.com
   ❌ Failed request for https://www.mikke-style.com/articles/20260429-%E6%98%8E%E6%97%A5%E3%81%AE%E6%9C%9D%E3%81%8C%E5%A4%89%E3%82%8F%E3%82%8B%E5%A4%9C%E3%81%AE%E9%AB%AA%E6%99%82%E9%96%93%E3%83%98%E3%82%A2%E3%83%88%E3%83%AA%E3%83%BC%E3%83%88%E3%83%A1%E3%83%B3%E3%83%88%E3%83%8A%E3%82%A4%E3%83%88: Unable to find the server at oauth2.googleapis.com
   ❌ Failed request for https://www.mikke-style.com/articles/20260429-%E8%B1%86%E3%81%8B%E3%82%89%E5%A7%8B%E3%81%BE%E3%82%8B%E6%9C%9D%E3%81%AE%E6%99%82%E9%96%93%E5%89%B2%E3%82%B9%E3%83%9A%E3%82%B7%E3%83%A3%E3%83%AB%E3%83%86%E3%82%A3%E3%82%B3%E3%83%BC%E3%83%92%E3%83%BC%E5%99%A8%E5%85%B76: Unable to find the server at oauth2.googleapis.com
   ❌ Failed request for https://www.mikke-style.com/articles/20260429-%E9%83%A8%E5%B1%8B%E3%81%AB%E4%BD%99%E7%99%BD%E3%82%92%E7%BD%AE%E3%81%8F%E4%B8%80%E4%BA%BA%E6%9A%AE%E3%82%89%E3%81%97%E3%83%9F%E3%83%8B%E3%83%9E%E3%83%AA%E3%82%B9%E3%83%88%E3%81%AE%E3%82%A4%E3%83%B3%E3%83%86%E3%83%AA%E3%82%A2: Unable to find the server at oauth2.googleapis.com
   ❌ Failed request for https://www.mikke-style.com/articles/20260430-%E8%82%8C%E3%81%8C%E5%83%8D%E3%81%8F%E5%A4%9C%E3%81%AE%E3%81%9F%E3%82%81%E3%81%AB%E9%9F%93%E5%9B%BD%E7%99%BA%E3%83%8A%E3%82%A4%E3%83%88%E3%82%B9%E3%82%AD%E3%83%B3%E3%82%B1%E3%82%A26%E9%81%B8: Unable to find the server at oauth2.googleapis.com
   ❌ Failed request for https://www.mikke-style.com/articles/20260501-%E8%80%B3%E3%81%AB%E6%AD%A3%E7%9B%B4%E3%81%AA%E9%9F%B3%E3%82%92%E5%B1%8A%E3%81%91%E3%82%8B%E3%83%97%E3%83%AC%E3%83%9F%E3%82%A2%E3%83%A0%E3%83%AF%E3%82%A4%E3%83%A4%E3%83%AC%E3%82%B9%E3%82%A4%E3%83%A4%E3%83%95%E3%82%A9%E3%83%B3: Unable to find the server at oauth2.googleapis.com
   ❌ Failed request for https://www.mikke-style.com/articles/20260504-%E9%9D%99%E9%9F%B3%E3%81%A8%E9%9B%86%E4%B8%AD%E3%82%92%E6%9C%BA%E3%81%AE%E4%B8%8A%E3%81%AB%E8%A8%AD%E8%A8%88%E3%81%99%E3%82%8B%E5%9C%A8%E5%AE%85%E3%83%AF%E3%83%BC%E3%82%AF%E7%92%B0%E5%A2%83%E3%82%92%E6%95%B4%E3%81%88%E3%82%8B: Unable to find the server at oauth2.googleapis.com
   ❌ Failed request for https://www.mikke-style.com/articles/20260505-%E5%A4%9C%E3%81%AE%E7%A9%BA%E6%B0%97%E3%82%92%E9%A6%99%E3%82%8A%E3%81%A7%E5%A1%97%E3%82%8A%E6%9B%BF%E3%81%88%E3%82%8B%E3%83%AB%E3%83%BC%E3%83%A0%E3%83%95%E3%83%AC%E3%82%B0%E3%83%A9%E3%83%B3%E3%82%B96%E9%81%B8: Unable to find the server at oauth2.googleapis.com
   ❌ Failed request for https://www.mikke-style.com/articles/20260507-%E6%B5%B4%E5%AE%A4%E3%82%92%E4%B8%80%E6%97%A5%E3%81%AE%E7%B5%82%E3%82%8F%E3%82%8A%E3%81%AE%E8%81%96%E5%9F%9F%E3%81%AB%E3%83%90%E3%82%B9%E3%82%BF%E3%82%A4%E3%83%A0%E3%82%B1%E3%82%A2%E3%82%B0%E3%83%83%E3%82%BA6%E9%81%B8: Unable to find the server at oauth2.googleapis.com
   ❌ Failed request for https://www.mikke-style.com/articles/20260508-%E7%94%B7%E3%81%AE%E8%82%8C%E3%82%82%E6%95%B4%E3%81%86%E6%99%82%E4%BB%A3%E3%81%B8%E3%83%A1%E3%83%B3%E3%82%BA%E3%82%B9%E3%82%AD%E3%83%B3%E3%82%B1%E3%82%A2%E3%82%92%E6%9C%AC%E6%A0%BC%E5%8C%96%E3%81%99%E3%82%8B%E7%BE%8E%E5%AE%B9: Unable to find the server at oauth2.googleapis.com
   ❌ Failed request for https://www.mikke-style.com/articles/20260509-%E6%96%99%E7%90%86%E3%81%8C%E5%A4%89%E3%82%8F%E3%82%8B%E9%81%93%E5%85%B7%E3%82%92%E5%A4%89%E3%81%88%E3%82%8B%E3%81%A0%E3%81%91%E3%81%A7%E6%9C%AC%E6%A0%BC%E3%82%AD%E3%83%83%E3%83%81%E3%83%B3%E3%83%84%E3%83%BC%E3%83%AB6: Unable to find the server at oauth2.googleapis.com
   ❌ Failed request for https://www.mikke-style.com/articles/20260509-%E9%AB%AA%E3%82%92%E3%81%A1%E3%82%83%E3%82%93%E3%81%A8%E3%81%84%E3%81%9F%E3%82%8F%E3%82%8B%E3%82%B5%E3%83%AD%E3%83%B3%E5%93%81%E8%B3%AA%E3%83%98%E3%82%A2%E3%82%B1%E3%82%A2%E3%82%A2%E3%82%A4%E3%83%86%E3%83%A06%E9%81%B8: Unable to find the server at oauth2.googleapis.com
   ❌ Failed request for https://www.mikke-style.com/articles/20260510-%E6%9C%BA%E3%81%AE%E4%B8%8A%E3%81%AB%E4%BB%95%E4%BA%8B%E3%81%AE%E4%BD%99%E7%99%BD%E3%82%92%E4%BD%9C%E3%82%8B%E5%9C%A8%E5%AE%85%E3%83%AF%E3%83%BC%E3%82%AB%E3%83%BC%E3%81%8C%E9%81%B8%E3%81%B6%E4%B8%8A%E8%B3%AA%E3%83%87%E3%82%B9: Unable to find the server at oauth2.googleapis.com
   ❌ Failed request for https://www.mikke-style.com/articles/20260510-%E9%9F%B3%E3%81%8C%E5%A4%89%E3%82%8F%E3%82%8B%E3%81%A8%E6%AF%8E%E6%97%A5%E3%81%8C%E5%A4%89%E3%82%8F%E3%82%8B%E3%81%93%E3%81%A0%E3%82%8F%E3%82%8A%E3%81%AE%E3%83%98%E3%83%83%E3%83%89%E3%83%9B%E3%83%B3%E3%82%A4%E3%83%A4%E3%83%9B: Unable to find the server at oauth2.googleapis.com
   ❌ Failed request for https://www.mikke-style.com/articles/20260511-%E7%81%AF%E3%82%92%E8%90%BD%E3%81%A8%E3%81%97%E3%81%A6%E3%81%8B%E3%82%89%E8%82%8C%E3%81%A8%E5%90%91%E3%81%8D%E5%90%88%E3%81%86%E5%A4%9C%E5%B0%B1%E5%AF%9D%E5%89%8D%E3%83%8A%E3%82%A4%E3%83%88%E3%82%B1%E3%82%A2%E3%82%B3%E3%82%B9: Unable to find the server at oauth2.googleapis.com
   ❌ Failed request for https://www.mikke-style.com/articles/20260511-%E9%9B%86%E4%B8%AD%E3%82%92%E5%A6%A8%E3%81%92%E3%81%AA%E3%81%84%E7%A7%98%E5%AF%86%E5%9F%BA%E5%9C%B0%E5%9C%A8%E5%AE%85%E3%83%AF%E3%83%BC%E3%82%AF%E3%81%AE%E8%B3%AA%E3%82%92%E9%AB%98%E3%82%81%E3%82%8B%E3%83%87%E3%82%B9%E3%82%AF: Unable to find the server at oauth2.googleapis.com
   ❌ Failed request for https://www.mikke-style.com/articles/20260512-%E9%83%A8%E5%B1%8B%E3%81%AB%E4%BD%99%E7%99%BD%E3%81%A8%E3%82%86%E3%81%A8%E3%82%8A%E3%82%92%E7%B4%A1%E3%81%90%E7%9C%81%E3%82%B9%E3%83%9A%E3%83%BC%E3%82%B9%E3%82%92%E5%8F%B6%E3%81%88%E3%82%8B%E9%9D%99%E9%9F%B3%E4%BE%BF%E5%88%A9: Unable to find the server at oauth2.googleapis.com
   ❌ Failed request for https://www.mikke-style.com/articles/20260513-%E5%A4%9C%E3%81%AE%E8%82%8C%E6%99%82%E9%96%93%E3%82%92%E4%B8%81%E5%AF%A7%E3%81%AB%E3%82%B9%E3%82%AD%E3%83%B3%E3%82%B1%E3%82%A2%E3%83%98%E3%82%A2%E3%82%B1%E3%82%A2%E3%81%AE%E6%9C%AC%E5%91%BD%E3%82%B3%E3%82%B9%E3%83%A16: Unable to find the server at oauth2.googleapis.com
   ❌ Failed request for https://www.mikke-style.com/articles/20260513-%E6%AF%8E%E6%9C%9D%E3%81%AE%E8%B3%AA%E3%81%8C%E5%A4%89%E3%82%8F%E3%82%8B%E7%94%9F%E6%B4%BB%E3%82%92%E6%95%B4%E3%81%88%E3%82%8B%E4%BE%BF%E5%88%A9%E3%82%B0%E3%83%83%E3%82%BA6%E9%81%B8: Unable to find the server at oauth2.googleapis.com
   ❌ Failed request for https://www.mikke-style.com/articles/20260514-%E6%AF%8E%E6%97%A5%E3%81%AE%E5%8F%B0%E6%89%80%E3%81%8C%E5%A5%BD%E3%81%8D%E3%81%AB%E3%81%AA%E3%82%8B%E3%82%AD%E3%83%83%E3%83%81%E3%83%B3%E9%9B%91%E8%B2%A8%E4%BF%9D%E5%AD%98%E5%AE%B9%E5%99%A8%E8%AA%BF%E7%90%86%E9%81%93%E5%85%B7: Unable to find the server at oauth2.googleapis.com
   ❌ Failed request for https://www.mikke-style.com/articles/20260515-%E5%AF%9D%E5%AE%A4%E3%81%AE%E7%A9%BA%E6%B0%97%E3%82%92%E9%A6%99%E3%82%8A%E3%81%8B%E3%82%89%E8%A8%AD%E8%A8%88%E3%81%99%E3%82%8B%E5%A4%9C%E3%82%A4%E3%83%B3%E3%83%86%E3%83%AA%E3%82%A2%E3%83%95%E3%83%AC%E3%82%B0%E3%83%A9%E3%83%B3: Unable to find the server at oauth2.googleapis.com
   ❌ Failed request for https://www.mikke-style.com/articles/20260516-%E5%A4%9C%E3%81%AE%E9%9D%99%E5%AF%82%E3%81%AB%E6%B4%BB%E5%AD%97%E3%81%8C%E6%BA%B6%E3%81%91%E3%82%8B%E9%9B%BB%E5%AD%90%E6%9B%B8%E7%B1%8D%E3%83%AA%E3%83%BC%E3%83%80%E3%83%BCe%E3%82%A4%E3%83%B3%E3%82%AF%E3%83%87%E3%83%90: Unable to find the server at oauth2.googleapis.com
   ❌ Failed request for https://www.mikke-style.com/articles/20260517-%E9%9F%B3%E3%81%A7%E5%A4%89%E3%82%8F%E3%82%8B%E6%9C%9D%E3%81%AE%E3%83%AA%E3%82%BA%E3%83%A0%E3%83%8E%E3%82%A4%E3%82%BA%E3%82%AD%E3%83%A3%E3%83%B3%E3%82%BB%E3%83%AA%E3%83%B3%E3%82%B0%E3%82%A4%E3%83%A4%E3%83%9B%E3%83%B3-: Unable to find the server at oauth2.googleapis.com
   ❌ Failed request for https://www.mikke-style.com/articles/20260518-%E7%84%9A%E3%81%8D%E7%81%AB%E3%81%AE%E5%A4%9C%E3%81%8C%E3%82%82%E3%81%A3%E3%81%A8%E5%A5%BD%E3%81%8D%E3%81%AB%E3%81%AA%E3%82%8B%E3%82%AD%E3%83%A3%E3%83%B3%E3%83%97%E3%82%A2%E3%82%A6%E3%83%88%E3%83%89%E3%82%A2%E3%82%AE%E3%82%A2: Unable to find the server at oauth2.googleapis.com
   ❌ Failed request for https://www.mikke-style.com/articles/20260519-%E7%84%9A%E3%81%8D%E7%81%AB%E3%81%AE%E5%89%8D%E3%81%AE%E9%9D%99%E3%81%8B%E3%81%AA%E6%99%82%E9%96%93%E3%82%A2%E3%82%A6%E3%83%88%E3%83%89%E3%82%A2%E3%82%AE%E3%82%A2-%E7%B2%BE%E9%8B%AD6%E9%81%B8: Unable to find the server at oauth2.googleapis.com
   ❌ Failed request for https://www.mikke-style.com/articles/20260520-2026%E5%B9%B4%E6%9C%80%E6%96%B0%E3%83%97%E3%83%AD%E3%81%8C%E5%8E%B3%E9%81%B8%E3%82%A8%E3%82%A4%E3%82%B8%E3%83%B3%E3%82%B0%E3%82%B1%E3%82%A2%E7%BE%8E%E5%AE%B9%E6%B6%B2%E3%81%8A%E3%81%99%E3%81%99%E3%82%81%E4%BA%BA%E6%B0%97%E3%83%A9%E3%83%B3: Unable to find the server at oauth2.googleapis.com
   ❌ Failed request for https://www.mikke-style.com/articles/20260520-2026%E5%B9%B4%E7%89%88%E5%9C%A8%E5%AE%85%E3%83%AF%E3%83%BC%E3%82%AF%E3%81%AE%E7%94%9F%E7%94%A3%E6%80%A7%E3%82%92%E6%9C%80%E5%A4%A7%E5%8C%96%E5%BF%AB%E9%81%A9%E3%81%AA%E3%83%87%E3%82%B9%E3%82%AF%E7%92%B0%E5%A2%83%E3%82%92%E5%8F%B6%E3%81%88: Unable to find the server at oauth2.googleapis.com
   ❌ Failed request for https://www.mikke-style.com/articles/20260521-%E5%85%89%E3%81%AE%E8%B3%AA%E3%81%8C%E9%83%A8%E5%B1%8B%E3%81%AE%E6%99%82%E9%96%93%E3%82%92%E5%A4%89%E3%81%88%E3%82%8B%E3%82%A4%E3%83%B3%E3%83%86%E3%83%AA%E3%82%A2%E7%85%A7%E6%98%8E%E3%83%86%E3%83%BC%E3%83%96%E3%83%AB%E3%83%A9: Unable to find the server at oauth2.googleapis.com
   ❌ Failed request for https://www.mikke-style.com/articles/20260521-%E6%9B%B8%E3%81%8F%E3%81%93%E3%81%A8%E3%81%A7%E6%80%9D%E8%80%83%E3%81%8C%E7%A0%94%E3%81%8E%E6%BE%84%E3%81%BE%E3%81%95%E3%82%8C%E3%82%8B%E6%89%8B%E6%9B%B8%E3%81%8D%E6%B4%BE%E3%81%AE%E3%81%9F%E3%82%81%E3%81%AE%E3%83%8E%E3%83%BC: Unable to find the server at oauth2.googleapis.com
   ❌ Failed request for https://www.mikke-style.com/articles/20260522-%E7%84%9A%E3%81%8D%E7%81%AB%E3%81%AE%E5%89%8D%E3%81%AB%E9%81%93%E5%85%B7%E3%82%92%E9%81%B8%E3%81%B6%E3%82%AD%E3%83%A3%E3%83%B3%E3%83%97%E8%AA%BF%E7%90%86%E3%82%92%E6%B7%B1%E3%82%81%E3%82%8B%E9%81%93%E5%85%B76%E9%81%B8: Unable to find the server at oauth2.googleapis.com
   ❌ Failed request for https://www.mikke-style.com/articles/20260523-2026%E5%B9%B4%E6%9C%80%E6%96%B0%E6%97%A5%E7%84%BC%E3%81%91%E6%AD%A2%E3%82%81%E3%81%8A%E3%81%99%E3%81%99%E3%82%81%E4%BA%BA%E6%B0%97%E3%83%A9%E3%83%B3%E3%82%AD%E3%83%B3%E3%82%B0%E7%B5%B6%E5%AF%BE%E3%81%AB%E7%84%BC%E3%81%8B%E3%81%AA%E3%81%84: Unable to find the server at oauth2.googleapis.com
   ❌ Failed request for https://www.mikke-style.com/articles/20260523-%E3%82%82%E3%81%97%E3%82%82%E3%82%92%E6%97%A5%E5%B8%B8%E3%81%AB%E3%81%99%E3%82%8B%E9%98%B2%E7%81%BD%E3%83%9D%E3%83%BC%E3%83%81%E3%81%AB%E5%85%A5%E3%82%8C%E3%81%9F%E3%81%84%E3%82%B0%E3%83%83%E3%82%BA6%E9%81%B8: Unable to find the server at oauth2.googleapis.com
   ❌ Failed request for https://www.mikke-style.com/articles/20260523-%E7%9B%AE%E8%A6%9A%E3%82%81%E3%81%AE%E8%89%AF%E3%81%95%E3%81%AF%E5%A4%9C%E3%81%AB%E8%A8%AD%E8%A8%88%E3%81%95%E3%82%8C%E3%82%8B%E7%9D%A1%E7%9C%A0%E7%92%B0%E5%A2%83%E3%82%92%E6%95%B4%E3%81%88%E3%82%8B%E5%AF%9D%E5%AE%A4%E3%82%A2: Unable to find the server at oauth2.googleapis.com
   ❌ Failed request for https://www.mikke-style.com/articles/20260524-%E6%9C%9D%E3%81%AE5%E5%88%86%E3%82%92%E4%BD%93%E3%81%AB%E8%BF%94%E3%81%99%E5%9C%A8%E5%AE%85%E3%83%AF%E3%83%BC%E3%82%AB%E3%83%BC%E3%81%8C%E9%81%B8%E3%81%B6%E3%82%B9%E3%83%88%E3%83%AC%E3%83%83%E3%83%81%E3%82%B1%E3%82%A2: Unable to find the server at oauth2.googleapis.com
   ❌ Failed request for https://www.mikke-style.com/articles/20260525-smartwatch-comparison: Unable to find the server at oauth2.googleapis.com
   ❌ Failed request for https://www.mikke-style.com/articles/20260525-%E5%8F%B0%E6%89%80%E3%81%AB%E8%81%B7%E4%BA%BA%E3%81%AE%E6%84%8F%E5%BF%97%E3%82%92%E7%BD%AE%E3%81%8F%E6%96%99%E7%90%86%E5%A5%BD%E3%81%8D%E3%81%8C%E8%AA%8D%E3%82%81%E3%82%8B%E6%9C%AC%E6%A0%BC%E3%82%AD%E3%83%83%E3%83%81%E3%83%B3: Unable to find the server at oauth2.googleapis.com
   ❌ Failed request for https://www.mikke-style.com/articles/20260526-best-shampoos-for-damaged-hair: Unable to find the server at oauth2.googleapis.com
   ❌ Failed request for https://www.mikke-style.com/articles/20260526-daily-life-water-bottle-guide: Unable to find the server at oauth2.googleapis.com
   ❌ Failed request for https://www.mikke-style.com/articles/20260526-mac-mini-monitors: Unable to find the server at oauth2.googleapis.com
   ❌ Failed request for https://www.mikke-style.com/articles/20260526-stroller-selection-guide: Unable to find the server at oauth2.googleapis.com
   ❌ Failed request for https://www.mikke-style.com/articles/20260526-%E7%84%9A%E3%81%8D%E7%81%AB%E3%81%AE%E5%89%8D%E3%81%AB%E9%81%93%E5%85%B7%E3%82%92%E9%81%B8%E3%81%B6%E3%82%AD%E3%83%A3%E3%83%B3%E3%83%97%E8%AA%BF%E7%90%86%E3%82%92%E6%B7%B1%E3%82%81%E3%82%8B%E9%81%93%E5%85%B76%E9%81%B8: Unable to find the server at oauth2.googleapis.com
   ❌ Failed request for https://www.mikke-style.com/articles/20260529-aroma-diffusers: Unable to find the server at oauth2.googleapis.com
   ❌ Failed request for https://www.mikke-style.com/articles/20260529-hair-dryers: Unable to find the server at oauth2.googleapis.com
   ❌ Failed request for https://www.mikke-style.com/articles/20260529-regal-business-shoes: Unable to find the server at oauth2.googleapis.com
   ❌ Failed request for https://www.mikke-style.com/articles/20260530-keyboards: Unable to find the server at oauth2.googleapis.com
   ❌ Failed request for https://www.mikke-style.com/articles/20260530-%E6%A4%8D%E7%89%A9%E8%82%B2%E6%88%90%E3%83%A9%E3%82%A4%E3%83%88%E3%81%AE%E3%81%8A%E3%81%99%E3%81%99%E3%82%81%E4%BA%BA%E6%B0%97%E3%83%A9%E3%83%B3%E3%82%AD%E3%83%B3%E3%82%B0: Unable to find the server at oauth2.googleapis.com
   ❌ Failed request for https://www.mikke-style.com/articles/20260531-aquarium-led-lights: Unable to find the server at oauth2.googleapis.com
   ❌ Failed request for https://www.mikke-style.com/articles/20260531-umbrellas: Unable to find the server at oauth2.googleapis.com
   ❌ Failed request for https://www.mikke-style.com/articles/20260603-eyeliner-comparison: Unable to find the server at oauth2.googleapis.com
   ❌ Failed request for https://www.mikke-style.com/articles/20260607-cleansing-oil: Unable to find the server at oauth2.googleapis.com
   ❌ Failed request for https://www.mikke-style.com/articles/20260607-serum: Unable to find the server at oauth2.googleapis.com
   ❌ Failed request for https://www.mikke-style.com/articles/20260608-face-mask: Unable to find the server at oauth2.googleapis.com
   ❌ Failed request for https://www.mikke-style.com/articles/20260608-toner: Unable to find the server at oauth2.googleapis.com
   ❌ Failed request for https://www.mikke-style.com/articles/20260609-cleansing-balm: Unable to find the server at oauth2.googleapis.com
   ❌ Failed request for https://www.mikke-style.com/articles/20260610-cleanser: Unable to find the server at oauth2.googleapis.com
   ❌ Failed request for https://www.mikke-style.com/articles/20260610-cleansing-gel: Unable to find the server at oauth2.googleapis.com
   ❌ Failed request for https://www.mikke-style.com/articles/20260611-booster: Unable to find the server at oauth2.googleapis.com
   ❌ Failed request for https://www.mikke-style.com/articles/20260611-lip-serum: Unable to find the server at oauth2.googleapis.com
   ❌ Failed request for https://www.mikke-style.com/articles/20260612-emulsion: Unable to find the server at oauth2.googleapis.com
   ❌ Failed request for https://www.mikke-style.com/articles/20260612-face-cream: Unable to find the server at oauth2.googleapis.com
   ❌ Failed request for https://www.mikke-style.com/articles/20260613-daily-pack: Unable to find the server at oauth2.googleapis.com
   ❌ Failed request for https://www.mikke-style.com/articles/20260614-affordable-cleanser: Unable to find the server at oauth2.googleapis.com
   ❌ Failed request for https://www.mikke-style.com/articles/20260614-peeling-serum: Unable to find the server at oauth2.googleapis.com
   ❌ Failed request for https://www.mikke-style.com/articles/20260615-mens-face-wash: Unable to find the server at oauth2.googleapis.com
   ❌ Failed request for https://www.mikke-style.com/articles/20260615-sheet-masks-for-40s: Unable to find the server at oauth2.googleapis.com
   ❌ Failed request for https://www.mikke-style.com/articles/20260616-face-wash: Unable to find the server at oauth2.googleapis.com
   ❌ Failed request for https://www.mikke-style.com/articles/20260616-hand-cream: Unable to find the server at oauth2.googleapis.com
   ❌ Failed request for https://www.mikke-style.com/articles/20260617-wet-cleanser: Unable to find the server at oauth2.googleapis.com
   ❌ Failed request for https://www.mikke-style.com/articles/20260618-affordable-booster: Unable to find the server at oauth2.googleapis.com
   ❌ Failed request for https://www.mikke-style.com/articles/20260619-cleansing-balm: Unable to find the server at oauth2.googleapis.com
   ❌ Failed request for https://www.mikke-style.com/articles/20260619-mascara: Unable to find the server at oauth2.googleapis.com
   ❌ Failed request for https://www.mikke-style.com/articles/20260620-article-001: Unable to find the server at oauth2.googleapis.com
   ❌ Failed request for https://www.mikke-style.com/articles/20260620-serum: Unable to find the server at oauth2.googleapis.com
   ❌ Failed request for https://www.mikke-style.com/articles/20260621-article-001: Unable to find the server at oauth2.googleapis.com
   ❌ Failed request for https://www.mikke-style.com/articles/20260621-serum: Unable to find the server at oauth2.googleapis.com
   ❌ Failed request for https://www.mikke-style.com/articles/20260622-article-001: Unable to find the server at oauth2.googleapis.com
   ❌ Failed request for https://www.mikke-style.com/articles/20260622-toner: Unable to find the server at oauth2.googleapis.com
   ❌ Failed request for https://www.mikke-style.com/articles/20260624-beauty: Unable to find the server at oauth2.googleapis.com
   ❌ Failed request for https://www.mikke-style.com/articles/20260624-treatment: Unable to find the server at oauth2.googleapis.com
   ❌ Failed request for https://www.mikke-style.com/articles/20260625-beauty: Unable to find the server at oauth2.googleapis.com
   ❌ Failed request for https://www.mikke-style.com/articles/20260625-serum: Unable to find the server at oauth2.googleapis.com
   ❌ Failed request for https://www.mikke-style.com/articles/20260626-beauty: Unable to find the server at oauth2.googleapis.com
   ❌ Failed request for https://www.mikke-style.com/articles/20260627-beauty: Unable to find the server at oauth2.googleapis.com
   ❌ Failed request for https://www.mikke-style.com/articles/20260628-beauty: Unable to find the server at oauth2.googleapis.com
   ❌ Failed request for https://www.mikke-style.com/articles/20260629-beauty: Unable to find the server at oauth2.googleapis.com
   ❌ Failed request for https://www.mikke-style.com/articles/20260707-beauty-2: Unable to find the server at oauth2.googleapis.com
   ❌ Failed request for https://www.mikke-style.com/articles/20260707-beauty: Unable to find the server at oauth2.googleapis.com
   ❌ Failed request for https://www.mikke-style.com/articles/20260708-beauty-1: Unable to find the server at oauth2.googleapis.com
   ❌ Failed request for https://www.mikke-style.com/articles/20260708-beauty-2: Unable to find the server at oauth2.googleapis.com
   ❌ Failed request for https://www.mikke-style.com/articles/20260709-beauty-1: Unable to find the server at oauth2.googleapis.com
   ❌ Failed request for https://www.mikke-style.com/articles/20260709-cream: Unable to find the server at oauth2.googleapis.com
   ❌ Failed request for https://www.mikke-style.com/articles/cleansing-oil-real: Unable to find the server at oauth2.googleapis.com
✅ Indexing requests sent: 0/110
🔄 [Step 3] Analyzing GA4 Traffic and PV Growth...
❌ GA4 fetch failed: 503 errors resolving analyticsdata.googleapis.com:443: [field:hostname lookup error:address lookup failed for analyticsdata.googleapis.com:443: Could not contact DNS servers]
🔄 [Step 4] Detecting Articles with low internal links (< 3)...

⚠️ --- Articles with Low Internal Links (< 3) ---
Article Slug                                                      | Internal Links Count
------------------------------------------------------------------------------------------
20260709-cream                                                    | 0                   
20260530-植物育成ライトのおすすめ人気ランキング                                      | 0                   
20260516-夜の静寂に活字が溶ける電子書籍リーダーeインクデバ                                | 1                   
20260412-2026年春テレワークが劇的に捗るデスク周りのおすすめガジェ                           | 1                   
20260507-浴室を一日の終わりの聖域にバスタイムケアグッズ6選                                | 1                   
20260512-部屋に余白とゆとりを紡ぐ省スペースを叶える静音便利                                | 2                   
20260708-beauty-1                                                 | 0                   
20260523-2026年最新日焼け止めおすすめ人気ランキング絶対に焼かない                           | 0                   
20260413-2026年最新忙しい朝を劇的に変える暮らしの質が上がる厳選時                           | 2                   
20260707-beauty                                                   | 0                   
20260420-新製品レビュー：最新の日焼け止めクリーム                                     | 1                   
20260521-書くことで思考が研ぎ澄まされる手書き派のためのノー                                | 1                   
20260509-髪をちゃんといたわるサロン品質ヘアケアアイテム6選                                | 1                   
20260525-smartwatch-comparison                                    | 0                   
20260520-2026年最新プロが厳選エイジングケア美容液おすすめ人気ラン                           | 0                   
20260709-beauty-1                                                 | 0                   
20260707-beauty-2                                                 | 0                   
20260517-音で変わる朝のリズムノイズキャンセリングイヤホン-                                | 1                   
20260429-豆から始まる朝の時間割スペシャルティコーヒー器具6                                | 2                   
20260518-焚き火の夜がもっと好きになるキャンプアウトドアギア                                | 1                   
20260519-焚き火の前の静かな時間アウトドアギア-精鋭6選                                  | 1                   
20260708-beauty-2                                                 | 0                   
20260412-2026年春テレワークが劇的に捗るデスク周りのおすすめガジェ-fix                       | 0                   
20260515-寝室の空気を香りから設計する夜インテリアフレグラン                                | 1                   
------------------------------------------------------------------------------------------
Total articles with low links: 24

=== SEO Automation Run Finished ===

/Users/tsukika/Library/Python/3.9/lib/python/site-packages/google/oauth2/__init__.py:40: FutureWarning: You are using a Python version 3.9 past its end of life. Google will update google-auth with critical bug fixes on a best-effort basis, but not with any other fixes or features. Please upgrade your Python version, and then update google-auth.
  warnings.warn(eol_message.format("3.9"), FutureWarning)
/Users/tsukika/Library/Python/3.9/lib/python/site-packages/google/auth/__init__.py:54: FutureWarning: You are using a Python version 3.9 past its end of life. Google will update google-auth with critical bug fixes on a best-effort basis, but not with any other fixes or features. Please upgrade your Python version, and then update google-auth.
  warnings.warn(eol_message.format("3.9"), FutureWarning)
/Users/tsukika/Library/Python/3.9/lib/python/site-packages/google/api_core/_python_version_support.py:242: FutureWarning: You are using a non-supported Python version (3.9.6). Google will not post any further updates to google.api_core supporting this Python version. Please upgrade to the latest Python version, or at least Python 3.10, and then update google.api_core.
  warnings.warn(message, FutureWarning)
/Users/tsukika/Library/Python/3.9/lib/python/site-packages/urllib3/__init__.py:35: NotOpenSSLWarning: urllib3 v2 only supports OpenSSL 1.1.1+, currently the 'ssl' module is compiled with 'LibreSSL 2.8.3'. See: https://github.com/urllib3/urllib3/issues/3020
  warnings.warn(
/Users/tsukika/Library/Python/3.9/lib/python/site-packages/google/api_core/_python_version_support.py:242: FutureWarning: You are using a non-supported Python version (3.9.6). Google will not post any further updates to google.analytics.data_v1beta supporting this Python version. Please upgrade to the latest Python version, or at least Python 3.10, and then update google.analytics.data_v1beta.
  warnings.warn(message, FutureWarning)
=== SEO Automation Run: 2026-07-11 06:00:08 ===
🔄 [Step 1] Updating Sitemap via Next-Sitemap...
❌ Failed to update sitemap: [Errno 2] No such file or directory: 'npx'
🔄 [Step 2] Sending URL Indexing Requests...
🔑 Authenticating with OAuth 2.0 Playground credentials...
   ❌ Failed request for https://www.mikke-style.com/articles/20260412-2026%E5%B9%B4%E6%98%A5%E3%83%86%E3%83%AC%E3%83%AF%E3%83%BC%E3%82%AF%E3%81%8C%E5%8A%87%E7%9A%84%E3%81%AB%E6%8D%97%E3%82%8B%E3%83%87%E3%82%B9%E3%82%AF%E5%91%A8%E3%82%8A%E3%81%AE%E3%81%8A%E3%81%99%E3%81%99%E3%82%81%E3%82%AC%E3%82%B8%E3%82%A7: ('invalid_grant: Token has been expired or revoked.', {'error': 'invalid_grant', 'error_description': 'Token has been expired or revoked.'})
   ❌ Failed request for https://www.mikke-style.com/articles/20260413-2026%E5%B9%B4%E6%9C%80%E6%96%B0%E5%BF%99%E3%81%97%E3%81%84%E6%9C%9D%E3%82%92%E5%8A%87%E7%9A%84%E3%81%AB%E5%A4%89%E3%81%88%E3%82%8B%E6%9A%AE%E3%82%89%E3%81%97%E3%81%AE%E8%B3%AA%E3%81%8C%E4%B8%8A%E3%81%8C%E3%82%8B%E5%8E%B3%E9%81%B8%E6%99%82: ('invalid_grant: Token has been expired or revoked.', {'error': 'invalid_grant', 'error_description': 'Token has been expired or revoked.'})
   ❌ Failed request for https://www.mikke-style.com/articles/20260415-gw-travel-outdoor: ('invalid_grant: Token has been expired or revoked.', {'error': 'invalid_grant', 'error_description': 'Token has been expired or revoked.'})
   ❌ Failed request for https://www.mikke-style.com/articles/20260418-skincare-spring: ('invalid_grant: Token has been expired or revoked.', {'error': 'invalid_grant', 'error_description': 'Token has been expired or revoked.'})
   ❌ Failed request for https://www.mikke-style.com/articles/20260419-ps5-apple-a19-hikaku: ('invalid_grant: Token has been expired or revoked.', {'error': 'invalid_grant', 'error_description': 'Token has been expired or revoked.'})
   ❌ Failed request for https://www.mikke-style.com/articles/20260420-%E6%96%B0%E8%A3%BD%E5%93%81%E3%83%AC%E3%83%93%E3%83%A5%E3%83%BC%EF%BC%9A%E6%9C%80%E6%96%B0%E3%81%AE%E6%97%A5%E7%84%BC%E3%81%91%E6%AD%A2%E3%82%81%E3%82%AF%E3%83%AA%E3%83%BC%E3%83%A0: ('invalid_grant: Token has been expired or revoked.', {'error': 'invalid_grant', 'error_description': 'Token has been expired or revoked.'})
   ❌ Failed request for https://www.mikke-style.com/articles/20260420-%E6%98%A5%E3%81%AE%E6%96%B0%E7%94%9F%E6%B4%BB%E3%81%AB%E3%81%B4%E3%81%A3%E3%81%9F%E3%82%8A%E3%81%AE%E3%82%A4%E3%83%B3%E3%83%86%E3%83%AA%E3%82%A2%E3%82%A2%E3%82%A4%E3%83%86%E3%83%A0: ('invalid_grant: Token has been expired or revoked.', {'error': 'invalid_grant', 'error_description': 'Token has been expired or revoked.'})
   ❌ Failed request for https://www.mikke-style.com/articles/20260422-2026%E5%B9%B4%E6%98%A5%E8%8A%B1%E7%B2%89%E7%B4%AB%E5%A4%96%E7%B7%9A%E3%83%80%E3%83%96%E3%83%AB%E5%AF%BE%E7%AD%96%E8%82%8C%E3%82%92%E5%AE%88%E3%82%8B%E3%82%B9%E3%82%AD%E3%83%B3%E3%82%B1%E3%82%A2: ('invalid_grant: Token has been expired or revoked.', {'error': 'invalid_grant', 'error_description': 'Token has been expired or revoked.'})
   ❌ Failed request for https://www.mikke-style.com/articles/20260422-2026%E5%B9%B4%E6%9C%80%E6%96%B0%E5%88%9D%E5%BF%83%E8%80%85%E3%81%A7%E3%82%82%E4%BD%BF%E3%81%84%E3%82%84%E3%81%99%E3%81%84%E3%82%B3%E3%82%B9%E3%83%91%E6%9C%80%E5%BC%B7%E3%83%9F%E3%83%A9%E3%83%BC: ('invalid_grant: Token has been expired or revoked.', {'error': 'invalid_grant', 'error_description': 'Token has been expired or revoked.'})
   ❌ Failed request for https://www.mikke-style.com/articles/20260423-2026%E5%B9%B4%E6%9C%80%E6%96%B0%E4%B9%BE%E7%87%A5%E8%82%8C%E3%81%95%E3%82%93%E5%BF%85%E8%A6%8B%E3%83%97%E3%83%81%E3%83%97%E3%83%A9%E3%81%AA%E3%81%AE%E3%81%AB%E5%AE%9F%E5%8A%9B%E6%B4%BE%E3%82%B9: ('invalid_grant: Token has been expired or revoked.', {'error': 'invalid_grant', 'error_description': 'Token has been expired or revoked.'})
   ❌ Failed request for https://www.mikke-style.com/articles/20260423-%E6%99%82%E7%9F%AD%E3%83%A9%E3%82%AF%E5%AE%B6%E4%BA%8B%E6%96%99%E7%90%86%E3%81%8C%E6%A5%BD%E3%81%97%E3%81%8F%E3%81%AA%E3%82%8B%E3%82%AD%E3%83%83%E3%83%81%E3%83%B3%E4%BE%BF%E5%88%A9%E3%82%B0%E3%83%83%E3%82%BA7%E9%81%B8: ('invalid_grant: Token has been expired or revoked.', {'error': 'invalid_grant', 'error_description': 'Token has been expired or revoked.'})
   ❌ Failed request for https://www.mikke-style.com/articles/20260424-2026%E5%B9%B4%E6%9C%80%E6%96%B0%E3%83%A1%E3%83%B3%E3%82%BA%E3%82%B9%E3%82%AD%E3%83%B3%E3%82%B1%E3%82%A2%E5%88%9D%E5%BF%83%E8%80%85%E5%BF%85%E8%A6%8B%E6%9C%AC%E5%BD%93%E3%81%AB%E8%B2%B7%E3%81%86: ('invalid_grant: Token has been expired or revoked.', {'error': 'invalid_grant', 'error_description': 'Token has been expired or revoked.'})
   ❌ Failed request for https://www.mikke-style.com/articles/20260424-2026%E5%B9%B4%E7%9D%A1%E7%9C%A0%E3%81%AE%E8%B3%AA%E3%82%92%E4%B8%8A%E3%81%92%E3%81%9F%E3%81%84%E4%BA%BA%E3%81%B8%E3%81%8A%E3%81%99%E3%81%99%E3%82%81%E5%BF%AB%E7%9C%A0%E3%82%B0%E3%83%83%E3%82%BA: ('invalid_grant: Token has been expired or revoked.', {'error': 'invalid_grant', 'error_description': 'Token has been expired or revoked.'})
   ❌ Failed request for https://www.mikke-style.com/articles/20260424-2026%E5%B9%B4%E8%87%AA%E5%AE%85%E3%81%A7%E3%81%A8%E3%81%A8%E3%81%AE%E3%81%86%E3%82%B5%E3%82%A6%E3%83%8A%E5%A5%BD%E3%81%8D%E3%81%8C%E9%81%B8%E3%81%B6%E3%81%8A%E3%81%99%E3%81%99%E3%82%81%E6%B8%A9: ('invalid_grant: Token has been expired or revoked.', {'error': 'invalid_grant', 'error_description': 'Token has been expired or revoked.'})
   ❌ Failed request for https://www.mikke-style.com/articles/20260426-2026%E5%B9%B4%E4%BF%9D%E5%AD%98%E7%89%88%E9%98%B2%E7%81%BD%E3%82%A2%E3%82%A6%E3%83%88%E3%83%89%E3%82%A2%E3%81%AB%E5%BD%B9%E7%AB%8B%E3%81%A4%E3%83%9D%E3%83%BC%E3%82%BF%E3%83%96%E3%83%AB%E9%9B%BB: ('invalid_grant: Token has been expired or revoked.', {'error': 'invalid_grant', 'error_description': 'Token has been expired or revoked.'})
   ❌ Failed request for https://www.mikke-style.com/articles/20260426-2026%E5%B9%B4%E6%9C%80%E6%96%B0%E5%81%A5%E5%BA%B7%E7%AE%A1%E7%90%86%E3%81%AB%E5%BD%B9%E7%AB%8B%E3%81%A4%E3%82%B9%E3%83%9E%E3%83%BC%E3%83%88%E3%82%A6%E3%82%A9%E3%83%83%E3%83%81%E3%81%8A%E3%81%99: ('invalid_grant: Token has been expired or revoked.', {'error': 'invalid_grant', 'error_description': 'Token has been expired or revoked.'})
   ❌ Failed request for https://www.mikke-style.com/articles/20260426-2026%E5%B9%B4%E6%9C%80%E6%96%B0%E5%A4%B1%E6%95%97%E3%81%97%E3%81%AA%E3%81%84%E3%83%8E%E3%82%A4%E3%82%BA%E3%82%AD%E3%83%A3%E3%83%B3%E3%82%BB%E3%83%AA%E3%83%B3%E3%82%B0%E6%90%AD%E8%BC%89%E3%83%AF: ('invalid_grant: Token has been expired or revoked.', {'error': 'invalid_grant', 'error_description': 'Token has been expired or revoked.'})
   ❌ Failed request for https://www.mikke-style.com/articles/20260427-2026%E5%B9%B4%E7%BE%8E%E5%AE%B9%E5%A5%BD%E3%81%8D%E3%81%8C%E3%83%AA%E3%83%94%E8%B2%B7%E3%81%84%E8%A9%B1%E9%A1%8C%E3%81%AE%E9%9F%93%E5%9B%BD%E3%82%B3%E3%82%B9%E3%83%A1%E3%81%8A%E3%81%99%E3%81%99: ('invalid_grant: Token has been expired or revoked.', {'error': 'invalid_grant', 'error_description': 'Token has been expired or revoked.'})
   ❌ Failed request for https://www.mikke-style.com/articles/20260427-%E3%83%87%E3%82%B9%E3%82%AF%E3%81%AB%E9%9D%99%E3%81%91%E3%81%95%E3%82%92%E8%A8%AD%E8%A8%88%E3%81%99%E3%82%8B%E5%9C%A8%E5%AE%85%E3%83%AF%E3%83%BC%E3%82%AF%E7%92%B0%E5%A2%83%E3%82%92%E6%95%B4%E3%81%88%E3%82%8B%E3%82%AC%E3%82%B8: ('invalid_grant: Token has been expired or revoked.', {'error': 'invalid_grant', 'error_description': 'Token has been expired or revoked.'})
   ❌ Failed request for https://www.mikke-style.com/articles/20260429-%E6%98%8E%E6%97%A5%E3%81%AE%E6%9C%9D%E3%81%8C%E5%A4%89%E3%82%8F%E3%82%8B%E5%A4%9C%E3%81%AE%E9%AB%AA%E6%99%82%E9%96%93%E3%83%98%E3%82%A2%E3%83%88%E3%83%AA%E3%83%BC%E3%83%88%E3%83%A1%E3%83%B3%E3%83%88%E3%83%8A%E3%82%A4%E3%83%88: ('invalid_grant: Token has been expired or revoked.', {'error': 'invalid_grant', 'error_description': 'Token has been expired or revoked.'})
   ❌ Failed request for https://www.mikke-style.com/articles/20260429-%E8%B1%86%E3%81%8B%E3%82%89%E5%A7%8B%E3%81%BE%E3%82%8B%E6%9C%9D%E3%81%AE%E6%99%82%E9%96%93%E5%89%B2%E3%82%B9%E3%83%9A%E3%82%B7%E3%83%A3%E3%83%AB%E3%83%86%E3%82%A3%E3%82%B3%E3%83%BC%E3%83%92%E3%83%BC%E5%99%A8%E5%85%B76: ('invalid_grant: Token has been expired or revoked.', {'error': 'invalid_grant', 'error_description': 'Token has been expired or revoked.'})
   ❌ Failed request for https://www.mikke-style.com/articles/20260429-%E9%83%A8%E5%B1%8B%E3%81%AB%E4%BD%99%E7%99%BD%E3%82%92%E7%BD%AE%E3%81%8F%E4%B8%80%E4%BA%BA%E6%9A%AE%E3%82%89%E3%81%97%E3%83%9F%E3%83%8B%E3%83%9E%E3%83%AA%E3%82%B9%E3%83%88%E3%81%AE%E3%82%A4%E3%83%B3%E3%83%86%E3%83%AA%E3%82%A2: ('invalid_grant: Token has been expired or revoked.', {'error': 'invalid_grant', 'error_description': 'Token has been expired or revoked.'})
   ❌ Failed request for https://www.mikke-style.com/articles/20260430-%E8%82%8C%E3%81%8C%E5%83%8D%E3%81%8F%E5%A4%9C%E3%81%AE%E3%81%9F%E3%82%81%E3%81%AB%E9%9F%93%E5%9B%BD%E7%99%BA%E3%83%8A%E3%82%A4%E3%83%88%E3%82%B9%E3%82%AD%E3%83%B3%E3%82%B1%E3%82%A26%E9%81%B8: ('invalid_grant: Token has been expired or revoked.', {'error': 'invalid_grant', 'error_description': 'Token has been expired or revoked.'})
   ❌ Failed request for https://www.mikke-style.com/articles/20260501-%E8%80%B3%E3%81%AB%E6%AD%A3%E7%9B%B4%E3%81%AA%E9%9F%B3%E3%82%92%E5%B1%8A%E3%81%91%E3%82%8B%E3%83%97%E3%83%AC%E3%83%9F%E3%82%A2%E3%83%A0%E3%83%AF%E3%82%A4%E3%83%A4%E3%83%AC%E3%82%B9%E3%82%A4%E3%83%A4%E3%83%95%E3%82%A9%E3%83%B3: ('invalid_grant: Token has been expired or revoked.', {'error': 'invalid_grant', 'error_description': 'Token has been expired or revoked.'})
   ❌ Failed request for https://www.mikke-style.com/articles/20260504-%E9%9D%99%E9%9F%B3%E3%81%A8%E9%9B%86%E4%B8%AD%E3%82%92%E6%9C%BA%E3%81%AE%E4%B8%8A%E3%81%AB%E8%A8%AD%E8%A8%88%E3%81%99%E3%82%8B%E5%9C%A8%E5%AE%85%E3%83%AF%E3%83%BC%E3%82%AF%E7%92%B0%E5%A2%83%E3%82%92%E6%95%B4%E3%81%88%E3%82%8B: ('invalid_grant: Token has been expired or revoked.', {'error': 'invalid_grant', 'error_description': 'Token has been expired or revoked.'})
   ❌ Failed request for https://www.mikke-style.com/articles/20260505-%E5%A4%9C%E3%81%AE%E7%A9%BA%E6%B0%97%E3%82%92%E9%A6%99%E3%82%8A%E3%81%A7%E5%A1%97%E3%82%8A%E6%9B%BF%E3%81%88%E3%82%8B%E3%83%AB%E3%83%BC%E3%83%A0%E3%83%95%E3%83%AC%E3%82%B0%E3%83%A9%E3%83%B3%E3%82%B96%E9%81%B8: ('invalid_grant: Token has been expired or revoked.', {'error': 'invalid_grant', 'error_description': 'Token has been expired or revoked.'})
   ❌ Failed request for https://www.mikke-style.com/articles/20260507-%E6%B5%B4%E5%AE%A4%E3%82%92%E4%B8%80%E6%97%A5%E3%81%AE%E7%B5%82%E3%82%8F%E3%82%8A%E3%81%AE%E8%81%96%E5%9F%9F%E3%81%AB%E3%83%90%E3%82%B9%E3%82%BF%E3%82%A4%E3%83%A0%E3%82%B1%E3%82%A2%E3%82%B0%E3%83%83%E3%82%BA6%E9%81%B8: ('invalid_grant: Token has been expired or revoked.', {'error': 'invalid_grant', 'error_description': 'Token has been expired or revoked.'})
   ❌ Failed request for https://www.mikke-style.com/articles/20260508-%E7%94%B7%E3%81%AE%E8%82%8C%E3%82%82%E6%95%B4%E3%81%86%E6%99%82%E4%BB%A3%E3%81%B8%E3%83%A1%E3%83%B3%E3%82%BA%E3%82%B9%E3%82%AD%E3%83%B3%E3%82%B1%E3%82%A2%E3%82%92%E6%9C%AC%E6%A0%BC%E5%8C%96%E3%81%99%E3%82%8B%E7%BE%8E%E5%AE%B9: ('invalid_grant: Token has been expired or revoked.', {'error': 'invalid_grant', 'error_description': 'Token has been expired or revoked.'})
   ❌ Failed request for https://www.mikke-style.com/articles/20260509-%E6%96%99%E7%90%86%E3%81%8C%E5%A4%89%E3%82%8F%E3%82%8B%E9%81%93%E5%85%B7%E3%82%92%E5%A4%89%E3%81%88%E3%82%8B%E3%81%A0%E3%81%91%E3%81%A7%E6%9C%AC%E6%A0%BC%E3%82%AD%E3%83%83%E3%83%81%E3%83%B3%E3%83%84%E3%83%BC%E3%83%AB6: ('invalid_grant: Token has been expired or revoked.', {'error': 'invalid_grant', 'error_description': 'Token has been expired or revoked.'})
   ❌ Failed request for https://www.mikke-style.com/articles/20260509-%E9%AB%AA%E3%82%92%E3%81%A1%E3%82%83%E3%82%93%E3%81%A8%E3%81%84%E3%81%9F%E3%82%8F%E3%82%8B%E3%82%B5%E3%83%AD%E3%83%B3%E5%93%81%E8%B3%AA%E3%83%98%E3%82%A2%E3%82%B1%E3%82%A2%E3%82%A2%E3%82%A4%E3%83%86%E3%83%A06%E9%81%B8: ('invalid_grant: Token has been expired or revoked.', {'error': 'invalid_grant', 'error_description': 'Token has been expired or revoked.'})
   ❌ Failed request for https://www.mikke-style.com/articles/20260510-%E6%9C%BA%E3%81%AE%E4%B8%8A%E3%81%AB%E4%BB%95%E4%BA%8B%E3%81%AE%E4%BD%99%E7%99%BD%E3%82%92%E4%BD%9C%E3%82%8B%E5%9C%A8%E5%AE%85%E3%83%AF%E3%83%BC%E3%82%AB%E3%83%BC%E3%81%8C%E9%81%B8%E3%81%B6%E4%B8%8A%E8%B3%AA%E3%83%87%E3%82%B9: ('invalid_grant: Token has been expired or revoked.', {'error': 'invalid_grant', 'error_description': 'Token has been expired or revoked.'})
   ❌ Failed request for https://www.mikke-style.com/articles/20260510-%E9%9F%B3%E3%81%8C%E5%A4%89%E3%82%8F%E3%82%8B%E3%81%A8%E6%AF%8E%E6%97%A5%E3%81%8C%E5%A4%89%E3%82%8F%E3%82%8B%E3%81%93%E3%81%A0%E3%82%8F%E3%82%8A%E3%81%AE%E3%83%98%E3%83%83%E3%83%89%E3%83%9B%E3%83%B3%E3%82%A4%E3%83%A4%E3%83%9B: ('invalid_grant: Token has been expired or revoked.', {'error': 'invalid_grant', 'error_description': 'Token has been expired or revoked.'})
   ❌ Failed request for https://www.mikke-style.com/articles/20260511-%E7%81%AF%E3%82%92%E8%90%BD%E3%81%A8%E3%81%97%E3%81%A6%E3%81%8B%E3%82%89%E8%82%8C%E3%81%A8%E5%90%91%E3%81%8D%E5%90%88%E3%81%86%E5%A4%9C%E5%B0%B1%E5%AF%9D%E5%89%8D%E3%83%8A%E3%82%A4%E3%83%88%E3%82%B1%E3%82%A2%E3%82%B3%E3%82%B9: ('invalid_grant: Token has been expired or revoked.', {'error': 'invalid_grant', 'error_description': 'Token has been expired or revoked.'})
   ❌ Failed request for https://www.mikke-style.com/articles/20260511-%E9%9B%86%E4%B8%AD%E3%82%92%E5%A6%A8%E3%81%92%E3%81%AA%E3%81%84%E7%A7%98%E5%AF%86%E5%9F%BA%E5%9C%B0%E5%9C%A8%E5%AE%85%E3%83%AF%E3%83%BC%E3%82%AF%E3%81%AE%E8%B3%AA%E3%82%92%E9%AB%98%E3%82%81%E3%82%8B%E3%83%87%E3%82%B9%E3%82%AF: ('invalid_grant: Token has been expired or revoked.', {'error': 'invalid_grant', 'error_description': 'Token has been expired or revoked.'})
   ❌ Failed request for https://www.mikke-style.com/articles/20260512-%E9%83%A8%E5%B1%8B%E3%81%AB%E4%BD%99%E7%99%BD%E3%81%A8%E3%82%86%E3%81%A8%E3%82%8A%E3%82%92%E7%B4%A1%E3%81%90%E7%9C%81%E3%82%B9%E3%83%9A%E3%83%BC%E3%82%B9%E3%82%92%E5%8F%B6%E3%81%88%E3%82%8B%E9%9D%99%E9%9F%B3%E4%BE%BF%E5%88%A9: ('invalid_grant: Token has been expired or revoked.', {'error': 'invalid_grant', 'error_description': 'Token has been expired or revoked.'})
   ❌ Failed request for https://www.mikke-style.com/articles/20260513-%E5%A4%9C%E3%81%AE%E8%82%8C%E6%99%82%E9%96%93%E3%82%92%E4%B8%81%E5%AF%A7%E3%81%AB%E3%82%B9%E3%82%AD%E3%83%B3%E3%82%B1%E3%82%A2%E3%83%98%E3%82%A2%E3%82%B1%E3%82%A2%E3%81%AE%E6%9C%AC%E5%91%BD%E3%82%B3%E3%82%B9%E3%83%A16: ('invalid_grant: Token has been expired or revoked.', {'error': 'invalid_grant', 'error_description': 'Token has been expired or revoked.'})
   ❌ Failed request for https://www.mikke-style.com/articles/20260513-%E6%AF%8E%E6%9C%9D%E3%81%AE%E8%B3%AA%E3%81%8C%E5%A4%89%E3%82%8F%E3%82%8B%E7%94%9F%E6%B4%BB%E3%82%92%E6%95%B4%E3%81%88%E3%82%8B%E4%BE%BF%E5%88%A9%E3%82%B0%E3%83%83%E3%82%BA6%E9%81%B8: ('invalid_grant: Token has been expired or revoked.', {'error': 'invalid_grant', 'error_description': 'Token has been expired or revoked.'})
   ❌ Failed request for https://www.mikke-style.com/articles/20260514-%E6%AF%8E%E6%97%A5%E3%81%AE%E5%8F%B0%E6%89%80%E3%81%8C%E5%A5%BD%E3%81%8D%E3%81%AB%E3%81%AA%E3%82%8B%E3%82%AD%E3%83%83%E3%83%81%E3%83%B3%E9%9B%91%E8%B2%A8%E4%BF%9D%E5%AD%98%E5%AE%B9%E5%99%A8%E8%AA%BF%E7%90%86%E9%81%93%E5%85%B7: ('invalid_grant: Token has been expired or revoked.', {'error': 'invalid_grant', 'error_description': 'Token has been expired or revoked.'})
   ❌ Failed request for https://www.mikke-style.com/articles/20260515-%E5%AF%9D%E5%AE%A4%E3%81%AE%E7%A9%BA%E6%B0%97%E3%82%92%E9%A6%99%E3%82%8A%E3%81%8B%E3%82%89%E8%A8%AD%E8%A8%88%E3%81%99%E3%82%8B%E5%A4%9C%E3%82%A4%E3%83%B3%E3%83%86%E3%83%AA%E3%82%A2%E3%83%95%E3%83%AC%E3%82%B0%E3%83%A9%E3%83%B3: ('invalid_grant: Token has been expired or revoked.', {'error': 'invalid_grant', 'error_description': 'Token has been expired or revoked.'})
   ❌ Failed request for https://www.mikke-style.com/articles/20260516-%E5%A4%9C%E3%81%AE%E9%9D%99%E5%AF%82%E3%81%AB%E6%B4%BB%E5%AD%97%E3%81%8C%E6%BA%B6%E3%81%91%E3%82%8B%E9%9B%BB%E5%AD%90%E6%9B%B8%E7%B1%8D%E3%83%AA%E3%83%BC%E3%83%80%E3%83%BCe%E3%82%A4%E3%83%B3%E3%82%AF%E3%83%87%E3%83%90: ('invalid_grant: Token has been expired or revoked.', {'error': 'invalid_grant', 'error_description': 'Token has been expired or revoked.'})
   ❌ Failed request for https://www.mikke-style.com/articles/20260517-%E9%9F%B3%E3%81%A7%E5%A4%89%E3%82%8F%E3%82%8B%E6%9C%9D%E3%81%AE%E3%83%AA%E3%82%BA%E3%83%A0%E3%83%8E%E3%82%A4%E3%82%BA%E3%82%AD%E3%83%A3%E3%83%B3%E3%82%BB%E3%83%AA%E3%83%B3%E3%82%B0%E3%82%A4%E3%83%A4%E3%83%9B%E3%83%B3-: ('invalid_grant: Token has been expired or revoked.', {'error': 'invalid_grant', 'error_description': 'Token has been expired or revoked.'})
   ❌ Failed request for https://www.mikke-style.com/articles/20260518-%E7%84%9A%E3%81%8D%E7%81%AB%E3%81%AE%E5%A4%9C%E3%81%8C%E3%82%82%E3%81%A3%E3%81%A8%E5%A5%BD%E3%81%8D%E3%81%AB%E3%81%AA%E3%82%8B%E3%82%AD%E3%83%A3%E3%83%B3%E3%83%97%E3%82%A2%E3%82%A6%E3%83%88%E3%83%89%E3%82%A2%E3%82%AE%E3%82%A2: ('invalid_grant: Token has been expired or revoked.', {'error': 'invalid_grant', 'error_description': 'Token has been expired or revoked.'})
   ❌ Failed request for https://www.mikke-style.com/articles/20260519-%E7%84%9A%E3%81%8D%E7%81%AB%E3%81%AE%E5%89%8D%E3%81%AE%E9%9D%99%E3%81%8B%E3%81%AA%E6%99%82%E9%96%93%E3%82%A2%E3%82%A6%E3%83%88%E3%83%89%E3%82%A2%E3%82%AE%E3%82%A2-%E7%B2%BE%E9%8B%AD6%E9%81%B8: ('invalid_grant: Token has been expired or revoked.', {'error': 'invalid_grant', 'error_description': 'Token has been expired or revoked.'})
   ❌ Failed request for https://www.mikke-style.com/articles/20260520-2026%E5%B9%B4%E6%9C%80%E6%96%B0%E3%83%97%E3%83%AD%E3%81%8C%E5%8E%B3%E9%81%B8%E3%82%A8%E3%82%A4%E3%82%B8%E3%83%B3%E3%82%B0%E3%82%B1%E3%82%A2%E7%BE%8E%E5%AE%B9%E6%B6%B2%E3%81%8A%E3%81%99%E3%81%99%E3%82%81%E4%BA%BA%E6%B0%97%E3%83%A9%E3%83%B3: ('invalid_grant: Token has been expired or revoked.', {'error': 'invalid_grant', 'error_description': 'Token has been expired or revoked.'})
   ❌ Failed request for https://www.mikke-style.com/articles/20260520-2026%E5%B9%B4%E7%89%88%E5%9C%A8%E5%AE%85%E3%83%AF%E3%83%BC%E3%82%AF%E3%81%AE%E7%94%9F%E7%94%A3%E6%80%A7%E3%82%92%E6%9C%80%E5%A4%A7%E5%8C%96%E5%BF%AB%E9%81%A9%E3%81%AA%E3%83%87%E3%82%B9%E3%82%AF%E7%92%B0%E5%A2%83%E3%82%92%E5%8F%B6%E3%81%88: ('invalid_grant: Token has been expired or revoked.', {'error': 'invalid_grant', 'error_description': 'Token has been expired or revoked.'})
   ❌ Failed request for https://www.mikke-style.com/articles/20260521-%E5%85%89%E3%81%AE%E8%B3%AA%E3%81%8C%E9%83%A8%E5%B1%8B%E3%81%AE%E6%99%82%E9%96%93%E3%82%92%E5%A4%89%E3%81%88%E3%82%8B%E3%82%A4%E3%83%B3%E3%83%86%E3%83%AA%E3%82%A2%E7%85%A7%E6%98%8E%E3%83%86%E3%83%BC%E3%83%96%E3%83%AB%E3%83%A9: ('invalid_grant: Token has been expired or revoked.', {'error': 'invalid_grant', 'error_description': 'Token has been expired or revoked.'})
   ❌ Failed request for https://www.mikke-style.com/articles/20260521-%E6%9B%B8%E3%81%8F%E3%81%93%E3%81%A8%E3%81%A7%E6%80%9D%E8%80%83%E3%81%8C%E7%A0%94%E3%81%8E%E6%BE%84%E3%81%BE%E3%81%95%E3%82%8C%E3%82%8B%E6%89%8B%E6%9B%B8%E3%81%8D%E6%B4%BE%E3%81%AE%E3%81%9F%E3%82%81%E3%81%AE%E3%83%8E%E3%83%BC: ('invalid_grant: Token has been expired or revoked.', {'error': 'invalid_grant', 'error_description': 'Token has been expired or revoked.'})
   ❌ Failed request for https://www.mikke-style.com/articles/20260522-%E7%84%9A%E3%81%8D%E7%81%AB%E3%81%AE%E5%89%8D%E3%81%AB%E9%81%93%E5%85%B7%E3%82%92%E9%81%B8%E3%81%B6%E3%82%AD%E3%83%A3%E3%83%B3%E3%83%97%E8%AA%BF%E7%90%86%E3%82%92%E6%B7%B1%E3%82%81%E3%82%8B%E9%81%93%E5%85%B76%E9%81%B8: ('invalid_grant: Token has been expired or revoked.', {'error': 'invalid_grant', 'error_description': 'Token has been expired or revoked.'})
   ❌ Failed request for https://www.mikke-style.com/articles/20260523-2026%E5%B9%B4%E6%9C%80%E6%96%B0%E6%97%A5%E7%84%BC%E3%81%91%E6%AD%A2%E3%82%81%E3%81%8A%E3%81%99%E3%81%99%E3%82%81%E4%BA%BA%E6%B0%97%E3%83%A9%E3%83%B3%E3%82%AD%E3%83%B3%E3%82%B0%E7%B5%B6%E5%AF%BE%E3%81%AB%E7%84%BC%E3%81%8B%E3%81%AA%E3%81%84: ('invalid_grant: Token has been expired or revoked.', {'error': 'invalid_grant', 'error_description': 'Token has been expired or revoked.'})
   ❌ Failed request for https://www.mikke-style.com/articles/20260523-%E3%82%82%E3%81%97%E3%82%82%E3%82%92%E6%97%A5%E5%B8%B8%E3%81%AB%E3%81%99%E3%82%8B%E9%98%B2%E7%81%BD%E3%83%9D%E3%83%BC%E3%83%81%E3%81%AB%E5%85%A5%E3%82%8C%E3%81%9F%E3%81%84%E3%82%B0%E3%83%83%E3%82%BA6%E9%81%B8: ('invalid_grant: Token has been expired or revoked.', {'error': 'invalid_grant', 'error_description': 'Token has been expired or revoked.'})
   ❌ Failed request for https://www.mikke-style.com/articles/20260523-%E7%9B%AE%E8%A6%9A%E3%82%81%E3%81%AE%E8%89%AF%E3%81%95%E3%81%AF%E5%A4%9C%E3%81%AB%E8%A8%AD%E8%A8%88%E3%81%95%E3%82%8C%E3%82%8B%E7%9D%A1%E7%9C%A0%E7%92%B0%E5%A2%83%E3%82%92%E6%95%B4%E3%81%88%E3%82%8B%E5%AF%9D%E5%AE%A4%E3%82%A2: ('invalid_grant: Token has been expired or revoked.', {'error': 'invalid_grant', 'error_description': 'Token has been expired or revoked.'})
   ❌ Failed request for https://www.mikke-style.com/articles/20260524-%E6%9C%9D%E3%81%AE5%E5%88%86%E3%82%92%E4%BD%93%E3%81%AB%E8%BF%94%E3%81%99%E5%9C%A8%E5%AE%85%E3%83%AF%E3%83%BC%E3%82%AB%E3%83%BC%E3%81%8C%E9%81%B8%E3%81%B6%E3%82%B9%E3%83%88%E3%83%AC%E3%83%83%E3%83%81%E3%82%B1%E3%82%A2: ('invalid_grant: Token has been expired or revoked.', {'error': 'invalid_grant', 'error_description': 'Token has been expired or revoked.'})
   ❌ Failed request for https://www.mikke-style.com/articles/20260525-smartwatch-comparison: ('invalid_grant: Token has been expired or revoked.', {'error': 'invalid_grant', 'error_description': 'Token has been expired or revoked.'})
   ❌ Failed request for https://www.mikke-style.com/articles/20260525-%E5%8F%B0%E6%89%80%E3%81%AB%E8%81%B7%E4%BA%BA%E3%81%AE%E6%84%8F%E5%BF%97%E3%82%92%E7%BD%AE%E3%81%8F%E6%96%99%E7%90%86%E5%A5%BD%E3%81%8D%E3%81%8C%E8%AA%8D%E3%82%81%E3%82%8B%E6%9C%AC%E6%A0%BC%E3%82%AD%E3%83%83%E3%83%81%E3%83%B3: ('invalid_grant: Token has been expired or revoked.', {'error': 'invalid_grant', 'error_description': 'Token has been expired or revoked.'})
   ❌ Failed request for https://www.mikke-style.com/articles/20260526-best-shampoos-for-damaged-hair: ('invalid_grant: Token has been expired or revoked.', {'error': 'invalid_grant', 'error_description': 'Token has been expired or revoked.'})
   ❌ Failed request for https://www.mikke-style.com/articles/20260526-daily-life-water-bottle-guide: ('invalid_grant: Token has been expired or revoked.', {'error': 'invalid_grant', 'error_description': 'Token has been expired or revoked.'})
   ❌ Failed request for https://www.mikke-style.com/articles/20260526-mac-mini-monitors: ('invalid_grant: Token has been expired or revoked.', {'error': 'invalid_grant', 'error_description': 'Token has been expired or revoked.'})
   ❌ Failed request for https://www.mikke-style.com/articles/20260526-stroller-selection-guide: ('invalid_grant: Token has been expired or revoked.', {'error': 'invalid_grant', 'error_description': 'Token has been expired or revoked.'})
   ❌ Failed request for https://www.mikke-style.com/articles/20260526-%E7%84%9A%E3%81%8D%E7%81%AB%E3%81%AE%E5%89%8D%E3%81%AB%E9%81%93%E5%85%B7%E3%82%92%E9%81%B8%E3%81%B6%E3%82%AD%E3%83%A3%E3%83%B3%E3%83%97%E8%AA%BF%E7%90%86%E3%82%92%E6%B7%B1%E3%82%81%E3%82%8B%E9%81%93%E5%85%B76%E9%81%B8: ('invalid_grant: Token has been expired or revoked.', {'error': 'invalid_grant', 'error_description': 'Token has been expired or revoked.'})
   ❌ Failed request for https://www.mikke-style.com/articles/20260529-aroma-diffusers: ('invalid_grant: Token has been expired or revoked.', {'error': 'invalid_grant', 'error_description': 'Token has been expired or revoked.'})
   ❌ Failed request for https://www.mikke-style.com/articles/20260529-hair-dryers: ('invalid_grant: Token has been expired or revoked.', {'error': 'invalid_grant', 'error_description': 'Token has been expired or revoked.'})
   ❌ Failed request for https://www.mikke-style.com/articles/20260529-regal-business-shoes: ('invalid_grant: Token has been expired or revoked.', {'error': 'invalid_grant', 'error_description': 'Token has been expired or revoked.'})
   ❌ Failed request for https://www.mikke-style.com/articles/20260530-keyboards: ('invalid_grant: Token has been expired or revoked.', {'error': 'invalid_grant', 'error_description': 'Token has been expired or revoked.'})
   ❌ Failed request for https://www.mikke-style.com/articles/20260530-%E6%A4%8D%E7%89%A9%E8%82%B2%E6%88%90%E3%83%A9%E3%82%A4%E3%83%88%E3%81%AE%E3%81%8A%E3%81%99%E3%81%99%E3%82%81%E4%BA%BA%E6%B0%97%E3%83%A9%E3%83%B3%E3%82%AD%E3%83%B3%E3%82%B0: ('invalid_grant: Token has been expired or revoked.', {'error': 'invalid_grant', 'error_description': 'Token has been expired or revoked.'})
   ❌ Failed request for https://www.mikke-style.com/articles/20260531-aquarium-led-lights: ('invalid_grant: Token has been expired or revoked.', {'error': 'invalid_grant', 'error_description': 'Token has been expired or revoked.'})
   ❌ Failed request for https://www.mikke-style.com/articles/20260531-umbrellas: ('invalid_grant: Token has been expired or revoked.', {'error': 'invalid_grant', 'error_description': 'Token has been expired or revoked.'})
   ❌ Failed request for https://www.mikke-style.com/articles/20260603-eyeliner-comparison: ('invalid_grant: Token has been expired or revoked.', {'error': 'invalid_grant', 'error_description': 'Token has been expired or revoked.'})
   ❌ Failed request for https://www.mikke-style.com/articles/20260607-cleansing-oil: ('invalid_grant: Token has been expired or revoked.', {'error': 'invalid_grant', 'error_description': 'Token has been expired or revoked.'})
   ❌ Failed request for https://www.mikke-style.com/articles/20260607-serum: ('invalid_grant: Token has been expired or revoked.', {'error': 'invalid_grant', 'error_description': 'Token has been expired or revoked.'})
   ❌ Failed request for https://www.mikke-style.com/articles/20260608-face-mask: ('invalid_grant: Token has been expired or revoked.', {'error': 'invalid_grant', 'error_description': 'Token has been expired or revoked.'})
   ❌ Failed request for https://www.mikke-style.com/articles/20260608-toner: ('invalid_grant: Token has been expired or revoked.', {'error': 'invalid_grant', 'error_description': 'Token has been expired or revoked.'})
   ❌ Failed request for https://www.mikke-style.com/articles/20260609-cleansing-balm: ('invalid_grant: Token has been expired or revoked.', {'error': 'invalid_grant', 'error_description': 'Token has been expired or revoked.'})
   ❌ Failed request for https://www.mikke-style.com/articles/20260610-cleanser: ('invalid_grant: Token has been expired or revoked.', {'error': 'invalid_grant', 'error_description': 'Token has been expired or revoked.'})
   ❌ Failed request for https://www.mikke-style.com/articles/20260610-cleansing-gel: ('invalid_grant: Token has been expired or revoked.', {'error': 'invalid_grant', 'error_description': 'Token has been expired or revoked.'})
   ❌ Failed request for https://www.mikke-style.com/articles/20260611-booster: ('invalid_grant: Token has been expired or revoked.', {'error': 'invalid_grant', 'error_description': 'Token has been expired or revoked.'})
   ❌ Failed request for https://www.mikke-style.com/articles/20260611-lip-serum: ('invalid_grant: Token has been expired or revoked.', {'error': 'invalid_grant', 'error_description': 'Token has been expired or revoked.'})
   ❌ Failed request for https://www.mikke-style.com/articles/20260612-emulsion: ('invalid_grant: Token has been expired or revoked.', {'error': 'invalid_grant', 'error_description': 'Token has been expired or revoked.'})
   ❌ Failed request for https://www.mikke-style.com/articles/20260612-face-cream: ('invalid_grant: Token has been expired or revoked.', {'error': 'invalid_grant', 'error_description': 'Token has been expired or revoked.'})
   ❌ Failed request for https://www.mikke-style.com/articles/20260613-daily-pack: ('invalid_grant: Token has been expired or revoked.', {'error': 'invalid_grant', 'error_description': 'Token has been expired or revoked.'})
   ❌ Failed request for https://www.mikke-style.com/articles/20260614-affordable-cleanser: ('invalid_grant: Token has been expired or revoked.', {'error': 'invalid_grant', 'error_description': 'Token has been expired or revoked.'})
   ❌ Failed request for https://www.mikke-style.com/articles/20260614-peeling-serum: ('invalid_grant: Token has been expired or revoked.', {'error': 'invalid_grant', 'error_description': 'Token has been expired or revoked.'})
   ❌ Failed request for https://www.mikke-style.com/articles/20260615-mens-face-wash: ('invalid_grant: Token has been expired or revoked.', {'error': 'invalid_grant', 'error_description': 'Token has been expired or revoked.'})
   ❌ Failed request for https://www.mikke-style.com/articles/20260615-sheet-masks-for-40s: ('invalid_grant: Token has been expired or revoked.', {'error': 'invalid_grant', 'error_description': 'Token has been expired or revoked.'})
   ❌ Failed request for https://www.mikke-style.com/articles/20260616-face-wash: ('invalid_grant: Token has been expired or revoked.', {'error': 'invalid_grant', 'error_description': 'Token has been expired or revoked.'})
   ❌ Failed request for https://www.mikke-style.com/articles/20260616-hand-cream: ('invalid_grant: Token has been expired or revoked.', {'error': 'invalid_grant', 'error_description': 'Token has been expired or revoked.'})
   ❌ Failed request for https://www.mikke-style.com/articles/20260617-wet-cleanser: ('invalid_grant: Token has been expired or revoked.', {'error': 'invalid_grant', 'error_description': 'Token has been expired or revoked.'})
   ❌ Failed request for https://www.mikke-style.com/articles/20260618-affordable-booster: ('invalid_grant: Token has been expired or revoked.', {'error': 'invalid_grant', 'error_description': 'Token has been expired or revoked.'})
   ❌ Failed request for https://www.mikke-style.com/articles/20260619-cleansing-balm: ('invalid_grant: Token has been expired or revoked.', {'error': 'invalid_grant', 'error_description': 'Token has been expired or revoked.'})
   ❌ Failed request for https://www.mikke-style.com/articles/20260619-mascara: ('invalid_grant: Token has been expired or revoked.', {'error': 'invalid_grant', 'error_description': 'Token has been expired or revoked.'})
   ❌ Failed request for https://www.mikke-style.com/articles/20260620-article-001: ('invalid_grant: Token has been expired or revoked.', {'error': 'invalid_grant', 'error_description': 'Token has been expired or revoked.'})
   ❌ Failed request for https://www.mikke-style.com/articles/20260620-serum: ('invalid_grant: Token has been expired or revoked.', {'error': 'invalid_grant', 'error_description': 'Token has been expired or revoked.'})
   ❌ Failed request for https://www.mikke-style.com/articles/20260621-article-001: ('invalid_grant: Token has been expired or revoked.', {'error': 'invalid_grant', 'error_description': 'Token has been expired or revoked.'})
   ❌ Failed request for https://www.mikke-style.com/articles/20260621-serum: ('invalid_grant: Token has been expired or revoked.', {'error': 'invalid_grant', 'error_description': 'Token has been expired or revoked.'})
   ❌ Failed request for https://www.mikke-style.com/articles/20260622-article-001: ('invalid_grant: Token has been expired or revoked.', {'error': 'invalid_grant', 'error_description': 'Token has been expired or revoked.'})
   ❌ Failed request for https://www.mikke-style.com/articles/20260622-toner: ('invalid_grant: Token has been expired or revoked.', {'error': 'invalid_grant', 'error_description': 'Token has been expired or revoked.'})
   ❌ Failed request for https://www.mikke-style.com/articles/20260624-beauty: ('invalid_grant: Token has been expired or revoked.', {'error': 'invalid_grant', 'error_description': 'Token has been expired or revoked.'})
   ❌ Failed request for https://www.mikke-style.com/articles/20260624-treatment: ('invalid_grant: Token has been expired or revoked.', {'error': 'invalid_grant', 'error_description': 'Token has been expired or revoked.'})
   ❌ Failed request for https://www.mikke-style.com/articles/20260625-beauty: ('invalid_grant: Token has been expired or revoked.', {'error': 'invalid_grant', 'error_description': 'Token has been expired or revoked.'})
   ❌ Failed request for https://www.mikke-style.com/articles/20260625-serum: ('invalid_grant: Token has been expired or revoked.', {'error': 'invalid_grant', 'error_description': 'Token has been expired or revoked.'})
   ❌ Failed request for https://www.mikke-style.com/articles/20260626-beauty: ('invalid_grant: Token has been expired or revoked.', {'error': 'invalid_grant', 'error_description': 'Token has been expired or revoked.'})
   ❌ Failed request for https://www.mikke-style.com/articles/20260627-beauty: ('invalid_grant: Token has been expired or revoked.', {'error': 'invalid_grant', 'error_description': 'Token has been expired or revoked.'})
   ❌ Failed request for https://www.mikke-style.com/articles/20260628-beauty: ('invalid_grant: Token has been expired or revoked.', {'error': 'invalid_grant', 'error_description': 'Token has been expired or revoked.'})
   ❌ Failed request for https://www.mikke-style.com/articles/20260629-beauty: ('invalid_grant: Token has been expired or revoked.', {'error': 'invalid_grant', 'error_description': 'Token has been expired or revoked.'})
   ❌ Failed request for https://www.mikke-style.com/articles/20260707-beauty-2: ('invalid_grant: Token has been expired or revoked.', {'error': 'invalid_grant', 'error_description': 'Token has been expired or revoked.'})
   ❌ Failed request for https://www.mikke-style.com/articles/20260707-beauty: ('invalid_grant: Token has been expired or revoked.', {'error': 'invalid_grant', 'error_description': 'Token has been expired or revoked.'})
   ❌ Failed request for https://www.mikke-style.com/articles/20260708-beauty-1: ('invalid_grant: Token has been expired or revoked.', {'error': 'invalid_grant', 'error_description': 'Token has been expired or revoked.'})
   ❌ Failed request for https://www.mikke-style.com/articles/20260708-beauty-2: ('invalid_grant: Token has been expired or revoked.', {'error': 'invalid_grant', 'error_description': 'Token has been expired or revoked.'})
   ❌ Failed request for https://www.mikke-style.com/articles/20260709-beauty-1: ('invalid_grant: Token has been expired or revoked.', {'error': 'invalid_grant', 'error_description': 'Token has been expired or revoked.'})
   ❌ Failed request for https://www.mikke-style.com/articles/20260709-cream: ('invalid_grant: Token has been expired or revoked.', {'error': 'invalid_grant', 'error_description': 'Token has been expired or revoked.'})
   ❌ Failed request for https://www.mikke-style.com/articles/cleansing-oil-real: ('invalid_grant: Token has been expired or revoked.', {'error': 'invalid_grant', 'error_description': 'Token has been expired or revoked.'})
✅ Indexing requests sent: 0/110
🔄 [Step 3] Analyzing GA4 Traffic and PV Growth...
🔄 [Step 4] Detecting Articles with low internal links (< 3)...

⚠️ --- Articles with Low Internal Links (< 3) ---
Article Slug                                                      | Internal Links Count
------------------------------------------------------------------------------------------
20260709-cream                                                    | 0                   
20260530-植物育成ライトのおすすめ人気ランキング                                      | 0                   
20260516-夜の静寂に活字が溶ける電子書籍リーダーeインクデバ                                | 1                   
20260412-2026年春テレワークが劇的に捗るデスク周りのおすすめガジェ                           | 1                   
20260712-serum                                                    | 0                   
20260507-浴室を一日の終わりの聖域にバスタイムケアグッズ6選                                | 1                   
20260512-部屋に余白とゆとりを紡ぐ省スペースを叶える静音便利                                | 2                   
20260708-beauty-1                                                 | 0                   
20260711-cleansing-balm-2                                         | 0                   
20260523-2026年最新日焼け止めおすすめ人気ランキング絶対に焼かない                           | 0                   
20260714-spf                                                      | 0                   
20260413-2026年最新忙しい朝を劇的に変える暮らしの質が上がる厳選時                           | 2                   
20260713-cream                                                    | 0                   
20260707-beauty                                                   | 0                   
20260420-新製品レビュー：最新の日焼け止めクリーム                                     | 1                   
20260521-書くことで思考が研ぎ澄まされる手書き派のためのノー                                | 1                   
20260509-髪をちゃんといたわるサロン品質ヘアケアアイテム6選                                | 1                   
20260714-serum                                                    | 0                   
20260716-lip                                                      | 0                   
20260525-smartwatch-comparison                                    | 0                   
20260520-2026年最新プロが厳選エイジングケア美容液おすすめ人気ラン                           | 0                   
20260709-beauty-1                                                 | 0                   
20260707-beauty-2                                                 | 0                   
20260517-音で変わる朝のリズムノイズキャンセリングイヤホン-                                | 1                   
20260429-豆から始まる朝の時間割スペシャルティコーヒー器具6                                | 2                   
20260713-cleanser                                                 | 0                   
20260518-焚き火の夜がもっと好きになるキャンプアウトドアギア                                | 1                   
20260519-焚き火の前の静かな時間アウトドアギア-精鋭6選                                  | 1                   
20260711-cleansing-balm                                           | 0                   
20260712-cleansing                                                | 0                   
20260708-beauty-2                                                 | 0                   
20260412-2026年春テレワークが劇的に捗るデスク周りのおすすめガジェ-fix                       | 0                   
20260715-spf                                                      | 0                   
20260715-cleanser                                                 | 0                   
20260515-寝室の空気を香りから設計する夜インテリアフレグラン                                | 1                   
------------------------------------------------------------------------------------------
Total articles with low links: 35

=== SEO Automation Run Finished ===

/Users/tsukika/Library/Python/3.9/lib/python/site-packages/google/oauth2/__init__.py:40: FutureWarning: You are using a Python version 3.9 past its end of life. Google will update google-auth with critical bug fixes on a best-effort basis, but not with any other fixes or features. Please upgrade your Python version, and then update google-auth.
  warnings.warn(eol_message.format("3.9"), FutureWarning)
/Users/tsukika/Library/Python/3.9/lib/python/site-packages/google/auth/__init__.py:54: FutureWarning: You are using a Python version 3.9 past its end of life. Google will update google-auth with critical bug fixes on a best-effort basis, but not with any other fixes or features. Please upgrade your Python version, and then update google-auth.
  warnings.warn(eol_message.format("3.9"), FutureWarning)
/Users/tsukika/Library/Python/3.9/lib/python/site-packages/google/api_core/_python_version_support.py:242: FutureWarning: You are using a non-supported Python version (3.9.6). Google will not post any further updates to google.api_core supporting this Python version. Please upgrade to the latest Python version, or at least Python 3.10, and then update google.api_core.
  warnings.warn(message, FutureWarning)
/Users/tsukika/Library/Python/3.9/lib/python/site-packages/urllib3/__init__.py:35: NotOpenSSLWarning: urllib3 v2 only supports OpenSSL 1.1.1+, currently the 'ssl' module is compiled with 'LibreSSL 2.8.3'. See: https://github.com/urllib3/urllib3/issues/3020
  warnings.warn(
/Users/tsukika/Library/Python/3.9/lib/python/site-packages/google/api_core/_python_version_support.py:242: FutureWarning: You are using a non-supported Python version (3.9.6). Google will not post any further updates to google.analytics.data_v1beta supporting this Python version. Please upgrade to the latest Python version, or at least Python 3.10, and then update google.analytics.data_v1beta.
  warnings.warn(message, FutureWarning)
=== SEO Automation Run: 2026-07-12 06:01:11 ===
🔄 [Step 1] Updating Sitemap via Next-Sitemap...
❌ Failed to update sitemap: [Errno 2] No such file or directory: 'npx'
🔄 [Step 2] Sending URL Indexing Requests...
🔑 Authenticating with OAuth 2.0 Playground credentials...
   ❌ Failed request for https://www.mikke-style.com/articles/20260412-2026%E5%B9%B4%E6%98%A5%E3%83%86%E3%83%AC%E3%83%AF%E3%83%BC%E3%82%AF%E3%81%8C%E5%8A%87%E7%9A%84%E3%81%AB%E6%8D%97%E3%82%8B%E3%83%87%E3%82%B9%E3%82%AF%E5%91%A8%E3%82%8A%E3%81%AE%E3%81%8A%E3%81%99%E3%81%99%E3%82%81%E3%82%AC%E3%82%B8%E3%82%A7: ('invalid_grant: Token has been expired or revoked.', {'error': 'invalid_grant', 'error_description': 'Token has been expired or revoked.'})
   ❌ Failed request for https://www.mikke-style.com/articles/20260413-2026%E5%B9%B4%E6%9C%80%E6%96%B0%E5%BF%99%E3%81%97%E3%81%84%E6%9C%9D%E3%82%92%E5%8A%87%E7%9A%84%E3%81%AB%E5%A4%89%E3%81%88%E3%82%8B%E6%9A%AE%E3%82%89%E3%81%97%E3%81%AE%E8%B3%AA%E3%81%8C%E4%B8%8A%E3%81%8C%E3%82%8B%E5%8E%B3%E9%81%B8%E6%99%82: ('invalid_grant: Token has been expired or revoked.', {'error': 'invalid_grant', 'error_description': 'Token has been expired or revoked.'})
   ❌ Failed request for https://www.mikke-style.com/articles/20260415-gw-travel-outdoor: ('invalid_grant: Token has been expired or revoked.', {'error': 'invalid_grant', 'error_description': 'Token has been expired or revoked.'})
   ❌ Failed request for https://www.mikke-style.com/articles/20260418-skincare-spring: ('invalid_grant: Token has been expired or revoked.', {'error': 'invalid_grant', 'error_description': 'Token has been expired or revoked.'})
   ❌ Failed request for https://www.mikke-style.com/articles/20260419-ps5-apple-a19-hikaku: ('invalid_grant: Token has been expired or revoked.', {'error': 'invalid_grant', 'error_description': 'Token has been expired or revoked.'})
   ❌ Failed request for https://www.mikke-style.com/articles/20260420-%E6%96%B0%E8%A3%BD%E5%93%81%E3%83%AC%E3%83%93%E3%83%A5%E3%83%BC%EF%BC%9A%E6%9C%80%E6%96%B0%E3%81%AE%E6%97%A5%E7%84%BC%E3%81%91%E6%AD%A2%E3%82%81%E3%82%AF%E3%83%AA%E3%83%BC%E3%83%A0: ('invalid_grant: Token has been expired or revoked.', {'error': 'invalid_grant', 'error_description': 'Token has been expired or revoked.'})
   ❌ Failed request for https://www.mikke-style.com/articles/20260420-%E6%98%A5%E3%81%AE%E6%96%B0%E7%94%9F%E6%B4%BB%E3%81%AB%E3%81%B4%E3%81%A3%E3%81%9F%E3%82%8A%E3%81%AE%E3%82%A4%E3%83%B3%E3%83%86%E3%83%AA%E3%82%A2%E3%82%A2%E3%82%A4%E3%83%86%E3%83%A0: ('invalid_grant: Token has been expired or revoked.', {'error': 'invalid_grant', 'error_description': 'Token has been expired or revoked.'})
   ❌ Failed request for https://www.mikke-style.com/articles/20260422-2026%E5%B9%B4%E6%98%A5%E8%8A%B1%E7%B2%89%E7%B4%AB%E5%A4%96%E7%B7%9A%E3%83%80%E3%83%96%E3%83%AB%E5%AF%BE%E7%AD%96%E8%82%8C%E3%82%92%E5%AE%88%E3%82%8B%E3%82%B9%E3%82%AD%E3%83%B3%E3%82%B1%E3%82%A2: ('invalid_grant: Token has been expired or revoked.', {'error': 'invalid_grant', 'error_description': 'Token has been expired or revoked.'})
   ❌ Failed request for https://www.mikke-style.com/articles/20260422-2026%E5%B9%B4%E6%9C%80%E6%96%B0%E5%88%9D%E5%BF%83%E8%80%85%E3%81%A7%E3%82%82%E4%BD%BF%E3%81%84%E3%82%84%E3%81%99%E3%81%84%E3%82%B3%E3%82%B9%E3%83%91%E6%9C%80%E5%BC%B7%E3%83%9F%E3%83%A9%E3%83%BC: ('invalid_grant: Token has been expired or revoked.', {'error': 'invalid_grant', 'error_description': 'Token has been expired or revoked.'})
   ❌ Failed request for https://www.mikke-style.com/articles/20260423-2026%E5%B9%B4%E6%9C%80%E6%96%B0%E4%B9%BE%E7%87%A5%E8%82%8C%E3%81%95%E3%82%93%E5%BF%85%E8%A6%8B%E3%83%97%E3%83%81%E3%83%97%E3%83%A9%E3%81%AA%E3%81%AE%E3%81%AB%E5%AE%9F%E5%8A%9B%E6%B4%BE%E3%82%B9: ('invalid_grant: Token has been expired or revoked.', {'error': 'invalid_grant', 'error_description': 'Token has been expired or revoked.'})
   ❌ Failed request for https://www.mikke-style.com/articles/20260423-%E6%99%82%E7%9F%AD%E3%83%A9%E3%82%AF%E5%AE%B6%E4%BA%8B%E6%96%99%E7%90%86%E3%81%8C%E6%A5%BD%E3%81%97%E3%81%8F%E3%81%AA%E3%82%8B%E3%82%AD%E3%83%83%E3%83%81%E3%83%B3%E4%BE%BF%E5%88%A9%E3%82%B0%E3%83%83%E3%82%BA7%E9%81%B8: ('invalid_grant: Token has been expired or revoked.', {'error': 'invalid_grant', 'error_description': 'Token has been expired or revoked.'})
   ❌ Failed request for https://www.mikke-style.com/articles/20260424-2026%E5%B9%B4%E6%9C%80%E6%96%B0%E3%83%A1%E3%83%B3%E3%82%BA%E3%82%B9%E3%82%AD%E3%83%B3%E3%82%B1%E3%82%A2%E5%88%9D%E5%BF%83%E8%80%85%E5%BF%85%E8%A6%8B%E6%9C%AC%E5%BD%93%E3%81%AB%E8%B2%B7%E3%81%86: ('invalid_grant: Token has been expired or revoked.', {'error': 'invalid_grant', 'error_description': 'Token has been expired or revoked.'})
   ❌ Failed request for https://www.mikke-style.com/articles/20260424-2026%E5%B9%B4%E7%9D%A1%E7%9C%A0%E3%81%AE%E8%B3%AA%E3%82%92%E4%B8%8A%E3%81%92%E3%81%9F%E3%81%84%E4%BA%BA%E3%81%B8%E3%81%8A%E3%81%99%E3%81%99%E3%82%81%E5%BF%AB%E7%9C%A0%E3%82%B0%E3%83%83%E3%82%BA: ('invalid_grant: Token has been expired or revoked.', {'error': 'invalid_grant', 'error_description': 'Token has been expired or revoked.'})
   ❌ Failed request for https://www.mikke-style.com/articles/20260424-2026%E5%B9%B4%E8%87%AA%E5%AE%85%E3%81%A7%E3%81%A8%E3%81%A8%E3%81%AE%E3%81%86%E3%82%B5%E3%82%A6%E3%83%8A%E5%A5%BD%E3%81%8D%E3%81%8C%E9%81%B8%E3%81%B6%E3%81%8A%E3%81%99%E3%81%99%E3%82%81%E6%B8%A9: ('invalid_grant: Token has been expired or revoked.', {'error': 'invalid_grant', 'error_description': 'Token has been expired or revoked.'})
   ❌ Failed request for https://www.mikke-style.com/articles/20260426-2026%E5%B9%B4%E4%BF%9D%E5%AD%98%E7%89%88%E9%98%B2%E7%81%BD%E3%82%A2%E3%82%A6%E3%83%88%E3%83%89%E3%82%A2%E3%81%AB%E5%BD%B9%E7%AB%8B%E3%81%A4%E3%83%9D%E3%83%BC%E3%82%BF%E3%83%96%E3%83%AB%E9%9B%BB: ('invalid_grant: Token has been expired or revoked.', {'error': 'invalid_grant', 'error_description': 'Token has been expired or revoked.'})
   ❌ Failed request for https://www.mikke-style.com/articles/20260426-2026%E5%B9%B4%E6%9C%80%E6%96%B0%E5%81%A5%E5%BA%B7%E7%AE%A1%E7%90%86%E3%81%AB%E5%BD%B9%E7%AB%8B%E3%81%A4%E3%82%B9%E3%83%9E%E3%83%BC%E3%83%88%E3%82%A6%E3%82%A9%E3%83%83%E3%83%81%E3%81%8A%E3%81%99: ('invalid_grant: Token has been expired or revoked.', {'error': 'invalid_grant', 'error_description': 'Token has been expired or revoked.'})
   ❌ Failed request for https://www.mikke-style.com/articles/20260426-2026%E5%B9%B4%E6%9C%80%E6%96%B0%E5%A4%B1%E6%95%97%E3%81%97%E3%81%AA%E3%81%84%E3%83%8E%E3%82%A4%E3%82%BA%E3%82%AD%E3%83%A3%E3%83%B3%E3%82%BB%E3%83%AA%E3%83%B3%E3%82%B0%E6%90%AD%E8%BC%89%E3%83%AF: ('invalid_grant: Token has been expired or revoked.', {'error': 'invalid_grant', 'error_description': 'Token has been expired or revoked.'})
   ❌ Failed request for https://www.mikke-style.com/articles/20260427-2026%E5%B9%B4%E7%BE%8E%E5%AE%B9%E5%A5%BD%E3%81%8D%E3%81%8C%E3%83%AA%E3%83%94%E8%B2%B7%E3%81%84%E8%A9%B1%E9%A1%8C%E3%81%AE%E9%9F%93%E5%9B%BD%E3%82%B3%E3%82%B9%E3%83%A1%E3%81%8A%E3%81%99%E3%81%99: ('invalid_grant: Token has been expired or revoked.', {'error': 'invalid_grant', 'error_description': 'Token has been expired or revoked.'})
   ❌ Failed request for https://www.mikke-style.com/articles/20260427-%E3%83%87%E3%82%B9%E3%82%AF%E3%81%AB%E9%9D%99%E3%81%91%E3%81%95%E3%82%92%E8%A8%AD%E8%A8%88%E3%81%99%E3%82%8B%E5%9C%A8%E5%AE%85%E3%83%AF%E3%83%BC%E3%82%AF%E7%92%B0%E5%A2%83%E3%82%92%E6%95%B4%E3%81%88%E3%82%8B%E3%82%AC%E3%82%B8: ('invalid_grant: Token has been expired or revoked.', {'error': 'invalid_grant', 'error_description': 'Token has been expired or revoked.'})
   ❌ Failed request for https://www.mikke-style.com/articles/20260429-%E6%98%8E%E6%97%A5%E3%81%AE%E6%9C%9D%E3%81%8C%E5%A4%89%E3%82%8F%E3%82%8B%E5%A4%9C%E3%81%AE%E9%AB%AA%E6%99%82%E9%96%93%E3%83%98%E3%82%A2%E3%83%88%E3%83%AA%E3%83%BC%E3%83%88%E3%83%A1%E3%83%B3%E3%83%88%E3%83%8A%E3%82%A4%E3%83%88: ('invalid_grant: Token has been expired or revoked.', {'error': 'invalid_grant', 'error_description': 'Token has been expired or revoked.'})
   ❌ Failed request for https://www.mikke-style.com/articles/20260429-%E8%B1%86%E3%81%8B%E3%82%89%E5%A7%8B%E3%81%BE%E3%82%8B%E6%9C%9D%E3%81%AE%E6%99%82%E9%96%93%E5%89%B2%E3%82%B9%E3%83%9A%E3%82%B7%E3%83%A3%E3%83%AB%E3%83%86%E3%82%A3%E3%82%B3%E3%83%BC%E3%83%92%E3%83%BC%E5%99%A8%E5%85%B76: ('invalid_grant: Token has been expired or revoked.', {'error': 'invalid_grant', 'error_description': 'Token has been expired or revoked.'})
   ❌ Failed request for https://www.mikke-style.com/articles/20260429-%E9%83%A8%E5%B1%8B%E3%81%AB%E4%BD%99%E7%99%BD%E3%82%92%E7%BD%AE%E3%81%8F%E4%B8%80%E4%BA%BA%E6%9A%AE%E3%82%89%E3%81%97%E3%83%9F%E3%83%8B%E3%83%9E%E3%83%AA%E3%82%B9%E3%83%88%E3%81%AE%E3%82%A4%E3%83%B3%E3%83%86%E3%83%AA%E3%82%A2: ('invalid_grant: Token has been expired or revoked.', {'error': 'invalid_grant', 'error_description': 'Token has been expired or revoked.'})
   ❌ Failed request for https://www.mikke-style.com/articles/20260430-%E8%82%8C%E3%81%8C%E5%83%8D%E3%81%8F%E5%A4%9C%E3%81%AE%E3%81%9F%E3%82%81%E3%81%AB%E9%9F%93%E5%9B%BD%E7%99%BA%E3%83%8A%E3%82%A4%E3%83%88%E3%82%B9%E3%82%AD%E3%83%B3%E3%82%B1%E3%82%A26%E9%81%B8: ('invalid_grant: Token has been expired or revoked.', {'error': 'invalid_grant', 'error_description': 'Token has been expired or revoked.'})
   ❌ Failed request for https://www.mikke-style.com/articles/20260501-%E8%80%B3%E3%81%AB%E6%AD%A3%E7%9B%B4%E3%81%AA%E9%9F%B3%E3%82%92%E5%B1%8A%E3%81%91%E3%82%8B%E3%83%97%E3%83%AC%E3%83%9F%E3%82%A2%E3%83%A0%E3%83%AF%E3%82%A4%E3%83%A4%E3%83%AC%E3%82%B9%E3%82%A4%E3%83%A4%E3%83%95%E3%82%A9%E3%83%B3: ('invalid_grant: Token has been expired or revoked.', {'error': 'invalid_grant', 'error_description': 'Token has been expired or revoked.'})
   ❌ Failed request for https://www.mikke-style.com/articles/20260504-%E9%9D%99%E9%9F%B3%E3%81%A8%E9%9B%86%E4%B8%AD%E3%82%92%E6%9C%BA%E3%81%AE%E4%B8%8A%E3%81%AB%E8%A8%AD%E8%A8%88%E3%81%99%E3%82%8B%E5%9C%A8%E5%AE%85%E3%83%AF%E3%83%BC%E3%82%AF%E7%92%B0%E5%A2%83%E3%82%92%E6%95%B4%E3%81%88%E3%82%8B: ('invalid_grant: Token has been expired or revoked.', {'error': 'invalid_grant', 'error_description': 'Token has been expired or revoked.'})
   ❌ Failed request for https://www.mikke-style.com/articles/20260505-%E5%A4%9C%E3%81%AE%E7%A9%BA%E6%B0%97%E3%82%92%E9%A6%99%E3%82%8A%E3%81%A7%E5%A1%97%E3%82%8A%E6%9B%BF%E3%81%88%E3%82%8B%E3%83%AB%E3%83%BC%E3%83%A0%E3%83%95%E3%83%AC%E3%82%B0%E3%83%A9%E3%83%B3%E3%82%B96%E9%81%B8: ('invalid_grant: Token has been expired or revoked.', {'error': 'invalid_grant', 'error_description': 'Token has been expired or revoked.'})
   ❌ Failed request for https://www.mikke-style.com/articles/20260507-%E6%B5%B4%E5%AE%A4%E3%82%92%E4%B8%80%E6%97%A5%E3%81%AE%E7%B5%82%E3%82%8F%E3%82%8A%E3%81%AE%E8%81%96%E5%9F%9F%E3%81%AB%E3%83%90%E3%82%B9%E3%82%BF%E3%82%A4%E3%83%A0%E3%82%B1%E3%82%A2%E3%82%B0%E3%83%83%E3%82%BA6%E9%81%B8: ('invalid_grant: Token has been expired or revoked.', {'error': 'invalid_grant', 'error_description': 'Token has been expired or revoked.'})
   ❌ Failed request for https://www.mikke-style.com/articles/20260508-%E7%94%B7%E3%81%AE%E8%82%8C%E3%82%82%E6%95%B4%E3%81%86%E6%99%82%E4%BB%A3%E3%81%B8%E3%83%A1%E3%83%B3%E3%82%BA%E3%82%B9%E3%82%AD%E3%83%B3%E3%82%B1%E3%82%A2%E3%82%92%E6%9C%AC%E6%A0%BC%E5%8C%96%E3%81%99%E3%82%8B%E7%BE%8E%E5%AE%B9: ('invalid_grant: Token has been expired or revoked.', {'error': 'invalid_grant', 'error_description': 'Token has been expired or revoked.'})
   ❌ Failed request for https://www.mikke-style.com/articles/20260509-%E6%96%99%E7%90%86%E3%81%8C%E5%A4%89%E3%82%8F%E3%82%8B%E9%81%93%E5%85%B7%E3%82%92%E5%A4%89%E3%81%88%E3%82%8B%E3%81%A0%E3%81%91%E3%81%A7%E6%9C%AC%E6%A0%BC%E3%82%AD%E3%83%83%E3%83%81%E3%83%B3%E3%83%84%E3%83%BC%E3%83%AB6: ('invalid_grant: Token has been expired or revoked.', {'error': 'invalid_grant', 'error_description': 'Token has been expired or revoked.'})
   ❌ Failed request for https://www.mikke-style.com/articles/20260509-%E9%AB%AA%E3%82%92%E3%81%A1%E3%82%83%E3%82%93%E3%81%A8%E3%81%84%E3%81%9F%E3%82%8F%E3%82%8B%E3%82%B5%E3%83%AD%E3%83%B3%E5%93%81%E8%B3%AA%E3%83%98%E3%82%A2%E3%82%B1%E3%82%A2%E3%82%A2%E3%82%A4%E3%83%86%E3%83%A06%E9%81%B8: ('invalid_grant: Token has been expired or revoked.', {'error': 'invalid_grant', 'error_description': 'Token has been expired or revoked.'})
   ❌ Failed request for https://www.mikke-style.com/articles/20260510-%E6%9C%BA%E3%81%AE%E4%B8%8A%E3%81%AB%E4%BB%95%E4%BA%8B%E3%81%AE%E4%BD%99%E7%99%BD%E3%82%92%E4%BD%9C%E3%82%8B%E5%9C%A8%E5%AE%85%E3%83%AF%E3%83%BC%E3%82%AB%E3%83%BC%E3%81%8C%E9%81%B8%E3%81%B6%E4%B8%8A%E8%B3%AA%E3%83%87%E3%82%B9: ('invalid_grant: Token has been expired or revoked.', {'error': 'invalid_grant', 'error_description': 'Token has been expired or revoked.'})
   ❌ Failed request for https://www.mikke-style.com/articles/20260510-%E9%9F%B3%E3%81%8C%E5%A4%89%E3%82%8F%E3%82%8B%E3%81%A8%E6%AF%8E%E6%97%A5%E3%81%8C%E5%A4%89%E3%82%8F%E3%82%8B%E3%81%93%E3%81%A0%E3%82%8F%E3%82%8A%E3%81%AE%E3%83%98%E3%83%83%E3%83%89%E3%83%9B%E3%83%B3%E3%82%A4%E3%83%A4%E3%83%9B: ('invalid_grant: Token has been expired or revoked.', {'error': 'invalid_grant', 'error_description': 'Token has been expired or revoked.'})
   ❌ Failed request for https://www.mikke-style.com/articles/20260511-%E7%81%AF%E3%82%92%E8%90%BD%E3%81%A8%E3%81%97%E3%81%A6%E3%81%8B%E3%82%89%E8%82%8C%E3%81%A8%E5%90%91%E3%81%8D%E5%90%88%E3%81%86%E5%A4%9C%E5%B0%B1%E5%AF%9D%E5%89%8D%E3%83%8A%E3%82%A4%E3%83%88%E3%82%B1%E3%82%A2%E3%82%B3%E3%82%B9: ('invalid_grant: Token has been expired or revoked.', {'error': 'invalid_grant', 'error_description': 'Token has been expired or revoked.'})
   ❌ Failed request for https://www.mikke-style.com/articles/20260511-%E9%9B%86%E4%B8%AD%E3%82%92%E5%A6%A8%E3%81%92%E3%81%AA%E3%81%84%E7%A7%98%E5%AF%86%E5%9F%BA%E5%9C%B0%E5%9C%A8%E5%AE%85%E3%83%AF%E3%83%BC%E3%82%AF%E3%81%AE%E8%B3%AA%E3%82%92%E9%AB%98%E3%82%81%E3%82%8B%E3%83%87%E3%82%B9%E3%82%AF: ('invalid_grant: Token has been expired or revoked.', {'error': 'invalid_grant', 'error_description': 'Token has been expired or revoked.'})
   ❌ Failed request for https://www.mikke-style.com/articles/20260512-%E9%83%A8%E5%B1%8B%E3%81%AB%E4%BD%99%E7%99%BD%E3%81%A8%E3%82%86%E3%81%A8%E3%82%8A%E3%82%92%E7%B4%A1%E3%81%90%E7%9C%81%E3%82%B9%E3%83%9A%E3%83%BC%E3%82%B9%E3%82%92%E5%8F%B6%E3%81%88%E3%82%8B%E9%9D%99%E9%9F%B3%E4%BE%BF%E5%88%A9: ('invalid_grant: Token has been expired or revoked.', {'error': 'invalid_grant', 'error_description': 'Token has been expired or revoked.'})
   ❌ Failed request for https://www.mikke-style.com/articles/20260513-%E5%A4%9C%E3%81%AE%E8%82%8C%E6%99%82%E9%96%93%E3%82%92%E4%B8%81%E5%AF%A7%E3%81%AB%E3%82%B9%E3%82%AD%E3%83%B3%E3%82%B1%E3%82%A2%E3%83%98%E3%82%A2%E3%82%B1%E3%82%A2%E3%81%AE%E6%9C%AC%E5%91%BD%E3%82%B3%E3%82%B9%E3%83%A16: ('invalid_grant: Token has been expired or revoked.', {'error': 'invalid_grant', 'error_description': 'Token has been expired or revoked.'})
   ❌ Failed request for https://www.mikke-style.com/articles/20260513-%E6%AF%8E%E6%9C%9D%E3%81%AE%E8%B3%AA%E3%81%8C%E5%A4%89%E3%82%8F%E3%82%8B%E7%94%9F%E6%B4%BB%E3%82%92%E6%95%B4%E3%81%88%E3%82%8B%E4%BE%BF%E5%88%A9%E3%82%B0%E3%83%83%E3%82%BA6%E9%81%B8: ('invalid_grant: Token has been expired or revoked.', {'error': 'invalid_grant', 'error_description': 'Token has been expired or revoked.'})
   ❌ Failed request for https://www.mikke-style.com/articles/20260514-%E6%AF%8E%E6%97%A5%E3%81%AE%E5%8F%B0%E6%89%80%E3%81%8C%E5%A5%BD%E3%81%8D%E3%81%AB%E3%81%AA%E3%82%8B%E3%82%AD%E3%83%83%E3%83%81%E3%83%B3%E9%9B%91%E8%B2%A8%E4%BF%9D%E5%AD%98%E5%AE%B9%E5%99%A8%E8%AA%BF%E7%90%86%E9%81%93%E5%85%B7: ('invalid_grant: Token has been expired or revoked.', {'error': 'invalid_grant', 'error_description': 'Token has been expired or revoked.'})
   ❌ Failed request for https://www.mikke-style.com/articles/20260515-%E5%AF%9D%E5%AE%A4%E3%81%AE%E7%A9%BA%E6%B0%97%E3%82%92%E9%A6%99%E3%82%8A%E3%81%8B%E3%82%89%E8%A8%AD%E8%A8%88%E3%81%99%E3%82%8B%E5%A4%9C%E3%82%A4%E3%83%B3%E3%83%86%E3%83%AA%E3%82%A2%E3%83%95%E3%83%AC%E3%82%B0%E3%83%A9%E3%83%B3: ('invalid_grant: Token has been expired or revoked.', {'error': 'invalid_grant', 'error_description': 'Token has been expired or revoked.'})
   ❌ Failed request for https://www.mikke-style.com/articles/20260516-%E5%A4%9C%E3%81%AE%E9%9D%99%E5%AF%82%E3%81%AB%E6%B4%BB%E5%AD%97%E3%81%8C%E6%BA%B6%E3%81%91%E3%82%8B%E9%9B%BB%E5%AD%90%E6%9B%B8%E7%B1%8D%E3%83%AA%E3%83%BC%E3%83%80%E3%83%BCe%E3%82%A4%E3%83%B3%E3%82%AF%E3%83%87%E3%83%90: ('invalid_grant: Token has been expired or revoked.', {'error': 'invalid_grant', 'error_description': 'Token has been expired or revoked.'})
   ❌ Failed request for https://www.mikke-style.com/articles/20260517-%E9%9F%B3%E3%81%A7%E5%A4%89%E3%82%8F%E3%82%8B%E6%9C%9D%E3%81%AE%E3%83%AA%E3%82%BA%E3%83%A0%E3%83%8E%E3%82%A4%E3%82%BA%E3%82%AD%E3%83%A3%E3%83%B3%E3%82%BB%E3%83%AA%E3%83%B3%E3%82%B0%E3%82%A4%E3%83%A4%E3%83%9B%E3%83%B3-: ('invalid_grant: Token has been expired or revoked.', {'error': 'invalid_grant', 'error_description': 'Token has been expired or revoked.'})
   ❌ Failed request for https://www.mikke-style.com/articles/20260518-%E7%84%9A%E3%81%8D%E7%81%AB%E3%81%AE%E5%A4%9C%E3%81%8C%E3%82%82%E3%81%A3%E3%81%A8%E5%A5%BD%E3%81%8D%E3%81%AB%E3%81%AA%E3%82%8B%E3%82%AD%E3%83%A3%E3%83%B3%E3%83%97%E3%82%A2%E3%82%A6%E3%83%88%E3%83%89%E3%82%A2%E3%82%AE%E3%82%A2: ('invalid_grant: Token has been expired or revoked.', {'error': 'invalid_grant', 'error_description': 'Token has been expired or revoked.'})
   ❌ Failed request for https://www.mikke-style.com/articles/20260519-%E7%84%9A%E3%81%8D%E7%81%AB%E3%81%AE%E5%89%8D%E3%81%AE%E9%9D%99%E3%81%8B%E3%81%AA%E6%99%82%E9%96%93%E3%82%A2%E3%82%A6%E3%83%88%E3%83%89%E3%82%A2%E3%82%AE%E3%82%A2-%E7%B2%BE%E9%8B%AD6%E9%81%B8: ('invalid_grant: Token has been expired or revoked.', {'error': 'invalid_grant', 'error_description': 'Token has been expired or revoked.'})
   ❌ Failed request for https://www.mikke-style.com/articles/20260520-2026%E5%B9%B4%E6%9C%80%E6%96%B0%E3%83%97%E3%83%AD%E3%81%8C%E5%8E%B3%E9%81%B8%E3%82%A8%E3%82%A4%E3%82%B8%E3%83%B3%E3%82%B0%E3%82%B1%E3%82%A2%E7%BE%8E%E5%AE%B9%E6%B6%B2%E3%81%8A%E3%81%99%E3%81%99%E3%82%81%E4%BA%BA%E6%B0%97%E3%83%A9%E3%83%B3: ('invalid_grant: Token has been expired or revoked.', {'error': 'invalid_grant', 'error_description': 'Token has been expired or revoked.'})
   ❌ Failed request for https://www.mikke-style.com/articles/20260520-2026%E5%B9%B4%E7%89%88%E5%9C%A8%E5%AE%85%E3%83%AF%E3%83%BC%E3%82%AF%E3%81%AE%E7%94%9F%E7%94%A3%E6%80%A7%E3%82%92%E6%9C%80%E5%A4%A7%E5%8C%96%E5%BF%AB%E9%81%A9%E3%81%AA%E3%83%87%E3%82%B9%E3%82%AF%E7%92%B0%E5%A2%83%E3%82%92%E5%8F%B6%E3%81%88: ('invalid_grant: Token has been expired or revoked.', {'error': 'invalid_grant', 'error_description': 'Token has been expired or revoked.'})
   ❌ Failed request for https://www.mikke-style.com/articles/20260521-%E5%85%89%E3%81%AE%E8%B3%AA%E3%81%8C%E9%83%A8%E5%B1%8B%E3%81%AE%E6%99%82%E9%96%93%E3%82%92%E5%A4%89%E3%81%88%E3%82%8B%E3%82%A4%E3%83%B3%E3%83%86%E3%83%AA%E3%82%A2%E7%85%A7%E6%98%8E%E3%83%86%E3%83%BC%E3%83%96%E3%83%AB%E3%83%A9: ('invalid_grant: Token has been expired or revoked.', {'error': 'invalid_grant', 'error_description': 'Token has been expired or revoked.'})
   ❌ Failed request for https://www.mikke-style.com/articles/20260521-%E6%9B%B8%E3%81%8F%E3%81%93%E3%81%A8%E3%81%A7%E6%80%9D%E8%80%83%E3%81%8C%E7%A0%94%E3%81%8E%E6%BE%84%E3%81%BE%E3%81%95%E3%82%8C%E3%82%8B%E6%89%8B%E6%9B%B8%E3%81%8D%E6%B4%BE%E3%81%AE%E3%81%9F%E3%82%81%E3%81%AE%E3%83%8E%E3%83%BC: ('invalid_grant: Token has been expired or revoked.', {'error': 'invalid_grant', 'error_description': 'Token has been expired or revoked.'})
   ❌ Failed request for https://www.mikke-style.com/articles/20260522-%E7%84%9A%E3%81%8D%E7%81%AB%E3%81%AE%E5%89%8D%E3%81%AB%E9%81%93%E5%85%B7%E3%82%92%E9%81%B8%E3%81%B6%E3%82%AD%E3%83%A3%E3%83%B3%E3%83%97%E8%AA%BF%E7%90%86%E3%82%92%E6%B7%B1%E3%82%81%E3%82%8B%E9%81%93%E5%85%B76%E9%81%B8: ('invalid_grant: Token has been expired or revoked.', {'error': 'invalid_grant', 'error_description': 'Token has been expired or revoked.'})
   ❌ Failed request for https://www.mikke-style.com/articles/20260523-2026%E5%B9%B4%E6%9C%80%E6%96%B0%E6%97%A5%E7%84%BC%E3%81%91%E6%AD%A2%E3%82%81%E3%81%8A%E3%81%99%E3%81%99%E3%82%81%E4%BA%BA%E6%B0%97%E3%83%A9%E3%83%B3%E3%82%AD%E3%83%B3%E3%82%B0%E7%B5%B6%E5%AF%BE%E3%81%AB%E7%84%BC%E3%81%8B%E3%81%AA%E3%81%84: ('invalid_grant: Token has been expired or revoked.', {'error': 'invalid_grant', 'error_description': 'Token has been expired or revoked.'})
   ❌ Failed request for https://www.mikke-style.com/articles/20260523-%E3%82%82%E3%81%97%E3%82%82%E3%82%92%E6%97%A5%E5%B8%B8%E3%81%AB%E3%81%99%E3%82%8B%E9%98%B2%E7%81%BD%E3%83%9D%E3%83%BC%E3%83%81%E3%81%AB%E5%85%A5%E3%82%8C%E3%81%9F%E3%81%84%E3%82%B0%E3%83%83%E3%82%BA6%E9%81%B8: ('invalid_grant: Token has been expired or revoked.', {'error': 'invalid_grant', 'error_description': 'Token has been expired or revoked.'})
   ❌ Failed request for https://www.mikke-style.com/articles/20260523-%E7%9B%AE%E8%A6%9A%E3%82%81%E3%81%AE%E8%89%AF%E3%81%95%E3%81%AF%E5%A4%9C%E3%81%AB%E8%A8%AD%E8%A8%88%E3%81%95%E3%82%8C%E3%82%8B%E7%9D%A1%E7%9C%A0%E7%92%B0%E5%A2%83%E3%82%92%E6%95%B4%E3%81%88%E3%82%8B%E5%AF%9D%E5%AE%A4%E3%82%A2: ('invalid_grant: Token has been expired or revoked.', {'error': 'invalid_grant', 'error_description': 'Token has been expired or revoked.'})
   ❌ Failed request for https://www.mikke-style.com/articles/20260524-%E6%9C%9D%E3%81%AE5%E5%88%86%E3%82%92%E4%BD%93%E3%81%AB%E8%BF%94%E3%81%99%E5%9C%A8%E5%AE%85%E3%83%AF%E3%83%BC%E3%82%AB%E3%83%BC%E3%81%8C%E9%81%B8%E3%81%B6%E3%82%B9%E3%83%88%E3%83%AC%E3%83%83%E3%83%81%E3%82%B1%E3%82%A2: ('invalid_grant: Token has been expired or revoked.', {'error': 'invalid_grant', 'error_description': 'Token has been expired or revoked.'})
   ❌ Failed request for https://www.mikke-style.com/articles/20260525-smartwatch-comparison: ('invalid_grant: Token has been expired or revoked.', {'error': 'invalid_grant', 'error_description': 'Token has been expired or revoked.'})
   ❌ Failed request for https://www.mikke-style.com/articles/20260525-%E5%8F%B0%E6%89%80%E3%81%AB%E8%81%B7%E4%BA%BA%E3%81%AE%E6%84%8F%E5%BF%97%E3%82%92%E7%BD%AE%E3%81%8F%E6%96%99%E7%90%86%E5%A5%BD%E3%81%8D%E3%81%8C%E8%AA%8D%E3%82%81%E3%82%8B%E6%9C%AC%E6%A0%BC%E3%82%AD%E3%83%83%E3%83%81%E3%83%B3: ('invalid_grant: Token has been expired or revoked.', {'error': 'invalid_grant', 'error_description': 'Token has been expired or revoked.'})
   ❌ Failed request for https://www.mikke-style.com/articles/20260526-best-shampoos-for-damaged-hair: ('invalid_grant: Token has been expired or revoked.', {'error': 'invalid_grant', 'error_description': 'Token has been expired or revoked.'})
   ❌ Failed request for https://www.mikke-style.com/articles/20260526-daily-life-water-bottle-guide: ('invalid_grant: Token has been expired or revoked.', {'error': 'invalid_grant', 'error_description': 'Token has been expired or revoked.'})
   ❌ Failed request for https://www.mikke-style.com/articles/20260526-mac-mini-monitors: ('invalid_grant: Token has been expired or revoked.', {'error': 'invalid_grant', 'error_description': 'Token has been expired or revoked.'})
   ❌ Failed request for https://www.mikke-style.com/articles/20260526-stroller-selection-guide: ('invalid_grant: Token has been expired or revoked.', {'error': 'invalid_grant', 'error_description': 'Token has been expired or revoked.'})
   ❌ Failed request for https://www.mikke-style.com/articles/20260526-%E7%84%9A%E3%81%8D%E7%81%AB%E3%81%AE%E5%89%8D%E3%81%AB%E9%81%93%E5%85%B7%E3%82%92%E9%81%B8%E3%81%B6%E3%82%AD%E3%83%A3%E3%83%B3%E3%83%97%E8%AA%BF%E7%90%86%E3%82%92%E6%B7%B1%E3%82%81%E3%82%8B%E9%81%93%E5%85%B76%E9%81%B8: ('invalid_grant: Token has been expired or revoked.', {'error': 'invalid_grant', 'error_description': 'Token has been expired or revoked.'})
   ❌ Failed request for https://www.mikke-style.com/articles/20260529-aroma-diffusers: ('invalid_grant: Token has been expired or revoked.', {'error': 'invalid_grant', 'error_description': 'Token has been expired or revoked.'})
   ❌ Failed request for https://www.mikke-style.com/articles/20260529-hair-dryers: ('invalid_grant: Token has been expired or revoked.', {'error': 'invalid_grant', 'error_description': 'Token has been expired or revoked.'})
   ❌ Failed request for https://www.mikke-style.com/articles/20260529-regal-business-shoes: ('invalid_grant: Token has been expired or revoked.', {'error': 'invalid_grant', 'error_description': 'Token has been expired or revoked.'})
   ❌ Failed request for https://www.mikke-style.com/articles/20260530-keyboards: ('invalid_grant: Token has been expired or revoked.', {'error': 'invalid_grant', 'error_description': 'Token has been expired or revoked.'})
   ❌ Failed request for https://www.mikke-style.com/articles/20260530-%E6%A4%8D%E7%89%A9%E8%82%B2%E6%88%90%E3%83%A9%E3%82%A4%E3%83%88%E3%81%AE%E3%81%8A%E3%81%99%E3%81%99%E3%82%81%E4%BA%BA%E6%B0%97%E3%83%A9%E3%83%B3%E3%82%AD%E3%83%B3%E3%82%B0: ('invalid_grant: Token has been expired or revoked.', {'error': 'invalid_grant', 'error_description': 'Token has been expired or revoked.'})
   ❌ Failed request for https://www.mikke-style.com/articles/20260531-aquarium-led-lights: ('invalid_grant: Token has been expired or revoked.', {'error': 'invalid_grant', 'error_description': 'Token has been expired or revoked.'})
   ❌ Failed request for https://www.mikke-style.com/articles/20260531-umbrellas: ('invalid_grant: Token has been expired or revoked.', {'error': 'invalid_grant', 'error_description': 'Token has been expired or revoked.'})
   ❌ Failed request for https://www.mikke-style.com/articles/20260603-eyeliner-comparison: ('invalid_grant: Token has been expired or revoked.', {'error': 'invalid_grant', 'error_description': 'Token has been expired or revoked.'})
   ❌ Failed request for https://www.mikke-style.com/articles/20260607-cleansing-oil: ('invalid_grant: Token has been expired or revoked.', {'error': 'invalid_grant', 'error_description': 'Token has been expired or revoked.'})
   ❌ Failed request for https://www.mikke-style.com/articles/20260607-serum: ('invalid_grant: Token has been expired or revoked.', {'error': 'invalid_grant', 'error_description': 'Token has been expired or revoked.'})
   ❌ Failed request for https://www.mikke-style.com/articles/20260608-face-mask: ('invalid_grant: Token has been expired or revoked.', {'error': 'invalid_grant', 'error_description': 'Token has been expired or revoked.'})
   ❌ Failed request for https://www.mikke-style.com/articles/20260608-toner: ('invalid_grant: Token has been expired or revoked.', {'error': 'invalid_grant', 'error_description': 'Token has been expired or revoked.'})
   ❌ Failed request for https://www.mikke-style.com/articles/20260609-cleansing-balm: ('invalid_grant: Token has been expired or revoked.', {'error': 'invalid_grant', 'error_description': 'Token has been expired or revoked.'})
   ❌ Failed request for https://www.mikke-style.com/articles/20260610-cleanser: ('invalid_grant: Token has been expired or revoked.', {'error': 'invalid_grant', 'error_description': 'Token has been expired or revoked.'})
   ❌ Failed request for https://www.mikke-style.com/articles/20260610-cleansing-gel: ('invalid_grant: Token has been expired or revoked.', {'error': 'invalid_grant', 'error_description': 'Token has been expired or revoked.'})
   ❌ Failed request for https://www.mikke-style.com/articles/20260611-booster: ('invalid_grant: Token has been expired or revoked.', {'error': 'invalid_grant', 'error_description': 'Token has been expired or revoked.'})
   ❌ Failed request for https://www.mikke-style.com/articles/20260611-lip-serum: ('invalid_grant: Token has been expired or revoked.', {'error': 'invalid_grant', 'error_description': 'Token has been expired or revoked.'})
   ❌ Failed request for https://www.mikke-style.com/articles/20260612-emulsion: ('invalid_grant: Token has been expired or revoked.', {'error': 'invalid_grant', 'error_description': 'Token has been expired or revoked.'})
   ❌ Failed request for https://www.mikke-style.com/articles/20260612-face-cream: ('invalid_grant: Token has been expired or revoked.', {'error': 'invalid_grant', 'error_description': 'Token has been expired or revoked.'})
   ❌ Failed request for https://www.mikke-style.com/articles/20260613-daily-pack: ('invalid_grant: Token has been expired or revoked.', {'error': 'invalid_grant', 'error_description': 'Token has been expired or revoked.'})
   ❌ Failed request for https://www.mikke-style.com/articles/20260614-affordable-cleanser: ('invalid_grant: Token has been expired or revoked.', {'error': 'invalid_grant', 'error_description': 'Token has been expired or revoked.'})
   ❌ Failed request for https://www.mikke-style.com/articles/20260614-peeling-serum: ('invalid_grant: Token has been expired or revoked.', {'error': 'invalid_grant', 'error_description': 'Token has been expired or revoked.'})
   ❌ Failed request for https://www.mikke-style.com/articles/20260615-mens-face-wash: ('invalid_grant: Token has been expired or revoked.', {'error': 'invalid_grant', 'error_description': 'Token has been expired or revoked.'})
   ❌ Failed request for https://www.mikke-style.com/articles/20260615-sheet-masks-for-40s: ('invalid_grant: Token has been expired or revoked.', {'error': 'invalid_grant', 'error_description': 'Token has been expired or revoked.'})
   ❌ Failed request for https://www.mikke-style.com/articles/20260616-face-wash: ('invalid_grant: Token has been expired or revoked.', {'error': 'invalid_grant', 'error_description': 'Token has been expired or revoked.'})
   ❌ Failed request for https://www.mikke-style.com/articles/20260616-hand-cream: ('invalid_grant: Token has been expired or revoked.', {'error': 'invalid_grant', 'error_description': 'Token has been expired or revoked.'})
   ❌ Failed request for https://www.mikke-style.com/articles/20260617-wet-cleanser: ('invalid_grant: Token has been expired or revoked.', {'error': 'invalid_grant', 'error_description': 'Token has been expired or revoked.'})
   ❌ Failed request for https://www.mikke-style.com/articles/20260618-affordable-booster: ('invalid_grant: Token has been expired or revoked.', {'error': 'invalid_grant', 'error_description': 'Token has been expired or revoked.'})
   ❌ Failed request for https://www.mikke-style.com/articles/20260619-cleansing-balm: ('invalid_grant: Token has been expired or revoked.', {'error': 'invalid_grant', 'error_description': 'Token has been expired or revoked.'})
   ❌ Failed request for https://www.mikke-style.com/articles/20260619-mascara: ('invalid_grant: Token has been expired or revoked.', {'error': 'invalid_grant', 'error_description': 'Token has been expired or revoked.'})
   ❌ Failed request for https://www.mikke-style.com/articles/20260620-article-001: ('invalid_grant: Token has been expired or revoked.', {'error': 'invalid_grant', 'error_description': 'Token has been expired or revoked.'})
   ❌ Failed request for https://www.mikke-style.com/articles/20260620-serum: ('invalid_grant: Token has been expired or revoked.', {'error': 'invalid_grant', 'error_description': 'Token has been expired or revoked.'})
   ❌ Failed request for https://www.mikke-style.com/articles/20260621-article-001: ('invalid_grant: Token has been expired or revoked.', {'error': 'invalid_grant', 'error_description': 'Token has been expired or revoked.'})
   ❌ Failed request for https://www.mikke-style.com/articles/20260621-serum: ('invalid_grant: Token has been expired or revoked.', {'error': 'invalid_grant', 'error_description': 'Token has been expired or revoked.'})
   ❌ Failed request for https://www.mikke-style.com/articles/20260622-article-001: ('invalid_grant: Token has been expired or revoked.', {'error': 'invalid_grant', 'error_description': 'Token has been expired or revoked.'})
   ❌ Failed request for https://www.mikke-style.com/articles/20260622-toner: ('invalid_grant: Token has been expired or revoked.', {'error': 'invalid_grant', 'error_description': 'Token has been expired or revoked.'})
   ❌ Failed request for https://www.mikke-style.com/articles/20260624-beauty: ('invalid_grant: Token has been expired or revoked.', {'error': 'invalid_grant', 'error_description': 'Token has been expired or revoked.'})
   ❌ Failed request for https://www.mikke-style.com/articles/20260624-treatment: ('invalid_grant: Token has been expired or revoked.', {'error': 'invalid_grant', 'error_description': 'Token has been expired or revoked.'})
   ❌ Failed request for https://www.mikke-style.com/articles/20260625-beauty: ('invalid_grant: Token has been expired or revoked.', {'error': 'invalid_grant', 'error_description': 'Token has been expired or revoked.'})
   ❌ Failed request for https://www.mikke-style.com/articles/20260625-serum: ('invalid_grant: Token has been expired or revoked.', {'error': 'invalid_grant', 'error_description': 'Token has been expired or revoked.'})
   ❌ Failed request for https://www.mikke-style.com/articles/20260626-beauty: ('invalid_grant: Token has been expired or revoked.', {'error': 'invalid_grant', 'error_description': 'Token has been expired or revoked.'})
   ❌ Failed request for https://www.mikke-style.com/articles/20260627-beauty: ('invalid_grant: Token has been expired or revoked.', {'error': 'invalid_grant', 'error_description': 'Token has been expired or revoked.'})
   ❌ Failed request for https://www.mikke-style.com/articles/20260628-beauty: ('invalid_grant: Token has been expired or revoked.', {'error': 'invalid_grant', 'error_description': 'Token has been expired or revoked.'})
   ❌ Failed request for https://www.mikke-style.com/articles/20260629-beauty: ('invalid_grant: Token has been expired or revoked.', {'error': 'invalid_grant', 'error_description': 'Token has been expired or revoked.'})
   ❌ Failed request for https://www.mikke-style.com/articles/20260707-beauty-2: ('invalid_grant: Token has been expired or revoked.', {'error': 'invalid_grant', 'error_description': 'Token has been expired or revoked.'})
   ❌ Failed request for https://www.mikke-style.com/articles/20260707-beauty: ('invalid_grant: Token has been expired or revoked.', {'error': 'invalid_grant', 'error_description': 'Token has been expired or revoked.'})
   ❌ Failed request for https://www.mikke-style.com/articles/20260708-beauty-1: ('invalid_grant: Token has been expired or revoked.', {'error': 'invalid_grant', 'error_description': 'Token has been expired or revoked.'})
   ❌ Failed request for https://www.mikke-style.com/articles/20260708-beauty-2: ('invalid_grant: Token has been expired or revoked.', {'error': 'invalid_grant', 'error_description': 'Token has been expired or revoked.'})
   ❌ Failed request for https://www.mikke-style.com/articles/20260709-beauty-1: ('invalid_grant: Token has been expired or revoked.', {'error': 'invalid_grant', 'error_description': 'Token has been expired or revoked.'})
   ❌ Failed request for https://www.mikke-style.com/articles/20260709-cream: ('invalid_grant: Token has been expired or revoked.', {'error': 'invalid_grant', 'error_description': 'Token has been expired or revoked.'})
   ❌ Failed request for https://www.mikke-style.com/articles/cleansing-oil-real: ('invalid_grant: Token has been expired or revoked.', {'error': 'invalid_grant', 'error_description': 'Token has been expired or revoked.'})
✅ Indexing requests sent: 0/110
🔄 [Step 3] Analyzing GA4 Traffic and PV Growth...

📈 --- GA4 PV Daily Comparison Report ---
Page Path                                                    | Yesterday PV    | Today PV   | Change    
---------------------------------------------------------------------------------------------------------
---------------------------------------------------------------------------------------------------------
✅ Saved current PVs to yesterday's cache.
🔄 [Step 4] Detecting Articles with low internal links (< 3)...

⚠️ --- Articles with Low Internal Links (< 3) ---
Article Slug                                                      | Internal Links Count
------------------------------------------------------------------------------------------
20260709-cream                                                    | 0                   
20260530-植物育成ライトのおすすめ人気ランキング                                      | 0                   
20260516-夜の静寂に活字が溶ける電子書籍リーダーeインクデバ                                | 1                   
20260412-2026年春テレワークが劇的に捗るデスク周りのおすすめガジェ                           | 1                   
20260712-serum                                                    | 0                   
20260507-浴室を一日の終わりの聖域にバスタイムケアグッズ6選                                | 1                   
20260512-部屋に余白とゆとりを紡ぐ省スペースを叶える静音便利                                | 2                   
20260708-beauty-1                                                 | 0                   
20260711-cleansing-balm-2                                         | 0                   
20260523-2026年最新日焼け止めおすすめ人気ランキング絶対に焼かない                           | 0                   
20260714-spf                                                      | 0                   
20260413-2026年最新忙しい朝を劇的に変える暮らしの質が上がる厳選時                           | 2                   
20260713-cream                                                    | 0                   
20260707-beauty                                                   | 0                   
20260420-新製品レビュー：最新の日焼け止めクリーム                                     | 1                   
20260521-書くことで思考が研ぎ澄まされる手書き派のためのノー                                | 1                   
20260509-髪をちゃんといたわるサロン品質ヘアケアアイテム6選                                | 1                   
20260714-serum                                                    | 0                   
20260716-lip                                                      | 0                   
20260525-smartwatch-comparison                                    | 0                   
20260520-2026年最新プロが厳選エイジングケア美容液おすすめ人気ラン                           | 0                   
20260709-beauty-1                                                 | 0                   
20260707-beauty-2                                                 | 0                   
20260517-音で変わる朝のリズムノイズキャンセリングイヤホン-                                | 1                   
20260429-豆から始まる朝の時間割スペシャルティコーヒー器具6                                | 2                   
20260713-cleanser                                                 | 0                   
20260518-焚き火の夜がもっと好きになるキャンプアウトドアギア                                | 1                   
20260519-焚き火の前の静かな時間アウトドアギア-精鋭6選                                  | 1                   
20260711-cleansing-balm                                           | 0                   
20260712-cleansing                                                | 0                   
20260708-beauty-2                                                 | 0                   
20260412-2026年春テレワークが劇的に捗るデスク周りのおすすめガジェ-fix                       | 0                   
20260715-spf                                                      | 0                   
20260715-cleanser                                                 | 0                   
20260515-寝室の空気を香りから設計する夜インテリアフレグラン                                | 1                   
------------------------------------------------------------------------------------------
Total articles with low links: 35

=== SEO Automation Run Finished ===

/Users/tsukika/Library/Python/3.9/lib/python/site-packages/google/oauth2/__init__.py:40: FutureWarning: You are using a Python version 3.9 past its end of life. Google will update google-auth with critical bug fixes on a best-effort basis, but not with any other fixes or features. Please upgrade your Python version, and then update google-auth.
  warnings.warn(eol_message.format("3.9"), FutureWarning)
/Users/tsukika/Library/Python/3.9/lib/python/site-packages/google/auth/__init__.py:54: FutureWarning: You are using a Python version 3.9 past its end of life. Google will update google-auth with critical bug fixes on a best-effort basis, but not with any other fixes or features. Please upgrade your Python version, and then update google-auth.
  warnings.warn(eol_message.format("3.9"), FutureWarning)
/Users/tsukika/Library/Python/3.9/lib/python/site-packages/google/api_core/_python_version_support.py:242: FutureWarning: You are using a non-supported Python version (3.9.6). Google will not post any further updates to google.api_core supporting this Python version. Please upgrade to the latest Python version, or at least Python 3.10, and then update google.api_core.
  warnings.warn(message, FutureWarning)
/Users/tsukika/Library/Python/3.9/lib/python/site-packages/urllib3/__init__.py:35: NotOpenSSLWarning: urllib3 v2 only supports OpenSSL 1.1.1+, currently the 'ssl' module is compiled with 'LibreSSL 2.8.3'. See: https://github.com/urllib3/urllib3/issues/3020
  warnings.warn(
/Users/tsukika/Library/Python/3.9/lib/python/site-packages/google/api_core/_python_version_support.py:242: FutureWarning: You are using a non-supported Python version (3.9.6). Google will not post any further updates to google.analytics.data_v1beta supporting this Python version. Please upgrade to the latest Python version, or at least Python 3.10, and then update google.analytics.data_v1beta.
  warnings.warn(message, FutureWarning)
=== SEO Automation Run: 2026-07-13 06:01:09 ===
🔄 [Step 1] Updating Sitemap via Next-Sitemap...
❌ Failed to update sitemap: [Errno 2] No such file or directory: 'npx'
🔄 [Step 2] Sending URL Indexing Requests...
🔑 Authenticating with OAuth 2.0 Playground credentials...
   ❌ Failed request for https://www.mikke-style.com/articles/20260412-2026%E5%B9%B4%E6%98%A5%E3%83%86%E3%83%AC%E3%83%AF%E3%83%BC%E3%82%AF%E3%81%8C%E5%8A%87%E7%9A%84%E3%81%AB%E6%8D%97%E3%82%8B%E3%83%87%E3%82%B9%E3%82%AF%E5%91%A8%E3%82%8A%E3%81%AE%E3%81%8A%E3%81%99%E3%81%99%E3%82%81%E3%82%AC%E3%82%B8%E3%82%A7: ('invalid_grant: Token has been expired or revoked.', {'error': 'invalid_grant', 'error_description': 'Token has been expired or revoked.'})
   ❌ Failed request for https://www.mikke-style.com/articles/20260413-2026%E5%B9%B4%E6%9C%80%E6%96%B0%E5%BF%99%E3%81%97%E3%81%84%E6%9C%9D%E3%82%92%E5%8A%87%E7%9A%84%E3%81%AB%E5%A4%89%E3%81%88%E3%82%8B%E6%9A%AE%E3%82%89%E3%81%97%E3%81%AE%E8%B3%AA%E3%81%8C%E4%B8%8A%E3%81%8C%E3%82%8B%E5%8E%B3%E9%81%B8%E6%99%82: ('invalid_grant: Token has been expired or revoked.', {'error': 'invalid_grant', 'error_description': 'Token has been expired or revoked.'})
   ❌ Failed request for https://www.mikke-style.com/articles/20260415-gw-travel-outdoor: ('invalid_grant: Token has been expired or revoked.', {'error': 'invalid_grant', 'error_description': 'Token has been expired or revoked.'})
   ❌ Failed request for https://www.mikke-style.com/articles/20260418-skincare-spring: ('invalid_grant: Token has been expired or revoked.', {'error': 'invalid_grant', 'error_description': 'Token has been expired or revoked.'})
   ❌ Failed request for https://www.mikke-style.com/articles/20260419-ps5-apple-a19-hikaku: ('invalid_grant: Token has been expired or revoked.', {'error': 'invalid_grant', 'error_description': 'Token has been expired or revoked.'})
   ❌ Failed request for https://www.mikke-style.com/articles/20260420-%E6%96%B0%E8%A3%BD%E5%93%81%E3%83%AC%E3%83%93%E3%83%A5%E3%83%BC%EF%BC%9A%E6%9C%80%E6%96%B0%E3%81%AE%E6%97%A5%E7%84%BC%E3%81%91%E6%AD%A2%E3%82%81%E3%82%AF%E3%83%AA%E3%83%BC%E3%83%A0: ('invalid_grant: Token has been expired or revoked.', {'error': 'invalid_grant', 'error_description': 'Token has been expired or revoked.'})
   ❌ Failed request for https://www.mikke-style.com/articles/20260420-%E6%98%A5%E3%81%AE%E6%96%B0%E7%94%9F%E6%B4%BB%E3%81%AB%E3%81%B4%E3%81%A3%E3%81%9F%E3%82%8A%E3%81%AE%E3%82%A4%E3%83%B3%E3%83%86%E3%83%AA%E3%82%A2%E3%82%A2%E3%82%A4%E3%83%86%E3%83%A0: ('invalid_grant: Token has been expired or revoked.', {'error': 'invalid_grant', 'error_description': 'Token has been expired or revoked.'})
   ❌ Failed request for https://www.mikke-style.com/articles/20260422-2026%E5%B9%B4%E6%98%A5%E8%8A%B1%E7%B2%89%E7%B4%AB%E5%A4%96%E7%B7%9A%E3%83%80%E3%83%96%E3%83%AB%E5%AF%BE%E7%AD%96%E8%82%8C%E3%82%92%E5%AE%88%E3%82%8B%E3%82%B9%E3%82%AD%E3%83%B3%E3%82%B1%E3%82%A2: ('invalid_grant: Token has been expired or revoked.', {'error': 'invalid_grant', 'error_description': 'Token has been expired or revoked.'})
   ❌ Failed request for https://www.mikke-style.com/articles/20260422-2026%E5%B9%B4%E6%9C%80%E6%96%B0%E5%88%9D%E5%BF%83%E8%80%85%E3%81%A7%E3%82%82%E4%BD%BF%E3%81%84%E3%82%84%E3%81%99%E3%81%84%E3%82%B3%E3%82%B9%E3%83%91%E6%9C%80%E5%BC%B7%E3%83%9F%E3%83%A9%E3%83%BC: ('invalid_grant: Token has been expired or revoked.', {'error': 'invalid_grant', 'error_description': 'Token has been expired or revoked.'})
   ❌ Failed request for https://www.mikke-style.com/articles/20260423-2026%E5%B9%B4%E6%9C%80%E6%96%B0%E4%B9%BE%E7%87%A5%E8%82%8C%E3%81%95%E3%82%93%E5%BF%85%E8%A6%8B%E3%83%97%E3%83%81%E3%83%97%E3%83%A9%E3%81%AA%E3%81%AE%E3%81%AB%E5%AE%9F%E5%8A%9B%E6%B4%BE%E3%82%B9: ('invalid_grant: Token has been expired or revoked.', {'error': 'invalid_grant', 'error_description': 'Token has been expired or revoked.'})
   ❌ Failed request for https://www.mikke-style.com/articles/20260423-%E6%99%82%E7%9F%AD%E3%83%A9%E3%82%AF%E5%AE%B6%E4%BA%8B%E6%96%99%E7%90%86%E3%81%8C%E6%A5%BD%E3%81%97%E3%81%8F%E3%81%AA%E3%82%8B%E3%82%AD%E3%83%83%E3%83%81%E3%83%B3%E4%BE%BF%E5%88%A9%E3%82%B0%E3%83%83%E3%82%BA7%E9%81%B8: ('invalid_grant: Token has been expired or revoked.', {'error': 'invalid_grant', 'error_description': 'Token has been expired or revoked.'})
   ❌ Failed request for https://www.mikke-style.com/articles/20260424-2026%E5%B9%B4%E6%9C%80%E6%96%B0%E3%83%A1%E3%83%B3%E3%82%BA%E3%82%B9%E3%82%AD%E3%83%B3%E3%82%B1%E3%82%A2%E5%88%9D%E5%BF%83%E8%80%85%E5%BF%85%E8%A6%8B%E6%9C%AC%E5%BD%93%E3%81%AB%E8%B2%B7%E3%81%86: ('invalid_grant: Token has been expired or revoked.', {'error': 'invalid_grant', 'error_description': 'Token has been expired or revoked.'})
   ❌ Failed request for https://www.mikke-style.com/articles/20260424-2026%E5%B9%B4%E7%9D%A1%E7%9C%A0%E3%81%AE%E8%B3%AA%E3%82%92%E4%B8%8A%E3%81%92%E3%81%9F%E3%81%84%E4%BA%BA%E3%81%B8%E3%81%8A%E3%81%99%E3%81%99%E3%82%81%E5%BF%AB%E7%9C%A0%E3%82%B0%E3%83%83%E3%82%BA: ('invalid_grant: Token has been expired or revoked.', {'error': 'invalid_grant', 'error_description': 'Token has been expired or revoked.'})
   ❌ Failed request for https://www.mikke-style.com/articles/20260424-2026%E5%B9%B4%E8%87%AA%E5%AE%85%E3%81%A7%E3%81%A8%E3%81%A8%E3%81%AE%E3%81%86%E3%82%B5%E3%82%A6%E3%83%8A%E5%A5%BD%E3%81%8D%E3%81%8C%E9%81%B8%E3%81%B6%E3%81%8A%E3%81%99%E3%81%99%E3%82%81%E6%B8%A9: ('invalid_grant: Token has been expired or revoked.', {'error': 'invalid_grant', 'error_description': 'Token has been expired or revoked.'})
   ❌ Failed request for https://www.mikke-style.com/articles/20260426-2026%E5%B9%B4%E4%BF%9D%E5%AD%98%E7%89%88%E9%98%B2%E7%81%BD%E3%82%A2%E3%82%A6%E3%83%88%E3%83%89%E3%82%A2%E3%81%AB%E5%BD%B9%E7%AB%8B%E3%81%A4%E3%83%9D%E3%83%BC%E3%82%BF%E3%83%96%E3%83%AB%E9%9B%BB: ('invalid_grant: Token has been expired or revoked.', {'error': 'invalid_grant', 'error_description': 'Token has been expired or revoked.'})
   ❌ Failed request for https://www.mikke-style.com/articles/20260426-2026%E5%B9%B4%E6%9C%80%E6%96%B0%E5%81%A5%E5%BA%B7%E7%AE%A1%E7%90%86%E3%81%AB%E5%BD%B9%E7%AB%8B%E3%81%A4%E3%82%B9%E3%83%9E%E3%83%BC%E3%83%88%E3%82%A6%E3%82%A9%E3%83%83%E3%83%81%E3%81%8A%E3%81%99: ('invalid_grant: Token has been expired or revoked.', {'error': 'invalid_grant', 'error_description': 'Token has been expired or revoked.'})
   ❌ Failed request for https://www.mikke-style.com/articles/20260426-2026%E5%B9%B4%E6%9C%80%E6%96%B0%E5%A4%B1%E6%95%97%E3%81%97%E3%81%AA%E3%81%84%E3%83%8E%E3%82%A4%E3%82%BA%E3%82%AD%E3%83%A3%E3%83%B3%E3%82%BB%E3%83%AA%E3%83%B3%E3%82%B0%E6%90%AD%E8%BC%89%E3%83%AF: ('invalid_grant: Token has been expired or revoked.', {'error': 'invalid_grant', 'error_description': 'Token has been expired or revoked.'})
   ❌ Failed request for https://www.mikke-style.com/articles/20260427-2026%E5%B9%B4%E7%BE%8E%E5%AE%B9%E5%A5%BD%E3%81%8D%E3%81%8C%E3%83%AA%E3%83%94%E8%B2%B7%E3%81%84%E8%A9%B1%E9%A1%8C%E3%81%AE%E9%9F%93%E5%9B%BD%E3%82%B3%E3%82%B9%E3%83%A1%E3%81%8A%E3%81%99%E3%81%99: ('invalid_grant: Token has been expired or revoked.', {'error': 'invalid_grant', 'error_description': 'Token has been expired or revoked.'})
   ❌ Failed request for https://www.mikke-style.com/articles/20260427-%E3%83%87%E3%82%B9%E3%82%AF%E3%81%AB%E9%9D%99%E3%81%91%E3%81%95%E3%82%92%E8%A8%AD%E8%A8%88%E3%81%99%E3%82%8B%E5%9C%A8%E5%AE%85%E3%83%AF%E3%83%BC%E3%82%AF%E7%92%B0%E5%A2%83%E3%82%92%E6%95%B4%E3%81%88%E3%82%8B%E3%82%AC%E3%82%B8: ('invalid_grant: Token has been expired or revoked.', {'error': 'invalid_grant', 'error_description': 'Token has been expired or revoked.'})
   ❌ Failed request for https://www.mikke-style.com/articles/20260429-%E6%98%8E%E6%97%A5%E3%81%AE%E6%9C%9D%E3%81%8C%E5%A4%89%E3%82%8F%E3%82%8B%E5%A4%9C%E3%81%AE%E9%AB%AA%E6%99%82%E9%96%93%E3%83%98%E3%82%A2%E3%83%88%E3%83%AA%E3%83%BC%E3%83%88%E3%83%A1%E3%83%B3%E3%83%88%E3%83%8A%E3%82%A4%E3%83%88: ('invalid_grant: Token has been expired or revoked.', {'error': 'invalid_grant', 'error_description': 'Token has been expired or revoked.'})
   ❌ Failed request for https://www.mikke-style.com/articles/20260429-%E8%B1%86%E3%81%8B%E3%82%89%E5%A7%8B%E3%81%BE%E3%82%8B%E6%9C%9D%E3%81%AE%E6%99%82%E9%96%93%E5%89%B2%E3%82%B9%E3%83%9A%E3%82%B7%E3%83%A3%E3%83%AB%E3%83%86%E3%82%A3%E3%82%B3%E3%83%BC%E3%83%92%E3%83%BC%E5%99%A8%E5%85%B76: ('invalid_grant: Token has been expired or revoked.', {'error': 'invalid_grant', 'error_description': 'Token has been expired or revoked.'})
   ❌ Failed request for https://www.mikke-style.com/articles/20260429-%E9%83%A8%E5%B1%8B%E3%81%AB%E4%BD%99%E7%99%BD%E3%82%92%E7%BD%AE%E3%81%8F%E4%B8%80%E4%BA%BA%E6%9A%AE%E3%82%89%E3%81%97%E3%83%9F%E3%83%8B%E3%83%9E%E3%83%AA%E3%82%B9%E3%83%88%E3%81%AE%E3%82%A4%E3%83%B3%E3%83%86%E3%83%AA%E3%82%A2: ('invalid_grant: Token has been expired or revoked.', {'error': 'invalid_grant', 'error_description': 'Token has been expired or revoked.'})
   ❌ Failed request for https://www.mikke-style.com/articles/20260430-%E8%82%8C%E3%81%8C%E5%83%8D%E3%81%8F%E5%A4%9C%E3%81%AE%E3%81%9F%E3%82%81%E3%81%AB%E9%9F%93%E5%9B%BD%E7%99%BA%E3%83%8A%E3%82%A4%E3%83%88%E3%82%B9%E3%82%AD%E3%83%B3%E3%82%B1%E3%82%A26%E9%81%B8: ('invalid_grant: Token has been expired or revoked.', {'error': 'invalid_grant', 'error_description': 'Token has been expired or revoked.'})
   ❌ Failed request for https://www.mikke-style.com/articles/20260501-%E8%80%B3%E3%81%AB%E6%AD%A3%E7%9B%B4%E3%81%AA%E9%9F%B3%E3%82%92%E5%B1%8A%E3%81%91%E3%82%8B%E3%83%97%E3%83%AC%E3%83%9F%E3%82%A2%E3%83%A0%E3%83%AF%E3%82%A4%E3%83%A4%E3%83%AC%E3%82%B9%E3%82%A4%E3%83%A4%E3%83%95%E3%82%A9%E3%83%B3: ('invalid_grant: Token has been expired or revoked.', {'error': 'invalid_grant', 'error_description': 'Token has been expired or revoked.'})
   ❌ Failed request for https://www.mikke-style.com/articles/20260504-%E9%9D%99%E9%9F%B3%E3%81%A8%E9%9B%86%E4%B8%AD%E3%82%92%E6%9C%BA%E3%81%AE%E4%B8%8A%E3%81%AB%E8%A8%AD%E8%A8%88%E3%81%99%E3%82%8B%E5%9C%A8%E5%AE%85%E3%83%AF%E3%83%BC%E3%82%AF%E7%92%B0%E5%A2%83%E3%82%92%E6%95%B4%E3%81%88%E3%82%8B: ('invalid_grant: Token has been expired or revoked.', {'error': 'invalid_grant', 'error_description': 'Token has been expired or revoked.'})
   ❌ Failed request for https://www.mikke-style.com/articles/20260505-%E5%A4%9C%E3%81%AE%E7%A9%BA%E6%B0%97%E3%82%92%E9%A6%99%E3%82%8A%E3%81%A7%E5%A1%97%E3%82%8A%E6%9B%BF%E3%81%88%E3%82%8B%E3%83%AB%E3%83%BC%E3%83%A0%E3%83%95%E3%83%AC%E3%82%B0%E3%83%A9%E3%83%B3%E3%82%B96%E9%81%B8: ('invalid_grant: Token has been expired or revoked.', {'error': 'invalid_grant', 'error_description': 'Token has been expired or revoked.'})
   ❌ Failed request for https://www.mikke-style.com/articles/20260507-%E6%B5%B4%E5%AE%A4%E3%82%92%E4%B8%80%E6%97%A5%E3%81%AE%E7%B5%82%E3%82%8F%E3%82%8A%E3%81%AE%E8%81%96%E5%9F%9F%E3%81%AB%E3%83%90%E3%82%B9%E3%82%BF%E3%82%A4%E3%83%A0%E3%82%B1%E3%82%A2%E3%82%B0%E3%83%83%E3%82%BA6%E9%81%B8: ('invalid_grant: Token has been expired or revoked.', {'error': 'invalid_grant', 'error_description': 'Token has been expired or revoked.'})
   ❌ Failed request for https://www.mikke-style.com/articles/20260508-%E7%94%B7%E3%81%AE%E8%82%8C%E3%82%82%E6%95%B4%E3%81%86%E6%99%82%E4%BB%A3%E3%81%B8%E3%83%A1%E3%83%B3%E3%82%BA%E3%82%B9%E3%82%AD%E3%83%B3%E3%82%B1%E3%82%A2%E3%82%92%E6%9C%AC%E6%A0%BC%E5%8C%96%E3%81%99%E3%82%8B%E7%BE%8E%E5%AE%B9: ('invalid_grant: Token has been expired or revoked.', {'error': 'invalid_grant', 'error_description': 'Token has been expired or revoked.'})
   ❌ Failed request for https://www.mikke-style.com/articles/20260509-%E6%96%99%E7%90%86%E3%81%8C%E5%A4%89%E3%82%8F%E3%82%8B%E9%81%93%E5%85%B7%E3%82%92%E5%A4%89%E3%81%88%E3%82%8B%E3%81%A0%E3%81%91%E3%81%A7%E6%9C%AC%E6%A0%BC%E3%82%AD%E3%83%83%E3%83%81%E3%83%B3%E3%83%84%E3%83%BC%E3%83%AB6: ('invalid_grant: Token has been expired or revoked.', {'error': 'invalid_grant', 'error_description': 'Token has been expired or revoked.'})
   ❌ Failed request for https://www.mikke-style.com/articles/20260509-%E9%AB%AA%E3%82%92%E3%81%A1%E3%82%83%E3%82%93%E3%81%A8%E3%81%84%E3%81%9F%E3%82%8F%E3%82%8B%E3%82%B5%E3%83%AD%E3%83%B3%E5%93%81%E8%B3%AA%E3%83%98%E3%82%A2%E3%82%B1%E3%82%A2%E3%82%A2%E3%82%A4%E3%83%86%E3%83%A06%E9%81%B8: ('invalid_grant: Token has been expired or revoked.', {'error': 'invalid_grant', 'error_description': 'Token has been expired or revoked.'})
   ❌ Failed request for https://www.mikke-style.com/articles/20260510-%E6%9C%BA%E3%81%AE%E4%B8%8A%E3%81%AB%E4%BB%95%E4%BA%8B%E3%81%AE%E4%BD%99%E7%99%BD%E3%82%92%E4%BD%9C%E3%82%8B%E5%9C%A8%E5%AE%85%E3%83%AF%E3%83%BC%E3%82%AB%E3%83%BC%E3%81%8C%E9%81%B8%E3%81%B6%E4%B8%8A%E8%B3%AA%E3%83%87%E3%82%B9: ('invalid_grant: Token has been expired or revoked.', {'error': 'invalid_grant', 'error_description': 'Token has been expired or revoked.'})
   ❌ Failed request for https://www.mikke-style.com/articles/20260510-%E9%9F%B3%E3%81%8C%E5%A4%89%E3%82%8F%E3%82%8B%E3%81%A8%E6%AF%8E%E6%97%A5%E3%81%8C%E5%A4%89%E3%82%8F%E3%82%8B%E3%81%93%E3%81%A0%E3%82%8F%E3%82%8A%E3%81%AE%E3%83%98%E3%83%83%E3%83%89%E3%83%9B%E3%83%B3%E3%82%A4%E3%83%A4%E3%83%9B: ('invalid_grant: Token has been expired or revoked.', {'error': 'invalid_grant', 'error_description': 'Token has been expired or revoked.'})
   ❌ Failed request for https://www.mikke-style.com/articles/20260511-%E7%81%AF%E3%82%92%E8%90%BD%E3%81%A8%E3%81%97%E3%81%A6%E3%81%8B%E3%82%89%E8%82%8C%E3%81%A8%E5%90%91%E3%81%8D%E5%90%88%E3%81%86%E5%A4%9C%E5%B0%B1%E5%AF%9D%E5%89%8D%E3%83%8A%E3%82%A4%E3%83%88%E3%82%B1%E3%82%A2%E3%82%B3%E3%82%B9: ('invalid_grant: Token has been expired or revoked.', {'error': 'invalid_grant', 'error_description': 'Token has been expired or revoked.'})
   ❌ Failed request for https://www.mikke-style.com/articles/20260511-%E9%9B%86%E4%B8%AD%E3%82%92%E5%A6%A8%E3%81%92%E3%81%AA%E3%81%84%E7%A7%98%E5%AF%86%E5%9F%BA%E5%9C%B0%E5%9C%A8%E5%AE%85%E3%83%AF%E3%83%BC%E3%82%AF%E3%81%AE%E8%B3%AA%E3%82%92%E9%AB%98%E3%82%81%E3%82%8B%E3%83%87%E3%82%B9%E3%82%AF: ('invalid_grant: Token has been expired or revoked.', {'error': 'invalid_grant', 'error_description': 'Token has been expired or revoked.'})
   ❌ Failed request for https://www.mikke-style.com/articles/20260512-%E9%83%A8%E5%B1%8B%E3%81%AB%E4%BD%99%E7%99%BD%E3%81%A8%E3%82%86%E3%81%A8%E3%82%8A%E3%82%92%E7%B4%A1%E3%81%90%E7%9C%81%E3%82%B9%E3%83%9A%E3%83%BC%E3%82%B9%E3%82%92%E5%8F%B6%E3%81%88%E3%82%8B%E9%9D%99%E9%9F%B3%E4%BE%BF%E5%88%A9: ('invalid_grant: Token has been expired or revoked.', {'error': 'invalid_grant', 'error_description': 'Token has been expired or revoked.'})
   ❌ Failed request for https://www.mikke-style.com/articles/20260513-%E5%A4%9C%E3%81%AE%E8%82%8C%E6%99%82%E9%96%93%E3%82%92%E4%B8%81%E5%AF%A7%E3%81%AB%E3%82%B9%E3%82%AD%E3%83%B3%E3%82%B1%E3%82%A2%E3%83%98%E3%82%A2%E3%82%B1%E3%82%A2%E3%81%AE%E6%9C%AC%E5%91%BD%E3%82%B3%E3%82%B9%E3%83%A16: ('invalid_grant: Token has been expired or revoked.', {'error': 'invalid_grant', 'error_description': 'Token has been expired or revoked.'})
   ❌ Failed request for https://www.mikke-style.com/articles/20260513-%E6%AF%8E%E6%9C%9D%E3%81%AE%E8%B3%AA%E3%81%8C%E5%A4%89%E3%82%8F%E3%82%8B%E7%94%9F%E6%B4%BB%E3%82%92%E6%95%B4%E3%81%88%E3%82%8B%E4%BE%BF%E5%88%A9%E3%82%B0%E3%83%83%E3%82%BA6%E9%81%B8: ('invalid_grant: Token has been expired or revoked.', {'error': 'invalid_grant', 'error_description': 'Token has been expired or revoked.'})
   ❌ Failed request for https://www.mikke-style.com/articles/20260514-%E6%AF%8E%E6%97%A5%E3%81%AE%E5%8F%B0%E6%89%80%E3%81%8C%E5%A5%BD%E3%81%8D%E3%81%AB%E3%81%AA%E3%82%8B%E3%82%AD%E3%83%83%E3%83%81%E3%83%B3%E9%9B%91%E8%B2%A8%E4%BF%9D%E5%AD%98%E5%AE%B9%E5%99%A8%E8%AA%BF%E7%90%86%E9%81%93%E5%85%B7: ('invalid_grant: Token has been expired or revoked.', {'error': 'invalid_grant', 'error_description': 'Token has been expired or revoked.'})
   ❌ Failed request for https://www.mikke-style.com/articles/20260515-%E5%AF%9D%E5%AE%A4%E3%81%AE%E7%A9%BA%E6%B0%97%E3%82%92%E9%A6%99%E3%82%8A%E3%81%8B%E3%82%89%E8%A8%AD%E8%A8%88%E3%81%99%E3%82%8B%E5%A4%9C%E3%82%A4%E3%83%B3%E3%83%86%E3%83%AA%E3%82%A2%E3%83%95%E3%83%AC%E3%82%B0%E3%83%A9%E3%83%B3: ('invalid_grant: Token has been expired or revoked.', {'error': 'invalid_grant', 'error_description': 'Token has been expired or revoked.'})
   ❌ Failed request for https://www.mikke-style.com/articles/20260516-%E5%A4%9C%E3%81%AE%E9%9D%99%E5%AF%82%E3%81%AB%E6%B4%BB%E5%AD%97%E3%81%8C%E6%BA%B6%E3%81%91%E3%82%8B%E9%9B%BB%E5%AD%90%E6%9B%B8%E7%B1%8D%E3%83%AA%E3%83%BC%E3%83%80%E3%83%BCe%E3%82%A4%E3%83%B3%E3%82%AF%E3%83%87%E3%83%90: ('invalid_grant: Token has been expired or revoked.', {'error': 'invalid_grant', 'error_description': 'Token has been expired or revoked.'})
   ❌ Failed request for https://www.mikke-style.com/articles/20260517-%E9%9F%B3%E3%81%A7%E5%A4%89%E3%82%8F%E3%82%8B%E6%9C%9D%E3%81%AE%E3%83%AA%E3%82%BA%E3%83%A0%E3%83%8E%E3%82%A4%E3%82%BA%E3%82%AD%E3%83%A3%E3%83%B3%E3%82%BB%E3%83%AA%E3%83%B3%E3%82%B0%E3%82%A4%E3%83%A4%E3%83%9B%E3%83%B3-: ('invalid_grant: Token has been expired or revoked.', {'error': 'invalid_grant', 'error_description': 'Token has been expired or revoked.'})
   ❌ Failed request for https://www.mikke-style.com/articles/20260518-%E7%84%9A%E3%81%8D%E7%81%AB%E3%81%AE%E5%A4%9C%E3%81%8C%E3%82%82%E3%81%A3%E3%81%A8%E5%A5%BD%E3%81%8D%E3%81%AB%E3%81%AA%E3%82%8B%E3%82%AD%E3%83%A3%E3%83%B3%E3%83%97%E3%82%A2%E3%82%A6%E3%83%88%E3%83%89%E3%82%A2%E3%82%AE%E3%82%A2: ('invalid_grant: Token has been expired or revoked.', {'error': 'invalid_grant', 'error_description': 'Token has been expired or revoked.'})
   ❌ Failed request for https://www.mikke-style.com/articles/20260519-%E7%84%9A%E3%81%8D%E7%81%AB%E3%81%AE%E5%89%8D%E3%81%AE%E9%9D%99%E3%81%8B%E3%81%AA%E6%99%82%E9%96%93%E3%82%A2%E3%82%A6%E3%83%88%E3%83%89%E3%82%A2%E3%82%AE%E3%82%A2-%E7%B2%BE%E9%8B%AD6%E9%81%B8: ('invalid_grant: Token has been expired or revoked.', {'error': 'invalid_grant', 'error_description': 'Token has been expired or revoked.'})
   ❌ Failed request for https://www.mikke-style.com/articles/20260520-2026%E5%B9%B4%E6%9C%80%E6%96%B0%E3%83%97%E3%83%AD%E3%81%8C%E5%8E%B3%E9%81%B8%E3%82%A8%E3%82%A4%E3%82%B8%E3%83%B3%E3%82%B0%E3%82%B1%E3%82%A2%E7%BE%8E%E5%AE%B9%E6%B6%B2%E3%81%8A%E3%81%99%E3%81%99%E3%82%81%E4%BA%BA%E6%B0%97%E3%83%A9%E3%83%B3: ('invalid_grant: Token has been expired or revoked.', {'error': 'invalid_grant', 'error_description': 'Token has been expired or revoked.'})
   ❌ Failed request for https://www.mikke-style.com/articles/20260520-2026%E5%B9%B4%E7%89%88%E5%9C%A8%E5%AE%85%E3%83%AF%E3%83%BC%E3%82%AF%E3%81%AE%E7%94%9F%E7%94%A3%E6%80%A7%E3%82%92%E6%9C%80%E5%A4%A7%E5%8C%96%E5%BF%AB%E9%81%A9%E3%81%AA%E3%83%87%E3%82%B9%E3%82%AF%E7%92%B0%E5%A2%83%E3%82%92%E5%8F%B6%E3%81%88: ('invalid_grant: Token has been expired or revoked.', {'error': 'invalid_grant', 'error_description': 'Token has been expired or revoked.'})
   ❌ Failed request for https://www.mikke-style.com/articles/20260521-%E5%85%89%E3%81%AE%E8%B3%AA%E3%81%8C%E9%83%A8%E5%B1%8B%E3%81%AE%E6%99%82%E9%96%93%E3%82%92%E5%A4%89%E3%81%88%E3%82%8B%E3%82%A4%E3%83%B3%E3%83%86%E3%83%AA%E3%82%A2%E7%85%A7%E6%98%8E%E3%83%86%E3%83%BC%E3%83%96%E3%83%AB%E3%83%A9: ('invalid_grant: Token has been expired or revoked.', {'error': 'invalid_grant', 'error_description': 'Token has been expired or revoked.'})
   ❌ Failed request for https://www.mikke-style.com/articles/20260521-%E6%9B%B8%E3%81%8F%E3%81%93%E3%81%A8%E3%81%A7%E6%80%9D%E8%80%83%E3%81%8C%E7%A0%94%E3%81%8E%E6%BE%84%E3%81%BE%E3%81%95%E3%82%8C%E3%82%8B%E6%89%8B%E6%9B%B8%E3%81%8D%E6%B4%BE%E3%81%AE%E3%81%9F%E3%82%81%E3%81%AE%E3%83%8E%E3%83%BC: ('invalid_grant: Token has been expired or revoked.', {'error': 'invalid_grant', 'error_description': 'Token has been expired or revoked.'})
   ❌ Failed request for https://www.mikke-style.com/articles/20260522-%E7%84%9A%E3%81%8D%E7%81%AB%E3%81%AE%E5%89%8D%E3%81%AB%E9%81%93%E5%85%B7%E3%82%92%E9%81%B8%E3%81%B6%E3%82%AD%E3%83%A3%E3%83%B3%E3%83%97%E8%AA%BF%E7%90%86%E3%82%92%E6%B7%B1%E3%82%81%E3%82%8B%E9%81%93%E5%85%B76%E9%81%B8: ('invalid_grant: Token has been expired or revoked.', {'error': 'invalid_grant', 'error_description': 'Token has been expired or revoked.'})
   ❌ Failed request for https://www.mikke-style.com/articles/20260523-2026%E5%B9%B4%E6%9C%80%E6%96%B0%E6%97%A5%E7%84%BC%E3%81%91%E6%AD%A2%E3%82%81%E3%81%8A%E3%81%99%E3%81%99%E3%82%81%E4%BA%BA%E6%B0%97%E3%83%A9%E3%83%B3%E3%82%AD%E3%83%B3%E3%82%B0%E7%B5%B6%E5%AF%BE%E3%81%AB%E7%84%BC%E3%81%8B%E3%81%AA%E3%81%84: ('invalid_grant: Token has been expired or revoked.', {'error': 'invalid_grant', 'error_description': 'Token has been expired or revoked.'})
   ❌ Failed request for https://www.mikke-style.com/articles/20260523-%E3%82%82%E3%81%97%E3%82%82%E3%82%92%E6%97%A5%E5%B8%B8%E3%81%AB%E3%81%99%E3%82%8B%E9%98%B2%E7%81%BD%E3%83%9D%E3%83%BC%E3%83%81%E3%81%AB%E5%85%A5%E3%82%8C%E3%81%9F%E3%81%84%E3%82%B0%E3%83%83%E3%82%BA6%E9%81%B8: ('invalid_grant: Token has been expired or revoked.', {'error': 'invalid_grant', 'error_description': 'Token has been expired or revoked.'})
   ❌ Failed request for https://www.mikke-style.com/articles/20260523-%E7%9B%AE%E8%A6%9A%E3%82%81%E3%81%AE%E8%89%AF%E3%81%95%E3%81%AF%E5%A4%9C%E3%81%AB%E8%A8%AD%E8%A8%88%E3%81%95%E3%82%8C%E3%82%8B%E7%9D%A1%E7%9C%A0%E7%92%B0%E5%A2%83%E3%82%92%E6%95%B4%E3%81%88%E3%82%8B%E5%AF%9D%E5%AE%A4%E3%82%A2: ('invalid_grant: Token has been expired or revoked.', {'error': 'invalid_grant', 'error_description': 'Token has been expired or revoked.'})
   ❌ Failed request for https://www.mikke-style.com/articles/20260524-%E6%9C%9D%E3%81%AE5%E5%88%86%E3%82%92%E4%BD%93%E3%81%AB%E8%BF%94%E3%81%99%E5%9C%A8%E5%AE%85%E3%83%AF%E3%83%BC%E3%82%AB%E3%83%BC%E3%81%8C%E9%81%B8%E3%81%B6%E3%82%B9%E3%83%88%E3%83%AC%E3%83%83%E3%83%81%E3%82%B1%E3%82%A2: ('invalid_grant: Token has been expired or revoked.', {'error': 'invalid_grant', 'error_description': 'Token has been expired or revoked.'})
   ❌ Failed request for https://www.mikke-style.com/articles/20260525-smartwatch-comparison: ('invalid_grant: Token has been expired or revoked.', {'error': 'invalid_grant', 'error_description': 'Token has been expired or revoked.'})
   ❌ Failed request for https://www.mikke-style.com/articles/20260525-%E5%8F%B0%E6%89%80%E3%81%AB%E8%81%B7%E4%BA%BA%E3%81%AE%E6%84%8F%E5%BF%97%E3%82%92%E7%BD%AE%E3%81%8F%E6%96%99%E7%90%86%E5%A5%BD%E3%81%8D%E3%81%8C%E8%AA%8D%E3%82%81%E3%82%8B%E6%9C%AC%E6%A0%BC%E3%82%AD%E3%83%83%E3%83%81%E3%83%B3: ('invalid_grant: Token has been expired or revoked.', {'error': 'invalid_grant', 'error_description': 'Token has been expired or revoked.'})
   ❌ Failed request for https://www.mikke-style.com/articles/20260526-best-shampoos-for-damaged-hair: ('invalid_grant: Token has been expired or revoked.', {'error': 'invalid_grant', 'error_description': 'Token has been expired or revoked.'})
   ❌ Failed request for https://www.mikke-style.com/articles/20260526-daily-life-water-bottle-guide: ('invalid_grant: Token has been expired or revoked.', {'error': 'invalid_grant', 'error_description': 'Token has been expired or revoked.'})
   ❌ Failed request for https://www.mikke-style.com/articles/20260526-mac-mini-monitors: ('invalid_grant: Token has been expired or revoked.', {'error': 'invalid_grant', 'error_description': 'Token has been expired or revoked.'})
   ❌ Failed request for https://www.mikke-style.com/articles/20260526-stroller-selection-guide: ('invalid_grant: Token has been expired or revoked.', {'error': 'invalid_grant', 'error_description': 'Token has been expired or revoked.'})
   ❌ Failed request for https://www.mikke-style.com/articles/20260526-%E7%84%9A%E3%81%8D%E7%81%AB%E3%81%AE%E5%89%8D%E3%81%AB%E9%81%93%E5%85%B7%E3%82%92%E9%81%B8%E3%81%B6%E3%82%AD%E3%83%A3%E3%83%B3%E3%83%97%E8%AA%BF%E7%90%86%E3%82%92%E6%B7%B1%E3%82%81%E3%82%8B%E9%81%93%E5%85%B76%E9%81%B8: ('invalid_grant: Token has been expired or revoked.', {'error': 'invalid_grant', 'error_description': 'Token has been expired or revoked.'})
   ❌ Failed request for https://www.mikke-style.com/articles/20260529-aroma-diffusers: ('invalid_grant: Token has been expired or revoked.', {'error': 'invalid_grant', 'error_description': 'Token has been expired or revoked.'})
   ❌ Failed request for https://www.mikke-style.com/articles/20260529-hair-dryers: ('invalid_grant: Token has been expired or revoked.', {'error': 'invalid_grant', 'error_description': 'Token has been expired or revoked.'})
   ❌ Failed request for https://www.mikke-style.com/articles/20260529-regal-business-shoes: ('invalid_grant: Token has been expired or revoked.', {'error': 'invalid_grant', 'error_description': 'Token has been expired or revoked.'})
   ❌ Failed request for https://www.mikke-style.com/articles/20260530-keyboards: ('invalid_grant: Token has been expired or revoked.', {'error': 'invalid_grant', 'error_description': 'Token has been expired or revoked.'})
   ❌ Failed request for https://www.mikke-style.com/articles/20260530-%E6%A4%8D%E7%89%A9%E8%82%B2%E6%88%90%E3%83%A9%E3%82%A4%E3%83%88%E3%81%AE%E3%81%8A%E3%81%99%E3%81%99%E3%82%81%E4%BA%BA%E6%B0%97%E3%83%A9%E3%83%B3%E3%82%AD%E3%83%B3%E3%82%B0: ('invalid_grant: Token has been expired or revoked.', {'error': 'invalid_grant', 'error_description': 'Token has been expired or revoked.'})
   ❌ Failed request for https://www.mikke-style.com/articles/20260531-aquarium-led-lights: ('invalid_grant: Token has been expired or revoked.', {'error': 'invalid_grant', 'error_description': 'Token has been expired or revoked.'})
   ❌ Failed request for https://www.mikke-style.com/articles/20260531-umbrellas: ('invalid_grant: Token has been expired or revoked.', {'error': 'invalid_grant', 'error_description': 'Token has been expired or revoked.'})
   ❌ Failed request for https://www.mikke-style.com/articles/20260603-eyeliner-comparison: ('invalid_grant: Token has been expired or revoked.', {'error': 'invalid_grant', 'error_description': 'Token has been expired or revoked.'})
   ❌ Failed request for https://www.mikke-style.com/articles/20260607-cleansing-oil: ('invalid_grant: Token has been expired or revoked.', {'error': 'invalid_grant', 'error_description': 'Token has been expired or revoked.'})
   ❌ Failed request for https://www.mikke-style.com/articles/20260607-serum: ('invalid_grant: Token has been expired or revoked.', {'error': 'invalid_grant', 'error_description': 'Token has been expired or revoked.'})
   ❌ Failed request for https://www.mikke-style.com/articles/20260608-face-mask: ('invalid_grant: Token has been expired or revoked.', {'error': 'invalid_grant', 'error_description': 'Token has been expired or revoked.'})
   ❌ Failed request for https://www.mikke-style.com/articles/20260608-toner: ('invalid_grant: Token has been expired or revoked.', {'error': 'invalid_grant', 'error_description': 'Token has been expired or revoked.'})
   ❌ Failed request for https://www.mikke-style.com/articles/20260609-cleansing-balm: ('invalid_grant: Token has been expired or revoked.', {'error': 'invalid_grant', 'error_description': 'Token has been expired or revoked.'})
   ❌ Failed request for https://www.mikke-style.com/articles/20260610-cleanser: ('invalid_grant: Token has been expired or revoked.', {'error': 'invalid_grant', 'error_description': 'Token has been expired or revoked.'})
   ❌ Failed request for https://www.mikke-style.com/articles/20260610-cleansing-gel: ('invalid_grant: Token has been expired or revoked.', {'error': 'invalid_grant', 'error_description': 'Token has been expired or revoked.'})
   ❌ Failed request for https://www.mikke-style.com/articles/20260611-booster: ('invalid_grant: Token has been expired or revoked.', {'error': 'invalid_grant', 'error_description': 'Token has been expired or revoked.'})
   ❌ Failed request for https://www.mikke-style.com/articles/20260611-lip-serum: ('invalid_grant: Token has been expired or revoked.', {'error': 'invalid_grant', 'error_description': 'Token has been expired or revoked.'})
   ❌ Failed request for https://www.mikke-style.com/articles/20260612-emulsion: ('invalid_grant: Token has been expired or revoked.', {'error': 'invalid_grant', 'error_description': 'Token has been expired or revoked.'})
   ❌ Failed request for https://www.mikke-style.com/articles/20260612-face-cream: ('invalid_grant: Token has been expired or revoked.', {'error': 'invalid_grant', 'error_description': 'Token has been expired or revoked.'})
   ❌ Failed request for https://www.mikke-style.com/articles/20260613-daily-pack: ('invalid_grant: Token has been expired or revoked.', {'error': 'invalid_grant', 'error_description': 'Token has been expired or revoked.'})
   ❌ Failed request for https://www.mikke-style.com/articles/20260614-affordable-cleanser: ('invalid_grant: Token has been expired or revoked.', {'error': 'invalid_grant', 'error_description': 'Token has been expired or revoked.'})
   ❌ Failed request for https://www.mikke-style.com/articles/20260614-peeling-serum: ('invalid_grant: Token has been expired or revoked.', {'error': 'invalid_grant', 'error_description': 'Token has been expired or revoked.'})
   ❌ Failed request for https://www.mikke-style.com/articles/20260615-mens-face-wash: ('invalid_grant: Token has been expired or revoked.', {'error': 'invalid_grant', 'error_description': 'Token has been expired or revoked.'})
   ❌ Failed request for https://www.mikke-style.com/articles/20260615-sheet-masks-for-40s: ('invalid_grant: Token has been expired or revoked.', {'error': 'invalid_grant', 'error_description': 'Token has been expired or revoked.'})
   ❌ Failed request for https://www.mikke-style.com/articles/20260616-face-wash: ('invalid_grant: Token has been expired or revoked.', {'error': 'invalid_grant', 'error_description': 'Token has been expired or revoked.'})
   ❌ Failed request for https://www.mikke-style.com/articles/20260616-hand-cream: ('invalid_grant: Token has been expired or revoked.', {'error': 'invalid_grant', 'error_description': 'Token has been expired or revoked.'})
   ❌ Failed request for https://www.mikke-style.com/articles/20260617-wet-cleanser: ('invalid_grant: Token has been expired or revoked.', {'error': 'invalid_grant', 'error_description': 'Token has been expired or revoked.'})
   ❌ Failed request for https://www.mikke-style.com/articles/20260618-affordable-booster: ('invalid_grant: Token has been expired or revoked.', {'error': 'invalid_grant', 'error_description': 'Token has been expired or revoked.'})
   ❌ Failed request for https://www.mikke-style.com/articles/20260619-cleansing-balm: ('invalid_grant: Token has been expired or revoked.', {'error': 'invalid_grant', 'error_description': 'Token has been expired or revoked.'})
   ❌ Failed request for https://www.mikke-style.com/articles/20260619-mascara: ('invalid_grant: Token has been expired or revoked.', {'error': 'invalid_grant', 'error_description': 'Token has been expired or revoked.'})
   ❌ Failed request for https://www.mikke-style.com/articles/20260620-article-001: ('invalid_grant: Token has been expired or revoked.', {'error': 'invalid_grant', 'error_description': 'Token has been expired or revoked.'})
   ❌ Failed request for https://www.mikke-style.com/articles/20260620-serum: ('invalid_grant: Token has been expired or revoked.', {'error': 'invalid_grant', 'error_description': 'Token has been expired or revoked.'})
   ❌ Failed request for https://www.mikke-style.com/articles/20260621-article-001: ('invalid_grant: Token has been expired or revoked.', {'error': 'invalid_grant', 'error_description': 'Token has been expired or revoked.'})
   ❌ Failed request for https://www.mikke-style.com/articles/20260621-serum: ('invalid_grant: Token has been expired or revoked.', {'error': 'invalid_grant', 'error_description': 'Token has been expired or revoked.'})
   ❌ Failed request for https://www.mikke-style.com/articles/20260622-article-001: ('invalid_grant: Token has been expired or revoked.', {'error': 'invalid_grant', 'error_description': 'Token has been expired or revoked.'})
   ❌ Failed request for https://www.mikke-style.com/articles/20260622-toner: ('invalid_grant: Token has been expired or revoked.', {'error': 'invalid_grant', 'error_description': 'Token has been expired or revoked.'})
   ❌ Failed request for https://www.mikke-style.com/articles/20260624-beauty: ('invalid_grant: Token has been expired or revoked.', {'error': 'invalid_grant', 'error_description': 'Token has been expired or revoked.'})
   ❌ Failed request for https://www.mikke-style.com/articles/20260624-treatment: ('invalid_grant: Token has been expired or revoked.', {'error': 'invalid_grant', 'error_description': 'Token has been expired or revoked.'})
   ❌ Failed request for https://www.mikke-style.com/articles/20260625-beauty: ('invalid_grant: Token has been expired or revoked.', {'error': 'invalid_grant', 'error_description': 'Token has been expired or revoked.'})
   ❌ Failed request for https://www.mikke-style.com/articles/20260625-serum: ('invalid_grant: Token has been expired or revoked.', {'error': 'invalid_grant', 'error_description': 'Token has been expired or revoked.'})
   ❌ Failed request for https://www.mikke-style.com/articles/20260626-beauty: ('invalid_grant: Token has been expired or revoked.', {'error': 'invalid_grant', 'error_description': 'Token has been expired or revoked.'})
   ❌ Failed request for https://www.mikke-style.com/articles/20260627-beauty: ('invalid_grant: Token has been expired or revoked.', {'error': 'invalid_grant', 'error_description': 'Token has been expired or revoked.'})
   ❌ Failed request for https://www.mikke-style.com/articles/20260628-beauty: ('invalid_grant: Token has been expired or revoked.', {'error': 'invalid_grant', 'error_description': 'Token has been expired or revoked.'})
   ❌ Failed request for https://www.mikke-style.com/articles/20260629-beauty: ('invalid_grant: Token has been expired or revoked.', {'error': 'invalid_grant', 'error_description': 'Token has been expired or revoked.'})
   ❌ Failed request for https://www.mikke-style.com/articles/20260707-beauty-2: ('invalid_grant: Token has been expired or revoked.', {'error': 'invalid_grant', 'error_description': 'Token has been expired or revoked.'})
   ❌ Failed request for https://www.mikke-style.com/articles/20260707-beauty: ('invalid_grant: Token has been expired or revoked.', {'error': 'invalid_grant', 'error_description': 'Token has been expired or revoked.'})
   ❌ Failed request for https://www.mikke-style.com/articles/20260708-beauty-1: ('invalid_grant: Token has been expired or revoked.', {'error': 'invalid_grant', 'error_description': 'Token has been expired or revoked.'})
   ❌ Failed request for https://www.mikke-style.com/articles/20260708-beauty-2: ('invalid_grant: Token has been expired or revoked.', {'error': 'invalid_grant', 'error_description': 'Token has been expired or revoked.'})
   ❌ Failed request for https://www.mikke-style.com/articles/20260709-beauty-1: ('invalid_grant: Token has been expired or revoked.', {'error': 'invalid_grant', 'error_description': 'Token has been expired or revoked.'})
   ❌ Failed request for https://www.mikke-style.com/articles/20260709-cream: ('invalid_grant: Token has been expired or revoked.', {'error': 'invalid_grant', 'error_description': 'Token has been expired or revoked.'})
   ❌ Failed request for https://www.mikke-style.com/articles/cleansing-oil-real: ('invalid_grant: Token has been expired or revoked.', {'error': 'invalid_grant', 'error_description': 'Token has been expired or revoked.'})
✅ Indexing requests sent: 0/110
🔄 [Step 3] Analyzing GA4 Traffic and PV Growth...
🔄 [Step 4] Detecting Articles with low internal links (< 3)...

⚠️ --- Articles with Low Internal Links (< 3) ---
Article Slug                                                      | Internal Links Count
------------------------------------------------------------------------------------------
20260709-cream                                                    | 0                   
20260530-植物育成ライトのおすすめ人気ランキング                                      | 0                   
20260516-夜の静寂に活字が溶ける電子書籍リーダーeインクデバ                                | 1                   
20260412-2026年春テレワークが劇的に捗るデスク周りのおすすめガジェ                           | 1                   
20260712-serum                                                    | 0                   
20260507-浴室を一日の終わりの聖域にバスタイムケアグッズ6選                                | 1                   
20260512-部屋に余白とゆとりを紡ぐ省スペースを叶える静音便利                                | 2                   
20260708-beauty-1                                                 | 0                   
20260711-cleansing-balm-2                                         | 0                   
20260523-2026年最新日焼け止めおすすめ人気ランキング絶対に焼かない                           | 0                   
20260714-spf                                                      | 0                   
20260413-2026年最新忙しい朝を劇的に変える暮らしの質が上がる厳選時                           | 2                   
20260713-cream                                                    | 0                   
20260707-beauty                                                   | 0                   
20260420-新製品レビュー：最新の日焼け止めクリーム                                     | 1                   
20260521-書くことで思考が研ぎ澄まされる手書き派のためのノー                                | 1                   
20260509-髪をちゃんといたわるサロン品質ヘアケアアイテム6選                                | 1                   
20260714-serum                                                    | 0                   
20260716-lip                                                      | 0                   
20260525-smartwatch-comparison                                    | 0                   
20260520-2026年最新プロが厳選エイジングケア美容液おすすめ人気ラン                           | 0                   
20260709-beauty-1                                                 | 0                   
20260707-beauty-2                                                 | 0                   
20260517-音で変わる朝のリズムノイズキャンセリングイヤホン-                                | 1                   
20260429-豆から始まる朝の時間割スペシャルティコーヒー器具6                                | 2                   
20260713-cleanser                                                 | 0                   
20260518-焚き火の夜がもっと好きになるキャンプアウトドアギア                                | 1                   
20260519-焚き火の前の静かな時間アウトドアギア-精鋭6選                                  | 1                   
20260711-cleansing-balm                                           | 0                   
20260712-cleansing                                                | 0                   
20260708-beauty-2                                                 | 0                   
20260412-2026年春テレワークが劇的に捗るデスク周りのおすすめガジェ-fix                       | 0                   
20260715-spf                                                      | 0                   
20260715-cleanser                                                 | 0                   
20260515-寝室の空気を香りから設計する夜インテリアフレグラン                                | 1                   
------------------------------------------------------------------------------------------
Total articles with low links: 35

=== SEO Automation Run Finished ===

/Users/tsukika/Library/Python/3.9/lib/python/site-packages/google/oauth2/__init__.py:40: FutureWarning: You are using a Python version 3.9 past its end of life. Google will update google-auth with critical bug fixes on a best-effort basis, but not with any other fixes or features. Please upgrade your Python version, and then update google-auth.
  warnings.warn(eol_message.format("3.9"), FutureWarning)
/Users/tsukika/Library/Python/3.9/lib/python/site-packages/google/auth/__init__.py:54: FutureWarning: You are using a Python version 3.9 past its end of life. Google will update google-auth with critical bug fixes on a best-effort basis, but not with any other fixes or features. Please upgrade your Python version, and then update google-auth.
  warnings.warn(eol_message.format("3.9"), FutureWarning)
/Users/tsukika/Library/Python/3.9/lib/python/site-packages/google/api_core/_python_version_support.py:242: FutureWarning: You are using a non-supported Python version (3.9.6). Google will not post any further updates to google.api_core supporting this Python version. Please upgrade to the latest Python version, or at least Python 3.10, and then update google.api_core.
  warnings.warn(message, FutureWarning)
/Users/tsukika/Library/Python/3.9/lib/python/site-packages/urllib3/__init__.py:35: NotOpenSSLWarning: urllib3 v2 only supports OpenSSL 1.1.1+, currently the 'ssl' module is compiled with 'LibreSSL 2.8.3'. See: https://github.com/urllib3/urllib3/issues/3020
  warnings.warn(
/Users/tsukika/Library/Python/3.9/lib/python/site-packages/google/api_core/_python_version_support.py:242: FutureWarning: You are using a non-supported Python version (3.9.6). Google will not post any further updates to google.analytics.data_v1beta supporting this Python version. Please upgrade to the latest Python version, or at least Python 3.10, and then update google.analytics.data_v1beta.
  warnings.warn(message, FutureWarning)
=== SEO Automation Run: 2026-07-14 06:01:10 ===
🔄 [Step 1] Updating Sitemap via Next-Sitemap...
❌ Failed to update sitemap: [Errno 2] No such file or directory: 'npx'
🔄 [Step 2] Sending URL Indexing Requests...
🔑 Authenticating with OAuth 2.0 Playground credentials...
   ❌ Failed request for https://www.mikke-style.com/articles/20260412-2026%E5%B9%B4%E6%98%A5%E3%83%86%E3%83%AC%E3%83%AF%E3%83%BC%E3%82%AF%E3%81%8C%E5%8A%87%E7%9A%84%E3%81%AB%E6%8D%97%E3%82%8B%E3%83%87%E3%82%B9%E3%82%AF%E5%91%A8%E3%82%8A%E3%81%AE%E3%81%8A%E3%81%99%E3%81%99%E3%82%81%E3%82%AC%E3%82%B8%E3%82%A7: Unable to find the server at oauth2.googleapis.com
   ❌ Failed request for https://www.mikke-style.com/articles/20260413-2026%E5%B9%B4%E6%9C%80%E6%96%B0%E5%BF%99%E3%81%97%E3%81%84%E6%9C%9D%E3%82%92%E5%8A%87%E7%9A%84%E3%81%AB%E5%A4%89%E3%81%88%E3%82%8B%E6%9A%AE%E3%82%89%E3%81%97%E3%81%AE%E8%B3%AA%E3%81%8C%E4%B8%8A%E3%81%8C%E3%82%8B%E5%8E%B3%E9%81%B8%E6%99%82: Unable to find the server at oauth2.googleapis.com
   ❌ Failed request for https://www.mikke-style.com/articles/20260415-gw-travel-outdoor: Unable to find the server at oauth2.googleapis.com
   ❌ Failed request for https://www.mikke-style.com/articles/20260418-skincare-spring: Unable to find the server at oauth2.googleapis.com
   ❌ Failed request for https://www.mikke-style.com/articles/20260419-ps5-apple-a19-hikaku: Unable to find the server at oauth2.googleapis.com
   ❌ Failed request for https://www.mikke-style.com/articles/20260420-%E6%96%B0%E8%A3%BD%E5%93%81%E3%83%AC%E3%83%93%E3%83%A5%E3%83%BC%EF%BC%9A%E6%9C%80%E6%96%B0%E3%81%AE%E6%97%A5%E7%84%BC%E3%81%91%E6%AD%A2%E3%82%81%E3%82%AF%E3%83%AA%E3%83%BC%E3%83%A0: Unable to find the server at oauth2.googleapis.com
   ❌ Failed request for https://www.mikke-style.com/articles/20260420-%E6%98%A5%E3%81%AE%E6%96%B0%E7%94%9F%E6%B4%BB%E3%81%AB%E3%81%B4%E3%81%A3%E3%81%9F%E3%82%8A%E3%81%AE%E3%82%A4%E3%83%B3%E3%83%86%E3%83%AA%E3%82%A2%E3%82%A2%E3%82%A4%E3%83%86%E3%83%A0: Unable to find the server at oauth2.googleapis.com
   ❌ Failed request for https://www.mikke-style.com/articles/20260422-2026%E5%B9%B4%E6%98%A5%E8%8A%B1%E7%B2%89%E7%B4%AB%E5%A4%96%E7%B7%9A%E3%83%80%E3%83%96%E3%83%AB%E5%AF%BE%E7%AD%96%E8%82%8C%E3%82%92%E5%AE%88%E3%82%8B%E3%82%B9%E3%82%AD%E3%83%B3%E3%82%B1%E3%82%A2: Unable to find the server at oauth2.googleapis.com
   ❌ Failed request for https://www.mikke-style.com/articles/20260422-2026%E5%B9%B4%E6%9C%80%E6%96%B0%E5%88%9D%E5%BF%83%E8%80%85%E3%81%A7%E3%82%82%E4%BD%BF%E3%81%84%E3%82%84%E3%81%99%E3%81%84%E3%82%B3%E3%82%B9%E3%83%91%E6%9C%80%E5%BC%B7%E3%83%9F%E3%83%A9%E3%83%BC: Unable to find the server at oauth2.googleapis.com
   ❌ Failed request for https://www.mikke-style.com/articles/20260423-2026%E5%B9%B4%E6%9C%80%E6%96%B0%E4%B9%BE%E7%87%A5%E8%82%8C%E3%81%95%E3%82%93%E5%BF%85%E8%A6%8B%E3%83%97%E3%83%81%E3%83%97%E3%83%A9%E3%81%AA%E3%81%AE%E3%81%AB%E5%AE%9F%E5%8A%9B%E6%B4%BE%E3%82%B9: Unable to find the server at oauth2.googleapis.com
   ❌ Failed request for https://www.mikke-style.com/articles/20260423-%E6%99%82%E7%9F%AD%E3%83%A9%E3%82%AF%E5%AE%B6%E4%BA%8B%E6%96%99%E7%90%86%E3%81%8C%E6%A5%BD%E3%81%97%E3%81%8F%E3%81%AA%E3%82%8B%E3%82%AD%E3%83%83%E3%83%81%E3%83%B3%E4%BE%BF%E5%88%A9%E3%82%B0%E3%83%83%E3%82%BA7%E9%81%B8: Unable to find the server at oauth2.googleapis.com
   ❌ Failed request for https://www.mikke-style.com/articles/20260424-2026%E5%B9%B4%E6%9C%80%E6%96%B0%E3%83%A1%E3%83%B3%E3%82%BA%E3%82%B9%E3%82%AD%E3%83%B3%E3%82%B1%E3%82%A2%E5%88%9D%E5%BF%83%E8%80%85%E5%BF%85%E8%A6%8B%E6%9C%AC%E5%BD%93%E3%81%AB%E8%B2%B7%E3%81%86: Unable to find the server at oauth2.googleapis.com
   ❌ Failed request for https://www.mikke-style.com/articles/20260424-2026%E5%B9%B4%E7%9D%A1%E7%9C%A0%E3%81%AE%E8%B3%AA%E3%82%92%E4%B8%8A%E3%81%92%E3%81%9F%E3%81%84%E4%BA%BA%E3%81%B8%E3%81%8A%E3%81%99%E3%81%99%E3%82%81%E5%BF%AB%E7%9C%A0%E3%82%B0%E3%83%83%E3%82%BA: Unable to find the server at oauth2.googleapis.com
   ❌ Failed request for https://www.mikke-style.com/articles/20260424-2026%E5%B9%B4%E8%87%AA%E5%AE%85%E3%81%A7%E3%81%A8%E3%81%A8%E3%81%AE%E3%81%86%E3%82%B5%E3%82%A6%E3%83%8A%E5%A5%BD%E3%81%8D%E3%81%8C%E9%81%B8%E3%81%B6%E3%81%8A%E3%81%99%E3%81%99%E3%82%81%E6%B8%A9: Unable to find the server at oauth2.googleapis.com
   ❌ Failed request for https://www.mikke-style.com/articles/20260426-2026%E5%B9%B4%E4%BF%9D%E5%AD%98%E7%89%88%E9%98%B2%E7%81%BD%E3%82%A2%E3%82%A6%E3%83%88%E3%83%89%E3%82%A2%E3%81%AB%E5%BD%B9%E7%AB%8B%E3%81%A4%E3%83%9D%E3%83%BC%E3%82%BF%E3%83%96%E3%83%AB%E9%9B%BB: Unable to find the server at oauth2.googleapis.com
   ❌ Failed request for https://www.mikke-style.com/articles/20260426-2026%E5%B9%B4%E6%9C%80%E6%96%B0%E5%81%A5%E5%BA%B7%E7%AE%A1%E7%90%86%E3%81%AB%E5%BD%B9%E7%AB%8B%E3%81%A4%E3%82%B9%E3%83%9E%E3%83%BC%E3%83%88%E3%82%A6%E3%82%A9%E3%83%83%E3%83%81%E3%81%8A%E3%81%99: Unable to find the server at oauth2.googleapis.com
   ❌ Failed request for https://www.mikke-style.com/articles/20260426-2026%E5%B9%B4%E6%9C%80%E6%96%B0%E5%A4%B1%E6%95%97%E3%81%97%E3%81%AA%E3%81%84%E3%83%8E%E3%82%A4%E3%82%BA%E3%82%AD%E3%83%A3%E3%83%B3%E3%82%BB%E3%83%AA%E3%83%B3%E3%82%B0%E6%90%AD%E8%BC%89%E3%83%AF: Unable to find the server at oauth2.googleapis.com
   ❌ Failed request for https://www.mikke-style.com/articles/20260427-2026%E5%B9%B4%E7%BE%8E%E5%AE%B9%E5%A5%BD%E3%81%8D%E3%81%8C%E3%83%AA%E3%83%94%E8%B2%B7%E3%81%84%E8%A9%B1%E9%A1%8C%E3%81%AE%E9%9F%93%E5%9B%BD%E3%82%B3%E3%82%B9%E3%83%A1%E3%81%8A%E3%81%99%E3%81%99: Unable to find the server at oauth2.googleapis.com
   ❌ Failed request for https://www.mikke-style.com/articles/20260427-%E3%83%87%E3%82%B9%E3%82%AF%E3%81%AB%E9%9D%99%E3%81%91%E3%81%95%E3%82%92%E8%A8%AD%E8%A8%88%E3%81%99%E3%82%8B%E5%9C%A8%E5%AE%85%E3%83%AF%E3%83%BC%E3%82%AF%E7%92%B0%E5%A2%83%E3%82%92%E6%95%B4%E3%81%88%E3%82%8B%E3%82%AC%E3%82%B8: Unable to find the server at oauth2.googleapis.com
   ❌ Failed request for https://www.mikke-style.com/articles/20260429-%E6%98%8E%E6%97%A5%E3%81%AE%E6%9C%9D%E3%81%8C%E5%A4%89%E3%82%8F%E3%82%8B%E5%A4%9C%E3%81%AE%E9%AB%AA%E6%99%82%E9%96%93%E3%83%98%E3%82%A2%E3%83%88%E3%83%AA%E3%83%BC%E3%83%88%E3%83%A1%E3%83%B3%E3%83%88%E3%83%8A%E3%82%A4%E3%83%88: Unable to find the server at oauth2.googleapis.com
   ❌ Failed request for https://www.mikke-style.com/articles/20260429-%E8%B1%86%E3%81%8B%E3%82%89%E5%A7%8B%E3%81%BE%E3%82%8B%E6%9C%9D%E3%81%AE%E6%99%82%E9%96%93%E5%89%B2%E3%82%B9%E3%83%9A%E3%82%B7%E3%83%A3%E3%83%AB%E3%83%86%E3%82%A3%E3%82%B3%E3%83%BC%E3%83%92%E3%83%BC%E5%99%A8%E5%85%B76: Unable to find the server at oauth2.googleapis.com
   ❌ Failed request for https://www.mikke-style.com/articles/20260429-%E9%83%A8%E5%B1%8B%E3%81%AB%E4%BD%99%E7%99%BD%E3%82%92%E7%BD%AE%E3%81%8F%E4%B8%80%E4%BA%BA%E6%9A%AE%E3%82%89%E3%81%97%E3%83%9F%E3%83%8B%E3%83%9E%E3%83%AA%E3%82%B9%E3%83%88%E3%81%AE%E3%82%A4%E3%83%B3%E3%83%86%E3%83%AA%E3%82%A2: Unable to find the server at oauth2.googleapis.com
   ❌ Failed request for https://www.mikke-style.com/articles/20260430-%E8%82%8C%E3%81%8C%E5%83%8D%E3%81%8F%E5%A4%9C%E3%81%AE%E3%81%9F%E3%82%81%E3%81%AB%E9%9F%93%E5%9B%BD%E7%99%BA%E3%83%8A%E3%82%A4%E3%83%88%E3%82%B9%E3%82%AD%E3%83%B3%E3%82%B1%E3%82%A26%E9%81%B8: Unable to find the server at oauth2.googleapis.com
   ❌ Failed request for https://www.mikke-style.com/articles/20260501-%E8%80%B3%E3%81%AB%E6%AD%A3%E7%9B%B4%E3%81%AA%E9%9F%B3%E3%82%92%E5%B1%8A%E3%81%91%E3%82%8B%E3%83%97%E3%83%AC%E3%83%9F%E3%82%A2%E3%83%A0%E3%83%AF%E3%82%A4%E3%83%A4%E3%83%AC%E3%82%B9%E3%82%A4%E3%83%A4%E3%83%95%E3%82%A9%E3%83%B3: Unable to find the server at oauth2.googleapis.com
   ❌ Failed request for https://www.mikke-style.com/articles/20260504-%E9%9D%99%E9%9F%B3%E3%81%A8%E9%9B%86%E4%B8%AD%E3%82%92%E6%9C%BA%E3%81%AE%E4%B8%8A%E3%81%AB%E8%A8%AD%E8%A8%88%E3%81%99%E3%82%8B%E5%9C%A8%E5%AE%85%E3%83%AF%E3%83%BC%E3%82%AF%E7%92%B0%E5%A2%83%E3%82%92%E6%95%B4%E3%81%88%E3%82%8B: Unable to find the server at oauth2.googleapis.com
   ❌ Failed request for https://www.mikke-style.com/articles/20260505-%E5%A4%9C%E3%81%AE%E7%A9%BA%E6%B0%97%E3%82%92%E9%A6%99%E3%82%8A%E3%81%A7%E5%A1%97%E3%82%8A%E6%9B%BF%E3%81%88%E3%82%8B%E3%83%AB%E3%83%BC%E3%83%A0%E3%83%95%E3%83%AC%E3%82%B0%E3%83%A9%E3%83%B3%E3%82%B96%E9%81%B8: Unable to find the server at oauth2.googleapis.com
   ❌ Failed request for https://www.mikke-style.com/articles/20260507-%E6%B5%B4%E5%AE%A4%E3%82%92%E4%B8%80%E6%97%A5%E3%81%AE%E7%B5%82%E3%82%8F%E3%82%8A%E3%81%AE%E8%81%96%E5%9F%9F%E3%81%AB%E3%83%90%E3%82%B9%E3%82%BF%E3%82%A4%E3%83%A0%E3%82%B1%E3%82%A2%E3%82%B0%E3%83%83%E3%82%BA6%E9%81%B8: Unable to find the server at oauth2.googleapis.com
   ❌ Failed request for https://www.mikke-style.com/articles/20260508-%E7%94%B7%E3%81%AE%E8%82%8C%E3%82%82%E6%95%B4%E3%81%86%E6%99%82%E4%BB%A3%E3%81%B8%E3%83%A1%E3%83%B3%E3%82%BA%E3%82%B9%E3%82%AD%E3%83%B3%E3%82%B1%E3%82%A2%E3%82%92%E6%9C%AC%E6%A0%BC%E5%8C%96%E3%81%99%E3%82%8B%E7%BE%8E%E5%AE%B9: Unable to find the server at oauth2.googleapis.com
   ❌ Failed request for https://www.mikke-style.com/articles/20260509-%E6%96%99%E7%90%86%E3%81%8C%E5%A4%89%E3%82%8F%E3%82%8B%E9%81%93%E5%85%B7%E3%82%92%E5%A4%89%E3%81%88%E3%82%8B%E3%81%A0%E3%81%91%E3%81%A7%E6%9C%AC%E6%A0%BC%E3%82%AD%E3%83%83%E3%83%81%E3%83%B3%E3%83%84%E3%83%BC%E3%83%AB6: Unable to find the server at oauth2.googleapis.com
   ❌ Failed request for https://www.mikke-style.com/articles/20260509-%E9%AB%AA%E3%82%92%E3%81%A1%E3%82%83%E3%82%93%E3%81%A8%E3%81%84%E3%81%9F%E3%82%8F%E3%82%8B%E3%82%B5%E3%83%AD%E3%83%B3%E5%93%81%E8%B3%AA%E3%83%98%E3%82%A2%E3%82%B1%E3%82%A2%E3%82%A2%E3%82%A4%E3%83%86%E3%83%A06%E9%81%B8: Unable to find the server at oauth2.googleapis.com
   ❌ Failed request for https://www.mikke-style.com/articles/20260510-%E6%9C%BA%E3%81%AE%E4%B8%8A%E3%81%AB%E4%BB%95%E4%BA%8B%E3%81%AE%E4%BD%99%E7%99%BD%E3%82%92%E4%BD%9C%E3%82%8B%E5%9C%A8%E5%AE%85%E3%83%AF%E3%83%BC%E3%82%AB%E3%83%BC%E3%81%8C%E9%81%B8%E3%81%B6%E4%B8%8A%E8%B3%AA%E3%83%87%E3%82%B9: Unable to find the server at oauth2.googleapis.com
   ❌ Failed request for https://www.mikke-style.com/articles/20260510-%E9%9F%B3%E3%81%8C%E5%A4%89%E3%82%8F%E3%82%8B%E3%81%A8%E6%AF%8E%E6%97%A5%E3%81%8C%E5%A4%89%E3%82%8F%E3%82%8B%E3%81%93%E3%81%A0%E3%82%8F%E3%82%8A%E3%81%AE%E3%83%98%E3%83%83%E3%83%89%E3%83%9B%E3%83%B3%E3%82%A4%E3%83%A4%E3%83%9B: Unable to find the server at oauth2.googleapis.com
   ❌ Failed request for https://www.mikke-style.com/articles/20260511-%E7%81%AF%E3%82%92%E8%90%BD%E3%81%A8%E3%81%97%E3%81%A6%E3%81%8B%E3%82%89%E8%82%8C%E3%81%A8%E5%90%91%E3%81%8D%E5%90%88%E3%81%86%E5%A4%9C%E5%B0%B1%E5%AF%9D%E5%89%8D%E3%83%8A%E3%82%A4%E3%83%88%E3%82%B1%E3%82%A2%E3%82%B3%E3%82%B9: Unable to find the server at oauth2.googleapis.com
   ❌ Failed request for https://www.mikke-style.com/articles/20260511-%E9%9B%86%E4%B8%AD%E3%82%92%E5%A6%A8%E3%81%92%E3%81%AA%E3%81%84%E7%A7%98%E5%AF%86%E5%9F%BA%E5%9C%B0%E5%9C%A8%E5%AE%85%E3%83%AF%E3%83%BC%E3%82%AF%E3%81%AE%E8%B3%AA%E3%82%92%E9%AB%98%E3%82%81%E3%82%8B%E3%83%87%E3%82%B9%E3%82%AF: Unable to find the server at oauth2.googleapis.com
   ❌ Failed request for https://www.mikke-style.com/articles/20260512-%E9%83%A8%E5%B1%8B%E3%81%AB%E4%BD%99%E7%99%BD%E3%81%A8%E3%82%86%E3%81%A8%E3%82%8A%E3%82%92%E7%B4%A1%E3%81%90%E7%9C%81%E3%82%B9%E3%83%9A%E3%83%BC%E3%82%B9%E3%82%92%E5%8F%B6%E3%81%88%E3%82%8B%E9%9D%99%E9%9F%B3%E4%BE%BF%E5%88%A9: Unable to find the server at oauth2.googleapis.com
   ❌ Failed request for https://www.mikke-style.com/articles/20260513-%E5%A4%9C%E3%81%AE%E8%82%8C%E6%99%82%E9%96%93%E3%82%92%E4%B8%81%E5%AF%A7%E3%81%AB%E3%82%B9%E3%82%AD%E3%83%B3%E3%82%B1%E3%82%A2%E3%83%98%E3%82%A2%E3%82%B1%E3%82%A2%E3%81%AE%E6%9C%AC%E5%91%BD%E3%82%B3%E3%82%B9%E3%83%A16: Unable to find the server at oauth2.googleapis.com
   ❌ Failed request for https://www.mikke-style.com/articles/20260513-%E6%AF%8E%E6%9C%9D%E3%81%AE%E8%B3%AA%E3%81%8C%E5%A4%89%E3%82%8F%E3%82%8B%E7%94%9F%E6%B4%BB%E3%82%92%E6%95%B4%E3%81%88%E3%82%8B%E4%BE%BF%E5%88%A9%E3%82%B0%E3%83%83%E3%82%BA6%E9%81%B8: Unable to find the server at oauth2.googleapis.com
   ❌ Failed request for https://www.mikke-style.com/articles/20260514-%E6%AF%8E%E6%97%A5%E3%81%AE%E5%8F%B0%E6%89%80%E3%81%8C%E5%A5%BD%E3%81%8D%E3%81%AB%E3%81%AA%E3%82%8B%E3%82%AD%E3%83%83%E3%83%81%E3%83%B3%E9%9B%91%E8%B2%A8%E4%BF%9D%E5%AD%98%E5%AE%B9%E5%99%A8%E8%AA%BF%E7%90%86%E9%81%93%E5%85%B7: Unable to find the server at oauth2.googleapis.com
   ❌ Failed request for https://www.mikke-style.com/articles/20260515-%E5%AF%9D%E5%AE%A4%E3%81%AE%E7%A9%BA%E6%B0%97%E3%82%92%E9%A6%99%E3%82%8A%E3%81%8B%E3%82%89%E8%A8%AD%E8%A8%88%E3%81%99%E3%82%8B%E5%A4%9C%E3%82%A4%E3%83%B3%E3%83%86%E3%83%AA%E3%82%A2%E3%83%95%E3%83%AC%E3%82%B0%E3%83%A9%E3%83%B3: Unable to find the server at oauth2.googleapis.com
   ❌ Failed request for https://www.mikke-style.com/articles/20260516-%E5%A4%9C%E3%81%AE%E9%9D%99%E5%AF%82%E3%81%AB%E6%B4%BB%E5%AD%97%E3%81%8C%E6%BA%B6%E3%81%91%E3%82%8B%E9%9B%BB%E5%AD%90%E6%9B%B8%E7%B1%8D%E3%83%AA%E3%83%BC%E3%83%80%E3%83%BCe%E3%82%A4%E3%83%B3%E3%82%AF%E3%83%87%E3%83%90: Unable to find the server at oauth2.googleapis.com
   ❌ Failed request for https://www.mikke-style.com/articles/20260517-%E9%9F%B3%E3%81%A7%E5%A4%89%E3%82%8F%E3%82%8B%E6%9C%9D%E3%81%AE%E3%83%AA%E3%82%BA%E3%83%A0%E3%83%8E%E3%82%A4%E3%82%BA%E3%82%AD%E3%83%A3%E3%83%B3%E3%82%BB%E3%83%AA%E3%83%B3%E3%82%B0%E3%82%A4%E3%83%A4%E3%83%9B%E3%83%B3-: Unable to find the server at oauth2.googleapis.com
   ❌ Failed request for https://www.mikke-style.com/articles/20260518-%E7%84%9A%E3%81%8D%E7%81%AB%E3%81%AE%E5%A4%9C%E3%81%8C%E3%82%82%E3%81%A3%E3%81%A8%E5%A5%BD%E3%81%8D%E3%81%AB%E3%81%AA%E3%82%8B%E3%82%AD%E3%83%A3%E3%83%B3%E3%83%97%E3%82%A2%E3%82%A6%E3%83%88%E3%83%89%E3%82%A2%E3%82%AE%E3%82%A2: Unable to find the server at oauth2.googleapis.com
   ❌ Failed request for https://www.mikke-style.com/articles/20260519-%E7%84%9A%E3%81%8D%E7%81%AB%E3%81%AE%E5%89%8D%E3%81%AE%E9%9D%99%E3%81%8B%E3%81%AA%E6%99%82%E9%96%93%E3%82%A2%E3%82%A6%E3%83%88%E3%83%89%E3%82%A2%E3%82%AE%E3%82%A2-%E7%B2%BE%E9%8B%AD6%E9%81%B8: Unable to find the server at oauth2.googleapis.com
   ❌ Failed request for https://www.mikke-style.com/articles/20260520-2026%E5%B9%B4%E6%9C%80%E6%96%B0%E3%83%97%E3%83%AD%E3%81%8C%E5%8E%B3%E9%81%B8%E3%82%A8%E3%82%A4%E3%82%B8%E3%83%B3%E3%82%B0%E3%82%B1%E3%82%A2%E7%BE%8E%E5%AE%B9%E6%B6%B2%E3%81%8A%E3%81%99%E3%81%99%E3%82%81%E4%BA%BA%E6%B0%97%E3%83%A9%E3%83%B3: Unable to find the server at oauth2.googleapis.com
   ❌ Failed request for https://www.mikke-style.com/articles/20260520-2026%E5%B9%B4%E7%89%88%E5%9C%A8%E5%AE%85%E3%83%AF%E3%83%BC%E3%82%AF%E3%81%AE%E7%94%9F%E7%94%A3%E6%80%A7%E3%82%92%E6%9C%80%E5%A4%A7%E5%8C%96%E5%BF%AB%E9%81%A9%E3%81%AA%E3%83%87%E3%82%B9%E3%82%AF%E7%92%B0%E5%A2%83%E3%82%92%E5%8F%B6%E3%81%88: Unable to find the server at oauth2.googleapis.com
   ❌ Failed request for https://www.mikke-style.com/articles/20260521-%E5%85%89%E3%81%AE%E8%B3%AA%E3%81%8C%E9%83%A8%E5%B1%8B%E3%81%AE%E6%99%82%E9%96%93%E3%82%92%E5%A4%89%E3%81%88%E3%82%8B%E3%82%A4%E3%83%B3%E3%83%86%E3%83%AA%E3%82%A2%E7%85%A7%E6%98%8E%E3%83%86%E3%83%BC%E3%83%96%E3%83%AB%E3%83%A9: Unable to find the server at oauth2.googleapis.com
   ❌ Failed request for https://www.mikke-style.com/articles/20260521-%E6%9B%B8%E3%81%8F%E3%81%93%E3%81%A8%E3%81%A7%E6%80%9D%E8%80%83%E3%81%8C%E7%A0%94%E3%81%8E%E6%BE%84%E3%81%BE%E3%81%95%E3%82%8C%E3%82%8B%E6%89%8B%E6%9B%B8%E3%81%8D%E6%B4%BE%E3%81%AE%E3%81%9F%E3%82%81%E3%81%AE%E3%83%8E%E3%83%BC: Unable to find the server at oauth2.googleapis.com
   ❌ Failed request for https://www.mikke-style.com/articles/20260522-%E7%84%9A%E3%81%8D%E7%81%AB%E3%81%AE%E5%89%8D%E3%81%AB%E9%81%93%E5%85%B7%E3%82%92%E9%81%B8%E3%81%B6%E3%82%AD%E3%83%A3%E3%83%B3%E3%83%97%E8%AA%BF%E7%90%86%E3%82%92%E6%B7%B1%E3%82%81%E3%82%8B%E9%81%93%E5%85%B76%E9%81%B8: Unable to find the server at oauth2.googleapis.com
   ❌ Failed request for https://www.mikke-style.com/articles/20260523-2026%E5%B9%B4%E6%9C%80%E6%96%B0%E6%97%A5%E7%84%BC%E3%81%91%E6%AD%A2%E3%82%81%E3%81%8A%E3%81%99%E3%81%99%E3%82%81%E4%BA%BA%E6%B0%97%E3%83%A9%E3%83%B3%E3%82%AD%E3%83%B3%E3%82%B0%E7%B5%B6%E5%AF%BE%E3%81%AB%E7%84%BC%E3%81%8B%E3%81%AA%E3%81%84: Unable to find the server at oauth2.googleapis.com
   ❌ Failed request for https://www.mikke-style.com/articles/20260523-%E3%82%82%E3%81%97%E3%82%82%E3%82%92%E6%97%A5%E5%B8%B8%E3%81%AB%E3%81%99%E3%82%8B%E9%98%B2%E7%81%BD%E3%83%9D%E3%83%BC%E3%83%81%E3%81%AB%E5%85%A5%E3%82%8C%E3%81%9F%E3%81%84%E3%82%B0%E3%83%83%E3%82%BA6%E9%81%B8: Unable to find the server at oauth2.googleapis.com
   ❌ Failed request for https://www.mikke-style.com/articles/20260523-%E7%9B%AE%E8%A6%9A%E3%82%81%E3%81%AE%E8%89%AF%E3%81%95%E3%81%AF%E5%A4%9C%E3%81%AB%E8%A8%AD%E8%A8%88%E3%81%95%E3%82%8C%E3%82%8B%E7%9D%A1%E7%9C%A0%E7%92%B0%E5%A2%83%E3%82%92%E6%95%B4%E3%81%88%E3%82%8B%E5%AF%9D%E5%AE%A4%E3%82%A2: Unable to find the server at oauth2.googleapis.com
   ❌ Failed request for https://www.mikke-style.com/articles/20260524-%E6%9C%9D%E3%81%AE5%E5%88%86%E3%82%92%E4%BD%93%E3%81%AB%E8%BF%94%E3%81%99%E5%9C%A8%E5%AE%85%E3%83%AF%E3%83%BC%E3%82%AB%E3%83%BC%E3%81%8C%E9%81%B8%E3%81%B6%E3%82%B9%E3%83%88%E3%83%AC%E3%83%83%E3%83%81%E3%82%B1%E3%82%A2: Unable to find the server at oauth2.googleapis.com
   ❌ Failed request for https://www.mikke-style.com/articles/20260525-smartwatch-comparison: Unable to find the server at oauth2.googleapis.com
   ❌ Failed request for https://www.mikke-style.com/articles/20260525-%E5%8F%B0%E6%89%80%E3%81%AB%E8%81%B7%E4%BA%BA%E3%81%AE%E6%84%8F%E5%BF%97%E3%82%92%E7%BD%AE%E3%81%8F%E6%96%99%E7%90%86%E5%A5%BD%E3%81%8D%E3%81%8C%E8%AA%8D%E3%82%81%E3%82%8B%E6%9C%AC%E6%A0%BC%E3%82%AD%E3%83%83%E3%83%81%E3%83%B3: Unable to find the server at oauth2.googleapis.com
   ❌ Failed request for https://www.mikke-style.com/articles/20260526-best-shampoos-for-damaged-hair: Unable to find the server at oauth2.googleapis.com
   ❌ Failed request for https://www.mikke-style.com/articles/20260526-daily-life-water-bottle-guide: Unable to find the server at oauth2.googleapis.com
   ❌ Failed request for https://www.mikke-style.com/articles/20260526-mac-mini-monitors: Unable to find the server at oauth2.googleapis.com
   ❌ Failed request for https://www.mikke-style.com/articles/20260526-stroller-selection-guide: Unable to find the server at oauth2.googleapis.com
   ❌ Failed request for https://www.mikke-style.com/articles/20260526-%E7%84%9A%E3%81%8D%E7%81%AB%E3%81%AE%E5%89%8D%E3%81%AB%E9%81%93%E5%85%B7%E3%82%92%E9%81%B8%E3%81%B6%E3%82%AD%E3%83%A3%E3%83%B3%E3%83%97%E8%AA%BF%E7%90%86%E3%82%92%E6%B7%B1%E3%82%81%E3%82%8B%E9%81%93%E5%85%B76%E9%81%B8: Unable to find the server at oauth2.googleapis.com
   ❌ Failed request for https://www.mikke-style.com/articles/20260529-aroma-diffusers: Unable to find the server at oauth2.googleapis.com
   ❌ Failed request for https://www.mikke-style.com/articles/20260529-hair-dryers: Unable to find the server at oauth2.googleapis.com
   ❌ Failed request for https://www.mikke-style.com/articles/20260529-regal-business-shoes: Unable to find the server at oauth2.googleapis.com
   ❌ Failed request for https://www.mikke-style.com/articles/20260530-keyboards: Unable to find the server at oauth2.googleapis.com
   ❌ Failed request for https://www.mikke-style.com/articles/20260530-%E6%A4%8D%E7%89%A9%E8%82%B2%E6%88%90%E3%83%A9%E3%82%A4%E3%83%88%E3%81%AE%E3%81%8A%E3%81%99%E3%81%99%E3%82%81%E4%BA%BA%E6%B0%97%E3%83%A9%E3%83%B3%E3%82%AD%E3%83%B3%E3%82%B0: Unable to find the server at oauth2.googleapis.com
   ❌ Failed request for https://www.mikke-style.com/articles/20260531-aquarium-led-lights: Unable to find the server at oauth2.googleapis.com
   ❌ Failed request for https://www.mikke-style.com/articles/20260531-umbrellas: Unable to find the server at oauth2.googleapis.com
   ❌ Failed request for https://www.mikke-style.com/articles/20260603-eyeliner-comparison: Unable to find the server at oauth2.googleapis.com
   ❌ Failed request for https://www.mikke-style.com/articles/20260607-cleansing-oil: Unable to find the server at oauth2.googleapis.com
   ❌ Failed request for https://www.mikke-style.com/articles/20260607-serum: Unable to find the server at oauth2.googleapis.com
   ❌ Failed request for https://www.mikke-style.com/articles/20260608-face-mask: Unable to find the server at oauth2.googleapis.com
   ❌ Failed request for https://www.mikke-style.com/articles/20260608-toner: Unable to find the server at oauth2.googleapis.com
   ❌ Failed request for https://www.mikke-style.com/articles/20260609-cleansing-balm: Unable to find the server at oauth2.googleapis.com
   ❌ Failed request for https://www.mikke-style.com/articles/20260610-cleanser: Unable to find the server at oauth2.googleapis.com
   ❌ Failed request for https://www.mikke-style.com/articles/20260610-cleansing-gel: Unable to find the server at oauth2.googleapis.com
   ❌ Failed request for https://www.mikke-style.com/articles/20260611-booster: Unable to find the server at oauth2.googleapis.com
   ❌ Failed request for https://www.mikke-style.com/articles/20260611-lip-serum: Unable to find the server at oauth2.googleapis.com
   ❌ Failed request for https://www.mikke-style.com/articles/20260612-emulsion: Unable to find the server at oauth2.googleapis.com
   ❌ Failed request for https://www.mikke-style.com/articles/20260612-face-cream: Unable to find the server at oauth2.googleapis.com
   ❌ Failed request for https://www.mikke-style.com/articles/20260613-daily-pack: Unable to find the server at oauth2.googleapis.com
   ❌ Failed request for https://www.mikke-style.com/articles/20260614-affordable-cleanser: Unable to find the server at oauth2.googleapis.com
   ❌ Failed request for https://www.mikke-style.com/articles/20260614-peeling-serum: Unable to find the server at oauth2.googleapis.com
   ❌ Failed request for https://www.mikke-style.com/articles/20260615-mens-face-wash: Unable to find the server at oauth2.googleapis.com
   ❌ Failed request for https://www.mikke-style.com/articles/20260615-sheet-masks-for-40s: Unable to find the server at oauth2.googleapis.com
   ❌ Failed request for https://www.mikke-style.com/articles/20260616-face-wash: Unable to find the server at oauth2.googleapis.com
   ❌ Failed request for https://www.mikke-style.com/articles/20260616-hand-cream: Unable to find the server at oauth2.googleapis.com
   ❌ Failed request for https://www.mikke-style.com/articles/20260617-wet-cleanser: Unable to find the server at oauth2.googleapis.com
   ❌ Failed request for https://www.mikke-style.com/articles/20260618-affordable-booster: Unable to find the server at oauth2.googleapis.com
   ❌ Failed request for https://www.mikke-style.com/articles/20260619-cleansing-balm: Unable to find the server at oauth2.googleapis.com
   ❌ Failed request for https://www.mikke-style.com/articles/20260619-mascara: Unable to find the server at oauth2.googleapis.com
   ❌ Failed request for https://www.mikke-style.com/articles/20260620-article-001: Unable to find the server at oauth2.googleapis.com
   ❌ Failed request for https://www.mikke-style.com/articles/20260620-serum: Unable to find the server at oauth2.googleapis.com
   ❌ Failed request for https://www.mikke-style.com/articles/20260621-article-001: Unable to find the server at oauth2.googleapis.com
   ❌ Failed request for https://www.mikke-style.com/articles/20260621-serum: Unable to find the server at oauth2.googleapis.com
   ❌ Failed request for https://www.mikke-style.com/articles/20260622-article-001: Unable to find the server at oauth2.googleapis.com
   ❌ Failed request for https://www.mikke-style.com/articles/20260622-toner: Unable to find the server at oauth2.googleapis.com
   ❌ Failed request for https://www.mikke-style.com/articles/20260624-beauty: Unable to find the server at oauth2.googleapis.com
   ❌ Failed request for https://www.mikke-style.com/articles/20260624-treatment: Unable to find the server at oauth2.googleapis.com
   ❌ Failed request for https://www.mikke-style.com/articles/20260625-beauty: Unable to find the server at oauth2.googleapis.com
   ❌ Failed request for https://www.mikke-style.com/articles/20260625-serum: Unable to find the server at oauth2.googleapis.com
   ❌ Failed request for https://www.mikke-style.com/articles/20260626-beauty: Unable to find the server at oauth2.googleapis.com
   ❌ Failed request for https://www.mikke-style.com/articles/20260627-beauty: Unable to find the server at oauth2.googleapis.com
   ❌ Failed request for https://www.mikke-style.com/articles/20260628-beauty: Unable to find the server at oauth2.googleapis.com
   ❌ Failed request for https://www.mikke-style.com/articles/20260629-beauty: Unable to find the server at oauth2.googleapis.com
   ❌ Failed request for https://www.mikke-style.com/articles/20260707-beauty-2: Unable to find the server at oauth2.googleapis.com
   ❌ Failed request for https://www.mikke-style.com/articles/20260707-beauty: Unable to find the server at oauth2.googleapis.com
   ❌ Failed request for https://www.mikke-style.com/articles/20260708-beauty-1: Unable to find the server at oauth2.googleapis.com
   ❌ Failed request for https://www.mikke-style.com/articles/20260708-beauty-2: Unable to find the server at oauth2.googleapis.com
   ❌ Failed request for https://www.mikke-style.com/articles/20260709-beauty-1: Unable to find the server at oauth2.googleapis.com
   ❌ Failed request for https://www.mikke-style.com/articles/20260709-cream: Unable to find the server at oauth2.googleapis.com
   ❌ Failed request for https://www.mikke-style.com/articles/cleansing-oil-real: Unable to find the server at oauth2.googleapis.com
✅ Indexing requests sent: 0/110
🔄 [Step 3] Analyzing GA4 Traffic and PV Growth...
❌ GA4 fetch failed: 503 errors resolving analyticsdata.googleapis.com:443: [field:hostname lookup error:address lookup failed for analyticsdata.googleapis.com:443: DNS server refused query]
🔄 [Step 4] Detecting Articles with low internal links (< 3)...

⚠️ --- Articles with Low Internal Links (< 3) ---
Article Slug                                                      | Internal Links Count
------------------------------------------------------------------------------------------
20260709-cream                                                    | 0                   
20260530-植物育成ライトのおすすめ人気ランキング                                      | 0                   
20260516-夜の静寂に活字が溶ける電子書籍リーダーeインクデバ                                | 1                   
20260412-2026年春テレワークが劇的に捗るデスク周りのおすすめガジェ                           | 1                   
20260712-serum                                                    | 0                   
20260507-浴室を一日の終わりの聖域にバスタイムケアグッズ6選                                | 1                   
20260512-部屋に余白とゆとりを紡ぐ省スペースを叶える静音便利                                | 2                   
20260708-beauty-1                                                 | 0                   
20260711-cleansing-balm-2                                         | 0                   
20260523-2026年最新日焼け止めおすすめ人気ランキング絶対に焼かない                           | 0                   
20260714-spf                                                      | 0                   
20260413-2026年最新忙しい朝を劇的に変える暮らしの質が上がる厳選時                           | 2                   
20260713-cream                                                    | 0                   
20260707-beauty                                                   | 0                   
20260420-新製品レビュー：最新の日焼け止めクリーム                                     | 1                   
20260521-書くことで思考が研ぎ澄まされる手書き派のためのノー                                | 1                   
20260509-髪をちゃんといたわるサロン品質ヘアケアアイテム6選                                | 1                   
20260714-serum                                                    | 0                   
20260716-lip                                                      | 0                   
20260525-smartwatch-comparison                                    | 0                   
20260520-2026年最新プロが厳選エイジングケア美容液おすすめ人気ラン                           | 0                   
20260709-beauty-1                                                 | 0                   
20260707-beauty-2                                                 | 0                   
20260517-音で変わる朝のリズムノイズキャンセリングイヤホン-                                | 1                   
20260429-豆から始まる朝の時間割スペシャルティコーヒー器具6                                | 2                   
20260713-cleanser                                                 | 0                   
20260518-焚き火の夜がもっと好きになるキャンプアウトドアギア                                | 1                   
20260519-焚き火の前の静かな時間アウトドアギア-精鋭6選                                  | 1                   
20260711-cleansing-balm                                           | 0                   
20260712-cleansing                                                | 0                   
20260708-beauty-2                                                 | 0                   
20260412-2026年春テレワークが劇的に捗るデスク周りのおすすめガジェ-fix                       | 0                   
20260715-spf                                                      | 0                   
20260715-cleanser                                                 | 0                   
20260515-寝室の空気を香りから設計する夜インテリアフレグラン                                | 1                   
------------------------------------------------------------------------------------------
Total articles with low links: 35

=== SEO Automation Run Finished ===

/Users/tsukika/Library/Python/3.9/lib/python/site-packages/google/oauth2/__init__.py:40: FutureWarning: You are using a Python version 3.9 past its end of life. Google will update google-auth with critical bug fixes on a best-effort basis, but not with any other fixes or features. Please upgrade your Python version, and then update google-auth.
  warnings.warn(eol_message.format("3.9"), FutureWarning)
/Users/tsukika/Library/Python/3.9/lib/python/site-packages/google/auth/__init__.py:54: FutureWarning: You are using a Python version 3.9 past its end of life. Google will update google-auth with critical bug fixes on a best-effort basis, but not with any other fixes or features. Please upgrade your Python version, and then update google-auth.
  warnings.warn(eol_message.format("3.9"), FutureWarning)
/Users/tsukika/Library/Python/3.9/lib/python/site-packages/google/api_core/_python_version_support.py:242: FutureWarning: You are using a non-supported Python version (3.9.6). Google will not post any further updates to google.api_core supporting this Python version. Please upgrade to the latest Python version, or at least Python 3.10, and then update google.api_core.
  warnings.warn(message, FutureWarning)
/Users/tsukika/Library/Python/3.9/lib/python/site-packages/urllib3/__init__.py:35: NotOpenSSLWarning: urllib3 v2 only supports OpenSSL 1.1.1+, currently the 'ssl' module is compiled with 'LibreSSL 2.8.3'. See: https://github.com/urllib3/urllib3/issues/3020
  warnings.warn(
/Users/tsukika/Library/Python/3.9/lib/python/site-packages/google/api_core/_python_version_support.py:242: FutureWarning: You are using a non-supported Python version (3.9.6). Google will not post any further updates to google.analytics.data_v1beta supporting this Python version. Please upgrade to the latest Python version, or at least Python 3.10, and then update google.analytics.data_v1beta.
  warnings.warn(message, FutureWarning)
=== SEO Automation Run: 2026-07-15 06:01:10 ===
🔄 [Step 1] Updating Sitemap via Next-Sitemap...
❌ Failed to update sitemap: [Errno 2] No such file or directory: 'npx'
🔄 [Step 2] Sending URL Indexing Requests...
🔑 Authenticating with OAuth 2.0 Playground credentials...
   ❌ Failed request for https://www.mikke-style.com/articles/20260412-2026%E5%B9%B4%E6%98%A5%E3%83%86%E3%83%AC%E3%83%AF%E3%83%BC%E3%82%AF%E3%81%8C%E5%8A%87%E7%9A%84%E3%81%AB%E6%8D%97%E3%82%8B%E3%83%87%E3%82%B9%E3%82%AF%E5%91%A8%E3%82%8A%E3%81%AE%E3%81%8A%E3%81%99%E3%81%99%E3%82%81%E3%82%AC%E3%82%B8%E3%82%A7: Unable to find the server at oauth2.googleapis.com
   ❌ Failed request for https://www.mikke-style.com/articles/20260413-2026%E5%B9%B4%E6%9C%80%E6%96%B0%E5%BF%99%E3%81%97%E3%81%84%E6%9C%9D%E3%82%92%E5%8A%87%E7%9A%84%E3%81%AB%E5%A4%89%E3%81%88%E3%82%8B%E6%9A%AE%E3%82%89%E3%81%97%E3%81%AE%E8%B3%AA%E3%81%8C%E4%B8%8A%E3%81%8C%E3%82%8B%E5%8E%B3%E9%81%B8%E6%99%82: Unable to find the server at oauth2.googleapis.com
   ❌ Failed request for https://www.mikke-style.com/articles/20260415-gw-travel-outdoor: Unable to find the server at oauth2.googleapis.com
   ❌ Failed request for https://www.mikke-style.com/articles/20260418-skincare-spring: Unable to find the server at oauth2.googleapis.com
   ❌ Failed request for https://www.mikke-style.com/articles/20260419-ps5-apple-a19-hikaku: Unable to find the server at oauth2.googleapis.com
   ❌ Failed request for https://www.mikke-style.com/articles/20260420-%E6%96%B0%E8%A3%BD%E5%93%81%E3%83%AC%E3%83%93%E3%83%A5%E3%83%BC%EF%BC%9A%E6%9C%80%E6%96%B0%E3%81%AE%E6%97%A5%E7%84%BC%E3%81%91%E6%AD%A2%E3%82%81%E3%82%AF%E3%83%AA%E3%83%BC%E3%83%A0: Unable to find the server at oauth2.googleapis.com
   ❌ Failed request for https://www.mikke-style.com/articles/20260420-%E6%98%A5%E3%81%AE%E6%96%B0%E7%94%9F%E6%B4%BB%E3%81%AB%E3%81%B4%E3%81%A3%E3%81%9F%E3%82%8A%E3%81%AE%E3%82%A4%E3%83%B3%E3%83%86%E3%83%AA%E3%82%A2%E3%82%A2%E3%82%A4%E3%83%86%E3%83%A0: Unable to find the server at oauth2.googleapis.com
   ❌ Failed request for https://www.mikke-style.com/articles/20260422-2026%E5%B9%B4%E6%98%A5%E8%8A%B1%E7%B2%89%E7%B4%AB%E5%A4%96%E7%B7%9A%E3%83%80%E3%83%96%E3%83%AB%E5%AF%BE%E7%AD%96%E8%82%8C%E3%82%92%E5%AE%88%E3%82%8B%E3%82%B9%E3%82%AD%E3%83%B3%E3%82%B1%E3%82%A2: Unable to find the server at oauth2.googleapis.com
   ❌ Failed request for https://www.mikke-style.com/articles/20260422-2026%E5%B9%B4%E6%9C%80%E6%96%B0%E5%88%9D%E5%BF%83%E8%80%85%E3%81%A7%E3%82%82%E4%BD%BF%E3%81%84%E3%82%84%E3%81%99%E3%81%84%E3%82%B3%E3%82%B9%E3%83%91%E6%9C%80%E5%BC%B7%E3%83%9F%E3%83%A9%E3%83%BC: Unable to find the server at oauth2.googleapis.com
   ❌ Failed request for https://www.mikke-style.com/articles/20260423-2026%E5%B9%B4%E6%9C%80%E6%96%B0%E4%B9%BE%E7%87%A5%E8%82%8C%E3%81%95%E3%82%93%E5%BF%85%E8%A6%8B%E3%83%97%E3%83%81%E3%83%97%E3%83%A9%E3%81%AA%E3%81%AE%E3%81%AB%E5%AE%9F%E5%8A%9B%E6%B4%BE%E3%82%B9: Unable to find the server at oauth2.googleapis.com
   ❌ Failed request for https://www.mikke-style.com/articles/20260423-%E6%99%82%E7%9F%AD%E3%83%A9%E3%82%AF%E5%AE%B6%E4%BA%8B%E6%96%99%E7%90%86%E3%81%8C%E6%A5%BD%E3%81%97%E3%81%8F%E3%81%AA%E3%82%8B%E3%82%AD%E3%83%83%E3%83%81%E3%83%B3%E4%BE%BF%E5%88%A9%E3%82%B0%E3%83%83%E3%82%BA7%E9%81%B8: Unable to find the server at oauth2.googleapis.com
   ❌ Failed request for https://www.mikke-style.com/articles/20260424-2026%E5%B9%B4%E6%9C%80%E6%96%B0%E3%83%A1%E3%83%B3%E3%82%BA%E3%82%B9%E3%82%AD%E3%83%B3%E3%82%B1%E3%82%A2%E5%88%9D%E5%BF%83%E8%80%85%E5%BF%85%E8%A6%8B%E6%9C%AC%E5%BD%93%E3%81%AB%E8%B2%B7%E3%81%86: Unable to find the server at oauth2.googleapis.com
   ❌ Failed request for https://www.mikke-style.com/articles/20260424-2026%E5%B9%B4%E7%9D%A1%E7%9C%A0%E3%81%AE%E8%B3%AA%E3%82%92%E4%B8%8A%E3%81%92%E3%81%9F%E3%81%84%E4%BA%BA%E3%81%B8%E3%81%8A%E3%81%99%E3%81%99%E3%82%81%E5%BF%AB%E7%9C%A0%E3%82%B0%E3%83%83%E3%82%BA: Unable to find the server at oauth2.googleapis.com
   ❌ Failed request for https://www.mikke-style.com/articles/20260424-2026%E5%B9%B4%E8%87%AA%E5%AE%85%E3%81%A7%E3%81%A8%E3%81%A8%E3%81%AE%E3%81%86%E3%82%B5%E3%82%A6%E3%83%8A%E5%A5%BD%E3%81%8D%E3%81%8C%E9%81%B8%E3%81%B6%E3%81%8A%E3%81%99%E3%81%99%E3%82%81%E6%B8%A9: Unable to find the server at oauth2.googleapis.com
   ❌ Failed request for https://www.mikke-style.com/articles/20260426-2026%E5%B9%B4%E4%BF%9D%E5%AD%98%E7%89%88%E9%98%B2%E7%81%BD%E3%82%A2%E3%82%A6%E3%83%88%E3%83%89%E3%82%A2%E3%81%AB%E5%BD%B9%E7%AB%8B%E3%81%A4%E3%83%9D%E3%83%BC%E3%82%BF%E3%83%96%E3%83%AB%E9%9B%BB: Unable to find the server at oauth2.googleapis.com
   ❌ Failed request for https://www.mikke-style.com/articles/20260426-2026%E5%B9%B4%E6%9C%80%E6%96%B0%E5%81%A5%E5%BA%B7%E7%AE%A1%E7%90%86%E3%81%AB%E5%BD%B9%E7%AB%8B%E3%81%A4%E3%82%B9%E3%83%9E%E3%83%BC%E3%83%88%E3%82%A6%E3%82%A9%E3%83%83%E3%83%81%E3%81%8A%E3%81%99: Unable to find the server at oauth2.googleapis.com
   ❌ Failed request for https://www.mikke-style.com/articles/20260426-2026%E5%B9%B4%E6%9C%80%E6%96%B0%E5%A4%B1%E6%95%97%E3%81%97%E3%81%AA%E3%81%84%E3%83%8E%E3%82%A4%E3%82%BA%E3%82%AD%E3%83%A3%E3%83%B3%E3%82%BB%E3%83%AA%E3%83%B3%E3%82%B0%E6%90%AD%E8%BC%89%E3%83%AF: Unable to find the server at oauth2.googleapis.com
   ❌ Failed request for https://www.mikke-style.com/articles/20260427-2026%E5%B9%B4%E7%BE%8E%E5%AE%B9%E5%A5%BD%E3%81%8D%E3%81%8C%E3%83%AA%E3%83%94%E8%B2%B7%E3%81%84%E8%A9%B1%E9%A1%8C%E3%81%AE%E9%9F%93%E5%9B%BD%E3%82%B3%E3%82%B9%E3%83%A1%E3%81%8A%E3%81%99%E3%81%99: Unable to find the server at oauth2.googleapis.com
   ❌ Failed request for https://www.mikke-style.com/articles/20260427-%E3%83%87%E3%82%B9%E3%82%AF%E3%81%AB%E9%9D%99%E3%81%91%E3%81%95%E3%82%92%E8%A8%AD%E8%A8%88%E3%81%99%E3%82%8B%E5%9C%A8%E5%AE%85%E3%83%AF%E3%83%BC%E3%82%AF%E7%92%B0%E5%A2%83%E3%82%92%E6%95%B4%E3%81%88%E3%82%8B%E3%82%AC%E3%82%B8: Unable to find the server at oauth2.googleapis.com
   ❌ Failed request for https://www.mikke-style.com/articles/20260429-%E6%98%8E%E6%97%A5%E3%81%AE%E6%9C%9D%E3%81%8C%E5%A4%89%E3%82%8F%E3%82%8B%E5%A4%9C%E3%81%AE%E9%AB%AA%E6%99%82%E9%96%93%E3%83%98%E3%82%A2%E3%83%88%E3%83%AA%E3%83%BC%E3%83%88%E3%83%A1%E3%83%B3%E3%83%88%E3%83%8A%E3%82%A4%E3%83%88: Unable to find the server at oauth2.googleapis.com
   ❌ Failed request for https://www.mikke-style.com/articles/20260429-%E8%B1%86%E3%81%8B%E3%82%89%E5%A7%8B%E3%81%BE%E3%82%8B%E6%9C%9D%E3%81%AE%E6%99%82%E9%96%93%E5%89%B2%E3%82%B9%E3%83%9A%E3%82%B7%E3%83%A3%E3%83%AB%E3%83%86%E3%82%A3%E3%82%B3%E3%83%BC%E3%83%92%E3%83%BC%E5%99%A8%E5%85%B76: Unable to find the server at oauth2.googleapis.com
   ❌ Failed request for https://www.mikke-style.com/articles/20260429-%E9%83%A8%E5%B1%8B%E3%81%AB%E4%BD%99%E7%99%BD%E3%82%92%E7%BD%AE%E3%81%8F%E4%B8%80%E4%BA%BA%E6%9A%AE%E3%82%89%E3%81%97%E3%83%9F%E3%83%8B%E3%83%9E%E3%83%AA%E3%82%B9%E3%83%88%E3%81%AE%E3%82%A4%E3%83%B3%E3%83%86%E3%83%AA%E3%82%A2: Unable to find the server at oauth2.googleapis.com
   ❌ Failed request for https://www.mikke-style.com/articles/20260430-%E8%82%8C%E3%81%8C%E5%83%8D%E3%81%8F%E5%A4%9C%E3%81%AE%E3%81%9F%E3%82%81%E3%81%AB%E9%9F%93%E5%9B%BD%E7%99%BA%E3%83%8A%E3%82%A4%E3%83%88%E3%82%B9%E3%82%AD%E3%83%B3%E3%82%B1%E3%82%A26%E9%81%B8: Unable to find the server at oauth2.googleapis.com
   ❌ Failed request for https://www.mikke-style.com/articles/20260501-%E8%80%B3%E3%81%AB%E6%AD%A3%E7%9B%B4%E3%81%AA%E9%9F%B3%E3%82%92%E5%B1%8A%E3%81%91%E3%82%8B%E3%83%97%E3%83%AC%E3%83%9F%E3%82%A2%E3%83%A0%E3%83%AF%E3%82%A4%E3%83%A4%E3%83%AC%E3%82%B9%E3%82%A4%E3%83%A4%E3%83%95%E3%82%A9%E3%83%B3: Unable to find the server at oauth2.googleapis.com
   ❌ Failed request for https://www.mikke-style.com/articles/20260504-%E9%9D%99%E9%9F%B3%E3%81%A8%E9%9B%86%E4%B8%AD%E3%82%92%E6%9C%BA%E3%81%AE%E4%B8%8A%E3%81%AB%E8%A8%AD%E8%A8%88%E3%81%99%E3%82%8B%E5%9C%A8%E5%AE%85%E3%83%AF%E3%83%BC%E3%82%AF%E7%92%B0%E5%A2%83%E3%82%92%E6%95%B4%E3%81%88%E3%82%8B: Unable to find the server at oauth2.googleapis.com
   ❌ Failed request for https://www.mikke-style.com/articles/20260505-%E5%A4%9C%E3%81%AE%E7%A9%BA%E6%B0%97%E3%82%92%E9%A6%99%E3%82%8A%E3%81%A7%E5%A1%97%E3%82%8A%E6%9B%BF%E3%81%88%E3%82%8B%E3%83%AB%E3%83%BC%E3%83%A0%E3%83%95%E3%83%AC%E3%82%B0%E3%83%A9%E3%83%B3%E3%82%B96%E9%81%B8: Unable to find the server at oauth2.googleapis.com
   ❌ Failed request for https://www.mikke-style.com/articles/20260507-%E6%B5%B4%E5%AE%A4%E3%82%92%E4%B8%80%E6%97%A5%E3%81%AE%E7%B5%82%E3%82%8F%E3%82%8A%E3%81%AE%E8%81%96%E5%9F%9F%E3%81%AB%E3%83%90%E3%82%B9%E3%82%BF%E3%82%A4%E3%83%A0%E3%82%B1%E3%82%A2%E3%82%B0%E3%83%83%E3%82%BA6%E9%81%B8: Unable to find the server at oauth2.googleapis.com
   ❌ Failed request for https://www.mikke-style.com/articles/20260508-%E7%94%B7%E3%81%AE%E8%82%8C%E3%82%82%E6%95%B4%E3%81%86%E6%99%82%E4%BB%A3%E3%81%B8%E3%83%A1%E3%83%B3%E3%82%BA%E3%82%B9%E3%82%AD%E3%83%B3%E3%82%B1%E3%82%A2%E3%82%92%E6%9C%AC%E6%A0%BC%E5%8C%96%E3%81%99%E3%82%8B%E7%BE%8E%E5%AE%B9: Unable to find the server at oauth2.googleapis.com
   ❌ Failed request for https://www.mikke-style.com/articles/20260509-%E6%96%99%E7%90%86%E3%81%8C%E5%A4%89%E3%82%8F%E3%82%8B%E9%81%93%E5%85%B7%E3%82%92%E5%A4%89%E3%81%88%E3%82%8B%E3%81%A0%E3%81%91%E3%81%A7%E6%9C%AC%E6%A0%BC%E3%82%AD%E3%83%83%E3%83%81%E3%83%B3%E3%83%84%E3%83%BC%E3%83%AB6: Unable to find the server at oauth2.googleapis.com
   ❌ Failed request for https://www.mikke-style.com/articles/20260509-%E9%AB%AA%E3%82%92%E3%81%A1%E3%82%83%E3%82%93%E3%81%A8%E3%81%84%E3%81%9F%E3%82%8F%E3%82%8B%E3%82%B5%E3%83%AD%E3%83%B3%E5%93%81%E8%B3%AA%E3%83%98%E3%82%A2%E3%82%B1%E3%82%A2%E3%82%A2%E3%82%A4%E3%83%86%E3%83%A06%E9%81%B8: Unable to find the server at oauth2.googleapis.com
   ❌ Failed request for https://www.mikke-style.com/articles/20260510-%E6%9C%BA%E3%81%AE%E4%B8%8A%E3%81%AB%E4%BB%95%E4%BA%8B%E3%81%AE%E4%BD%99%E7%99%BD%E3%82%92%E4%BD%9C%E3%82%8B%E5%9C%A8%E5%AE%85%E3%83%AF%E3%83%BC%E3%82%AB%E3%83%BC%E3%81%8C%E9%81%B8%E3%81%B6%E4%B8%8A%E8%B3%AA%E3%83%87%E3%82%B9: Unable to find the server at oauth2.googleapis.com
   ❌ Failed request for https://www.mikke-style.com/articles/20260510-%E9%9F%B3%E3%81%8C%E5%A4%89%E3%82%8F%E3%82%8B%E3%81%A8%E6%AF%8E%E6%97%A5%E3%81%8C%E5%A4%89%E3%82%8F%E3%82%8B%E3%81%93%E3%81%A0%E3%82%8F%E3%82%8A%E3%81%AE%E3%83%98%E3%83%83%E3%83%89%E3%83%9B%E3%83%B3%E3%82%A4%E3%83%A4%E3%83%9B: Unable to find the server at oauth2.googleapis.com
   ❌ Failed request for https://www.mikke-style.com/articles/20260511-%E7%81%AF%E3%82%92%E8%90%BD%E3%81%A8%E3%81%97%E3%81%A6%E3%81%8B%E3%82%89%E8%82%8C%E3%81%A8%E5%90%91%E3%81%8D%E5%90%88%E3%81%86%E5%A4%9C%E5%B0%B1%E5%AF%9D%E5%89%8D%E3%83%8A%E3%82%A4%E3%83%88%E3%82%B1%E3%82%A2%E3%82%B3%E3%82%B9: Unable to find the server at oauth2.googleapis.com
   ❌ Failed request for https://www.mikke-style.com/articles/20260511-%E9%9B%86%E4%B8%AD%E3%82%92%E5%A6%A8%E3%81%92%E3%81%AA%E3%81%84%E7%A7%98%E5%AF%86%E5%9F%BA%E5%9C%B0%E5%9C%A8%E5%AE%85%E3%83%AF%E3%83%BC%E3%82%AF%E3%81%AE%E8%B3%AA%E3%82%92%E9%AB%98%E3%82%81%E3%82%8B%E3%83%87%E3%82%B9%E3%82%AF: Unable to find the server at oauth2.googleapis.com
   ❌ Failed request for https://www.mikke-style.com/articles/20260512-%E9%83%A8%E5%B1%8B%E3%81%AB%E4%BD%99%E7%99%BD%E3%81%A8%E3%82%86%E3%81%A8%E3%82%8A%E3%82%92%E7%B4%A1%E3%81%90%E7%9C%81%E3%82%B9%E3%83%9A%E3%83%BC%E3%82%B9%E3%82%92%E5%8F%B6%E3%81%88%E3%82%8B%E9%9D%99%E9%9F%B3%E4%BE%BF%E5%88%A9: Unable to find the server at oauth2.googleapis.com
   ❌ Failed request for https://www.mikke-style.com/articles/20260513-%E5%A4%9C%E3%81%AE%E8%82%8C%E6%99%82%E9%96%93%E3%82%92%E4%B8%81%E5%AF%A7%E3%81%AB%E3%82%B9%E3%82%AD%E3%83%B3%E3%82%B1%E3%82%A2%E3%83%98%E3%82%A2%E3%82%B1%E3%82%A2%E3%81%AE%E6%9C%AC%E5%91%BD%E3%82%B3%E3%82%B9%E3%83%A16: Unable to find the server at oauth2.googleapis.com
   ❌ Failed request for https://www.mikke-style.com/articles/20260513-%E6%AF%8E%E6%9C%9D%E3%81%AE%E8%B3%AA%E3%81%8C%E5%A4%89%E3%82%8F%E3%82%8B%E7%94%9F%E6%B4%BB%E3%82%92%E6%95%B4%E3%81%88%E3%82%8B%E4%BE%BF%E5%88%A9%E3%82%B0%E3%83%83%E3%82%BA6%E9%81%B8: Unable to find the server at oauth2.googleapis.com
   ❌ Failed request for https://www.mikke-style.com/articles/20260514-%E6%AF%8E%E6%97%A5%E3%81%AE%E5%8F%B0%E6%89%80%E3%81%8C%E5%A5%BD%E3%81%8D%E3%81%AB%E3%81%AA%E3%82%8B%E3%82%AD%E3%83%83%E3%83%81%E3%83%B3%E9%9B%91%E8%B2%A8%E4%BF%9D%E5%AD%98%E5%AE%B9%E5%99%A8%E8%AA%BF%E7%90%86%E9%81%93%E5%85%B7: Unable to find the server at oauth2.googleapis.com
   ❌ Failed request for https://www.mikke-style.com/articles/20260515-%E5%AF%9D%E5%AE%A4%E3%81%AE%E7%A9%BA%E6%B0%97%E3%82%92%E9%A6%99%E3%82%8A%E3%81%8B%E3%82%89%E8%A8%AD%E8%A8%88%E3%81%99%E3%82%8B%E5%A4%9C%E3%82%A4%E3%83%B3%E3%83%86%E3%83%AA%E3%82%A2%E3%83%95%E3%83%AC%E3%82%B0%E3%83%A9%E3%83%B3: Unable to find the server at oauth2.googleapis.com
   ❌ Failed request for https://www.mikke-style.com/articles/20260516-%E5%A4%9C%E3%81%AE%E9%9D%99%E5%AF%82%E3%81%AB%E6%B4%BB%E5%AD%97%E3%81%8C%E6%BA%B6%E3%81%91%E3%82%8B%E9%9B%BB%E5%AD%90%E6%9B%B8%E7%B1%8D%E3%83%AA%E3%83%BC%E3%83%80%E3%83%BCe%E3%82%A4%E3%83%B3%E3%82%AF%E3%83%87%E3%83%90: Unable to find the server at oauth2.googleapis.com
   ❌ Failed request for https://www.mikke-style.com/articles/20260517-%E9%9F%B3%E3%81%A7%E5%A4%89%E3%82%8F%E3%82%8B%E6%9C%9D%E3%81%AE%E3%83%AA%E3%82%BA%E3%83%A0%E3%83%8E%E3%82%A4%E3%82%BA%E3%82%AD%E3%83%A3%E3%83%B3%E3%82%BB%E3%83%AA%E3%83%B3%E3%82%B0%E3%82%A4%E3%83%A4%E3%83%9B%E3%83%B3-: Unable to find the server at oauth2.googleapis.com
   ❌ Failed request for https://www.mikke-style.com/articles/20260518-%E7%84%9A%E3%81%8D%E7%81%AB%E3%81%AE%E5%A4%9C%E3%81%8C%E3%82%82%E3%81%A3%E3%81%A8%E5%A5%BD%E3%81%8D%E3%81%AB%E3%81%AA%E3%82%8B%E3%82%AD%E3%83%A3%E3%83%B3%E3%83%97%E3%82%A2%E3%82%A6%E3%83%88%E3%83%89%E3%82%A2%E3%82%AE%E3%82%A2: Unable to find the server at oauth2.googleapis.com
   ❌ Failed request for https://www.mikke-style.com/articles/20260519-%E7%84%9A%E3%81%8D%E7%81%AB%E3%81%AE%E5%89%8D%E3%81%AE%E9%9D%99%E3%81%8B%E3%81%AA%E6%99%82%E9%96%93%E3%82%A2%E3%82%A6%E3%83%88%E3%83%89%E3%82%A2%E3%82%AE%E3%82%A2-%E7%B2%BE%E9%8B%AD6%E9%81%B8: Unable to find the server at oauth2.googleapis.com
   ❌ Failed request for https://www.mikke-style.com/articles/20260520-2026%E5%B9%B4%E6%9C%80%E6%96%B0%E3%83%97%E3%83%AD%E3%81%8C%E5%8E%B3%E9%81%B8%E3%82%A8%E3%82%A4%E3%82%B8%E3%83%B3%E3%82%B0%E3%82%B1%E3%82%A2%E7%BE%8E%E5%AE%B9%E6%B6%B2%E3%81%8A%E3%81%99%E3%81%99%E3%82%81%E4%BA%BA%E6%B0%97%E3%83%A9%E3%83%B3: Unable to find the server at oauth2.googleapis.com
   ❌ Failed request for https://www.mikke-style.com/articles/20260520-2026%E5%B9%B4%E7%89%88%E5%9C%A8%E5%AE%85%E3%83%AF%E3%83%BC%E3%82%AF%E3%81%AE%E7%94%9F%E7%94%A3%E6%80%A7%E3%82%92%E6%9C%80%E5%A4%A7%E5%8C%96%E5%BF%AB%E9%81%A9%E3%81%AA%E3%83%87%E3%82%B9%E3%82%AF%E7%92%B0%E5%A2%83%E3%82%92%E5%8F%B6%E3%81%88: Unable to find the server at oauth2.googleapis.com
   ❌ Failed request for https://www.mikke-style.com/articles/20260521-%E5%85%89%E3%81%AE%E8%B3%AA%E3%81%8C%E9%83%A8%E5%B1%8B%E3%81%AE%E6%99%82%E9%96%93%E3%82%92%E5%A4%89%E3%81%88%E3%82%8B%E3%82%A4%E3%83%B3%E3%83%86%E3%83%AA%E3%82%A2%E7%85%A7%E6%98%8E%E3%83%86%E3%83%BC%E3%83%96%E3%83%AB%E3%83%A9: Unable to find the server at oauth2.googleapis.com
   ❌ Failed request for https://www.mikke-style.com/articles/20260521-%E6%9B%B8%E3%81%8F%E3%81%93%E3%81%A8%E3%81%A7%E6%80%9D%E8%80%83%E3%81%8C%E7%A0%94%E3%81%8E%E6%BE%84%E3%81%BE%E3%81%95%E3%82%8C%E3%82%8B%E6%89%8B%E6%9B%B8%E3%81%8D%E6%B4%BE%E3%81%AE%E3%81%9F%E3%82%81%E3%81%AE%E3%83%8E%E3%83%BC: Unable to find the server at oauth2.googleapis.com
   ❌ Failed request for https://www.mikke-style.com/articles/20260522-%E7%84%9A%E3%81%8D%E7%81%AB%E3%81%AE%E5%89%8D%E3%81%AB%E9%81%93%E5%85%B7%E3%82%92%E9%81%B8%E3%81%B6%E3%82%AD%E3%83%A3%E3%83%B3%E3%83%97%E8%AA%BF%E7%90%86%E3%82%92%E6%B7%B1%E3%82%81%E3%82%8B%E9%81%93%E5%85%B76%E9%81%B8: Unable to find the server at oauth2.googleapis.com
   ❌ Failed request for https://www.mikke-style.com/articles/20260523-2026%E5%B9%B4%E6%9C%80%E6%96%B0%E6%97%A5%E7%84%BC%E3%81%91%E6%AD%A2%E3%82%81%E3%81%8A%E3%81%99%E3%81%99%E3%82%81%E4%BA%BA%E6%B0%97%E3%83%A9%E3%83%B3%E3%82%AD%E3%83%B3%E3%82%B0%E7%B5%B6%E5%AF%BE%E3%81%AB%E7%84%BC%E3%81%8B%E3%81%AA%E3%81%84: Unable to find the server at oauth2.googleapis.com
   ❌ Failed request for https://www.mikke-style.com/articles/20260523-%E3%82%82%E3%81%97%E3%82%82%E3%82%92%E6%97%A5%E5%B8%B8%E3%81%AB%E3%81%99%E3%82%8B%E9%98%B2%E7%81%BD%E3%83%9D%E3%83%BC%E3%83%81%E3%81%AB%E5%85%A5%E3%82%8C%E3%81%9F%E3%81%84%E3%82%B0%E3%83%83%E3%82%BA6%E9%81%B8: Unable to find the server at oauth2.googleapis.com
   ❌ Failed request for https://www.mikke-style.com/articles/20260523-%E7%9B%AE%E8%A6%9A%E3%82%81%E3%81%AE%E8%89%AF%E3%81%95%E3%81%AF%E5%A4%9C%E3%81%AB%E8%A8%AD%E8%A8%88%E3%81%95%E3%82%8C%E3%82%8B%E7%9D%A1%E7%9C%A0%E7%92%B0%E5%A2%83%E3%82%92%E6%95%B4%E3%81%88%E3%82%8B%E5%AF%9D%E5%AE%A4%E3%82%A2: Unable to find the server at oauth2.googleapis.com
   ❌ Failed request for https://www.mikke-style.com/articles/20260524-%E6%9C%9D%E3%81%AE5%E5%88%86%E3%82%92%E4%BD%93%E3%81%AB%E8%BF%94%E3%81%99%E5%9C%A8%E5%AE%85%E3%83%AF%E3%83%BC%E3%82%AB%E3%83%BC%E3%81%8C%E9%81%B8%E3%81%B6%E3%82%B9%E3%83%88%E3%83%AC%E3%83%83%E3%83%81%E3%82%B1%E3%82%A2: Unable to find the server at oauth2.googleapis.com
   ❌ Failed request for https://www.mikke-style.com/articles/20260525-smartwatch-comparison: Unable to find the server at oauth2.googleapis.com
   ❌ Failed request for https://www.mikke-style.com/articles/20260525-%E5%8F%B0%E6%89%80%E3%81%AB%E8%81%B7%E4%BA%BA%E3%81%AE%E6%84%8F%E5%BF%97%E3%82%92%E7%BD%AE%E3%81%8F%E6%96%99%E7%90%86%E5%A5%BD%E3%81%8D%E3%81%8C%E8%AA%8D%E3%82%81%E3%82%8B%E6%9C%AC%E6%A0%BC%E3%82%AD%E3%83%83%E3%83%81%E3%83%B3: Unable to find the server at oauth2.googleapis.com
   ❌ Failed request for https://www.mikke-style.com/articles/20260526-best-shampoos-for-damaged-hair: Unable to find the server at oauth2.googleapis.com
   ❌ Failed request for https://www.mikke-style.com/articles/20260526-daily-life-water-bottle-guide: Unable to find the server at oauth2.googleapis.com
   ❌ Failed request for https://www.mikke-style.com/articles/20260526-mac-mini-monitors: Unable to find the server at oauth2.googleapis.com
   ❌ Failed request for https://www.mikke-style.com/articles/20260526-stroller-selection-guide: Unable to find the server at oauth2.googleapis.com
   ❌ Failed request for https://www.mikke-style.com/articles/20260526-%E7%84%9A%E3%81%8D%E7%81%AB%E3%81%AE%E5%89%8D%E3%81%AB%E9%81%93%E5%85%B7%E3%82%92%E9%81%B8%E3%81%B6%E3%82%AD%E3%83%A3%E3%83%B3%E3%83%97%E8%AA%BF%E7%90%86%E3%82%92%E6%B7%B1%E3%82%81%E3%82%8B%E9%81%93%E5%85%B76%E9%81%B8: Unable to find the server at oauth2.googleapis.com
   ❌ Failed request for https://www.mikke-style.com/articles/20260529-aroma-diffusers: Unable to find the server at oauth2.googleapis.com
   ❌ Failed request for https://www.mikke-style.com/articles/20260529-hair-dryers: Unable to find the server at oauth2.googleapis.com
   ❌ Failed request for https://www.mikke-style.com/articles/20260529-regal-business-shoes: Unable to find the server at oauth2.googleapis.com
   ❌ Failed request for https://www.mikke-style.com/articles/20260530-keyboards: Unable to find the server at oauth2.googleapis.com
   ❌ Failed request for https://www.mikke-style.com/articles/20260530-%E6%A4%8D%E7%89%A9%E8%82%B2%E6%88%90%E3%83%A9%E3%82%A4%E3%83%88%E3%81%AE%E3%81%8A%E3%81%99%E3%81%99%E3%82%81%E4%BA%BA%E6%B0%97%E3%83%A9%E3%83%B3%E3%82%AD%E3%83%B3%E3%82%B0: Unable to find the server at oauth2.googleapis.com
   ❌ Failed request for https://www.mikke-style.com/articles/20260531-aquarium-led-lights: Unable to find the server at oauth2.googleapis.com
   ❌ Failed request for https://www.mikke-style.com/articles/20260531-umbrellas: Unable to find the server at oauth2.googleapis.com
   ❌ Failed request for https://www.mikke-style.com/articles/20260603-eyeliner-comparison: Unable to find the server at oauth2.googleapis.com
   ❌ Failed request for https://www.mikke-style.com/articles/20260607-cleansing-oil: Unable to find the server at oauth2.googleapis.com
   ❌ Failed request for https://www.mikke-style.com/articles/20260607-serum: Unable to find the server at oauth2.googleapis.com
   ❌ Failed request for https://www.mikke-style.com/articles/20260608-face-mask: Unable to find the server at oauth2.googleapis.com
   ❌ Failed request for https://www.mikke-style.com/articles/20260608-toner: Unable to find the server at oauth2.googleapis.com
   ❌ Failed request for https://www.mikke-style.com/articles/20260609-cleansing-balm: Unable to find the server at oauth2.googleapis.com
   ❌ Failed request for https://www.mikke-style.com/articles/20260610-cleanser: Unable to find the server at oauth2.googleapis.com
   ❌ Failed request for https://www.mikke-style.com/articles/20260610-cleansing-gel: Unable to find the server at oauth2.googleapis.com
   ❌ Failed request for https://www.mikke-style.com/articles/20260611-booster: Unable to find the server at oauth2.googleapis.com
   ❌ Failed request for https://www.mikke-style.com/articles/20260611-lip-serum: Unable to find the server at oauth2.googleapis.com
   ❌ Failed request for https://www.mikke-style.com/articles/20260612-emulsion: Unable to find the server at oauth2.googleapis.com
   ❌ Failed request for https://www.mikke-style.com/articles/20260612-face-cream: Unable to find the server at oauth2.googleapis.com
   ❌ Failed request for https://www.mikke-style.com/articles/20260613-daily-pack: Unable to find the server at oauth2.googleapis.com
   ❌ Failed request for https://www.mikke-style.com/articles/20260614-affordable-cleanser: Unable to find the server at oauth2.googleapis.com
   ❌ Failed request for https://www.mikke-style.com/articles/20260614-peeling-serum: Unable to find the server at oauth2.googleapis.com
   ❌ Failed request for https://www.mikke-style.com/articles/20260615-mens-face-wash: Unable to find the server at oauth2.googleapis.com
   ❌ Failed request for https://www.mikke-style.com/articles/20260615-sheet-masks-for-40s: Unable to find the server at oauth2.googleapis.com
   ❌ Failed request for https://www.mikke-style.com/articles/20260616-face-wash: Unable to find the server at oauth2.googleapis.com
   ❌ Failed request for https://www.mikke-style.com/articles/20260616-hand-cream: Unable to find the server at oauth2.googleapis.com
   ❌ Failed request for https://www.mikke-style.com/articles/20260617-wet-cleanser: Unable to find the server at oauth2.googleapis.com
   ❌ Failed request for https://www.mikke-style.com/articles/20260618-affordable-booster: Unable to find the server at oauth2.googleapis.com
   ❌ Failed request for https://www.mikke-style.com/articles/20260619-cleansing-balm: Unable to find the server at oauth2.googleapis.com
   ❌ Failed request for https://www.mikke-style.com/articles/20260619-mascara: Unable to find the server at oauth2.googleapis.com
   ❌ Failed request for https://www.mikke-style.com/articles/20260620-article-001: Unable to find the server at oauth2.googleapis.com
   ❌ Failed request for https://www.mikke-style.com/articles/20260620-serum: Unable to find the server at oauth2.googleapis.com
   ❌ Failed request for https://www.mikke-style.com/articles/20260621-article-001: Unable to find the server at oauth2.googleapis.com
   ❌ Failed request for https://www.mikke-style.com/articles/20260621-serum: Unable to find the server at oauth2.googleapis.com
   ❌ Failed request for https://www.mikke-style.com/articles/20260622-article-001: Unable to find the server at oauth2.googleapis.com
   ❌ Failed request for https://www.mikke-style.com/articles/20260622-toner: Unable to find the server at oauth2.googleapis.com
   ❌ Failed request for https://www.mikke-style.com/articles/20260624-beauty: Unable to find the server at oauth2.googleapis.com
   ❌ Failed request for https://www.mikke-style.com/articles/20260624-treatment: Unable to find the server at oauth2.googleapis.com
   ❌ Failed request for https://www.mikke-style.com/articles/20260625-beauty: Unable to find the server at oauth2.googleapis.com
   ❌ Failed request for https://www.mikke-style.com/articles/20260625-serum: Unable to find the server at oauth2.googleapis.com
   ❌ Failed request for https://www.mikke-style.com/articles/20260626-beauty: Unable to find the server at oauth2.googleapis.com
   ❌ Failed request for https://www.mikke-style.com/articles/20260627-beauty: Unable to find the server at oauth2.googleapis.com
   ❌ Failed request for https://www.mikke-style.com/articles/20260628-beauty: Unable to find the server at oauth2.googleapis.com
   ❌ Failed request for https://www.mikke-style.com/articles/20260629-beauty: Unable to find the server at oauth2.googleapis.com
   ❌ Failed request for https://www.mikke-style.com/articles/20260707-beauty-2: Unable to find the server at oauth2.googleapis.com
   ❌ Failed request for https://www.mikke-style.com/articles/20260707-beauty: Unable to find the server at oauth2.googleapis.com
   ❌ Failed request for https://www.mikke-style.com/articles/20260708-beauty-1: Unable to find the server at oauth2.googleapis.com
   ❌ Failed request for https://www.mikke-style.com/articles/20260708-beauty-2: Unable to find the server at oauth2.googleapis.com
   ❌ Failed request for https://www.mikke-style.com/articles/20260709-beauty-1: Unable to find the server at oauth2.googleapis.com
   ❌ Failed request for https://www.mikke-style.com/articles/20260709-cream: Unable to find the server at oauth2.googleapis.com
   ❌ Failed request for https://www.mikke-style.com/articles/cleansing-oil-real: Unable to find the server at oauth2.googleapis.com
✅ Indexing requests sent: 0/110
🔄 [Step 3] Analyzing GA4 Traffic and PV Growth...
❌ GA4 fetch failed: 503 errors resolving analyticsdata.googleapis.com:443: [field:hostname lookup error:address lookup failed for analyticsdata.googleapis.com:443: Could not contact DNS servers]
🔄 [Step 4] Detecting Articles with low internal links (< 3)...

⚠️ --- Articles with Low Internal Links (< 3) ---
Article Slug                                                      | Internal Links Count
------------------------------------------------------------------------------------------
20260709-cream                                                    | 0                   
20260530-植物育成ライトのおすすめ人気ランキング                                      | 0                   
20260516-夜の静寂に活字が溶ける電子書籍リーダーeインクデバ                                | 1                   
20260412-2026年春テレワークが劇的に捗るデスク周りのおすすめガジェ                           | 1                   
20260712-serum                                                    | 0                   
20260507-浴室を一日の終わりの聖域にバスタイムケアグッズ6選                                | 1                   
20260512-部屋に余白とゆとりを紡ぐ省スペースを叶える静音便利                                | 2                   
20260708-beauty-1                                                 | 0                   
20260711-cleansing-balm-2                                         | 0                   
20260523-2026年最新日焼け止めおすすめ人気ランキング絶対に焼かない                           | 0                   
20260714-spf                                                      | 0                   
20260413-2026年最新忙しい朝を劇的に変える暮らしの質が上がる厳選時                           | 2                   
20260713-cream                                                    | 0                   
20260707-beauty                                                   | 0                   
20260420-新製品レビュー：最新の日焼け止めクリーム                                     | 1                   
20260521-書くことで思考が研ぎ澄まされる手書き派のためのノー                                | 1                   
20260509-髪をちゃんといたわるサロン品質ヘアケアアイテム6選                                | 1                   
20260714-serum                                                    | 0                   
20260716-lip                                                      | 0                   
20260525-smartwatch-comparison                                    | 0                   
20260520-2026年最新プロが厳選エイジングケア美容液おすすめ人気ラン                           | 0                   
20260709-beauty-1                                                 | 0                   
20260707-beauty-2                                                 | 0                   
20260517-音で変わる朝のリズムノイズキャンセリングイヤホン-                                | 1                   
20260429-豆から始まる朝の時間割スペシャルティコーヒー器具6                                | 2                   
20260713-cleanser                                                 | 0                   
20260518-焚き火の夜がもっと好きになるキャンプアウトドアギア                                | 1                   
20260519-焚き火の前の静かな時間アウトドアギア-精鋭6選                                  | 1                   
20260711-cleansing-balm                                           | 0                   
20260712-cleansing                                                | 0                   
20260708-beauty-2                                                 | 0                   
20260412-2026年春テレワークが劇的に捗るデスク周りのおすすめガジェ-fix                       | 0                   
20260715-spf                                                      | 0                   
20260715-cleanser                                                 | 0                   
20260515-寝室の空気を香りから設計する夜インテリアフレグラン                                | 1                   
------------------------------------------------------------------------------------------
Total articles with low links: 35

=== SEO Automation Run Finished ===

/Users/tsukika/Library/Python/3.9/lib/python/site-packages/google/oauth2/__init__.py:40: FutureWarning: You are using a Python version 3.9 past its end of life. Google will update google-auth with critical bug fixes on a best-effort basis, but not with any other fixes or features. Please upgrade your Python version, and then update google-auth.
  warnings.warn(eol_message.format("3.9"), FutureWarning)
/Users/tsukika/Library/Python/3.9/lib/python/site-packages/google/auth/__init__.py:54: FutureWarning: You are using a Python version 3.9 past its end of life. Google will update google-auth with critical bug fixes on a best-effort basis, but not with any other fixes or features. Please upgrade your Python version, and then update google-auth.
  warnings.warn(eol_message.format("3.9"), FutureWarning)
/Users/tsukika/Library/Python/3.9/lib/python/site-packages/google/api_core/_python_version_support.py:242: FutureWarning: You are using a non-supported Python version (3.9.6). Google will not post any further updates to google.api_core supporting this Python version. Please upgrade to the latest Python version, or at least Python 3.10, and then update google.api_core.
  warnings.warn(message, FutureWarning)
/Users/tsukika/Library/Python/3.9/lib/python/site-packages/urllib3/__init__.py:35: NotOpenSSLWarning: urllib3 v2 only supports OpenSSL 1.1.1+, currently the 'ssl' module is compiled with 'LibreSSL 2.8.3'. See: https://github.com/urllib3/urllib3/issues/3020
  warnings.warn(
/Users/tsukika/Library/Python/3.9/lib/python/site-packages/google/api_core/_python_version_support.py:242: FutureWarning: You are using a non-supported Python version (3.9.6). Google will not post any further updates to google.analytics.data_v1beta supporting this Python version. Please upgrade to the latest Python version, or at least Python 3.10, and then update google.analytics.data_v1beta.
  warnings.warn(message, FutureWarning)
=== SEO Automation Run: 2026-07-16 06:01:12 ===
🔄 [Step 1] Updating Sitemap via Next-Sitemap...
❌ Failed to update sitemap: [Errno 2] No such file or directory: 'npx'
🔄 [Step 2] Sending URL Indexing Requests...
🔑 Authenticating with OAuth 2.0 Playground credentials...
   ❌ Failed request for https://www.mikke-style.com/articles/20260412-2026%E5%B9%B4%E6%98%A5%E3%83%86%E3%83%AC%E3%83%AF%E3%83%BC%E3%82%AF%E3%81%8C%E5%8A%87%E7%9A%84%E3%81%AB%E6%8D%97%E3%82%8B%E3%83%87%E3%82%B9%E3%82%AF%E5%91%A8%E3%82%8A%E3%81%AE%E3%81%8A%E3%81%99%E3%81%99%E3%82%81%E3%82%AC%E3%82%B8%E3%82%A7: Unable to find the server at oauth2.googleapis.com
   ❌ Failed request for https://www.mikke-style.com/articles/20260413-2026%E5%B9%B4%E6%9C%80%E6%96%B0%E5%BF%99%E3%81%97%E3%81%84%E6%9C%9D%E3%82%92%E5%8A%87%E7%9A%84%E3%81%AB%E5%A4%89%E3%81%88%E3%82%8B%E6%9A%AE%E3%82%89%E3%81%97%E3%81%AE%E8%B3%AA%E3%81%8C%E4%B8%8A%E3%81%8C%E3%82%8B%E5%8E%B3%E9%81%B8%E6%99%82: Unable to find the server at oauth2.googleapis.com
   ❌ Failed request for https://www.mikke-style.com/articles/20260415-gw-travel-outdoor: Unable to find the server at oauth2.googleapis.com
   ❌ Failed request for https://www.mikke-style.com/articles/20260418-skincare-spring: Unable to find the server at oauth2.googleapis.com
   ❌ Failed request for https://www.mikke-style.com/articles/20260419-ps5-apple-a19-hikaku: Unable to find the server at oauth2.googleapis.com
   ❌ Failed request for https://www.mikke-style.com/articles/20260420-%E6%96%B0%E8%A3%BD%E5%93%81%E3%83%AC%E3%83%93%E3%83%A5%E3%83%BC%EF%BC%9A%E6%9C%80%E6%96%B0%E3%81%AE%E6%97%A5%E7%84%BC%E3%81%91%E6%AD%A2%E3%82%81%E3%82%AF%E3%83%AA%E3%83%BC%E3%83%A0: Unable to find the server at oauth2.googleapis.com
   ❌ Failed request for https://www.mikke-style.com/articles/20260420-%E6%98%A5%E3%81%AE%E6%96%B0%E7%94%9F%E6%B4%BB%E3%81%AB%E3%81%B4%E3%81%A3%E3%81%9F%E3%82%8A%E3%81%AE%E3%82%A4%E3%83%B3%E3%83%86%E3%83%AA%E3%82%A2%E3%82%A2%E3%82%A4%E3%83%86%E3%83%A0: Unable to find the server at oauth2.googleapis.com
   ❌ Failed request for https://www.mikke-style.com/articles/20260422-2026%E5%B9%B4%E6%98%A5%E8%8A%B1%E7%B2%89%E7%B4%AB%E5%A4%96%E7%B7%9A%E3%83%80%E3%83%96%E3%83%AB%E5%AF%BE%E7%AD%96%E8%82%8C%E3%82%92%E5%AE%88%E3%82%8B%E3%82%B9%E3%82%AD%E3%83%B3%E3%82%B1%E3%82%A2: Unable to find the server at oauth2.googleapis.com
   ❌ Failed request for https://www.mikke-style.com/articles/20260422-2026%E5%B9%B4%E6%9C%80%E6%96%B0%E5%88%9D%E5%BF%83%E8%80%85%E3%81%A7%E3%82%82%E4%BD%BF%E3%81%84%E3%82%84%E3%81%99%E3%81%84%E3%82%B3%E3%82%B9%E3%83%91%E6%9C%80%E5%BC%B7%E3%83%9F%E3%83%A9%E3%83%BC: Unable to find the server at oauth2.googleapis.com
   ❌ Failed request for https://www.mikke-style.com/articles/20260423-2026%E5%B9%B4%E6%9C%80%E6%96%B0%E4%B9%BE%E7%87%A5%E8%82%8C%E3%81%95%E3%82%93%E5%BF%85%E8%A6%8B%E3%83%97%E3%83%81%E3%83%97%E3%83%A9%E3%81%AA%E3%81%AE%E3%81%AB%E5%AE%9F%E5%8A%9B%E6%B4%BE%E3%82%B9: Unable to find the server at oauth2.googleapis.com
   ❌ Failed request for https://www.mikke-style.com/articles/20260423-%E6%99%82%E7%9F%AD%E3%83%A9%E3%82%AF%E5%AE%B6%E4%BA%8B%E6%96%99%E7%90%86%E3%81%8C%E6%A5%BD%E3%81%97%E3%81%8F%E3%81%AA%E3%82%8B%E3%82%AD%E3%83%83%E3%83%81%E3%83%B3%E4%BE%BF%E5%88%A9%E3%82%B0%E3%83%83%E3%82%BA7%E9%81%B8: Unable to find the server at oauth2.googleapis.com
   ❌ Failed request for https://www.mikke-style.com/articles/20260424-2026%E5%B9%B4%E6%9C%80%E6%96%B0%E3%83%A1%E3%83%B3%E3%82%BA%E3%82%B9%E3%82%AD%E3%83%B3%E3%82%B1%E3%82%A2%E5%88%9D%E5%BF%83%E8%80%85%E5%BF%85%E8%A6%8B%E6%9C%AC%E5%BD%93%E3%81%AB%E8%B2%B7%E3%81%86: Unable to find the server at oauth2.googleapis.com
   ❌ Failed request for https://www.mikke-style.com/articles/20260424-2026%E5%B9%B4%E7%9D%A1%E7%9C%A0%E3%81%AE%E8%B3%AA%E3%82%92%E4%B8%8A%E3%81%92%E3%81%9F%E3%81%84%E4%BA%BA%E3%81%B8%E3%81%8A%E3%81%99%E3%81%99%E3%82%81%E5%BF%AB%E7%9C%A0%E3%82%B0%E3%83%83%E3%82%BA: Unable to find the server at oauth2.googleapis.com
   ❌ Failed request for https://www.mikke-style.com/articles/20260424-2026%E5%B9%B4%E8%87%AA%E5%AE%85%E3%81%A7%E3%81%A8%E3%81%A8%E3%81%AE%E3%81%86%E3%82%B5%E3%82%A6%E3%83%8A%E5%A5%BD%E3%81%8D%E3%81%8C%E9%81%B8%E3%81%B6%E3%81%8A%E3%81%99%E3%81%99%E3%82%81%E6%B8%A9: Unable to find the server at oauth2.googleapis.com
   ❌ Failed request for https://www.mikke-style.com/articles/20260426-2026%E5%B9%B4%E4%BF%9D%E5%AD%98%E7%89%88%E9%98%B2%E7%81%BD%E3%82%A2%E3%82%A6%E3%83%88%E3%83%89%E3%82%A2%E3%81%AB%E5%BD%B9%E7%AB%8B%E3%81%A4%E3%83%9D%E3%83%BC%E3%82%BF%E3%83%96%E3%83%AB%E9%9B%BB: Unable to find the server at oauth2.googleapis.com
   ❌ Failed request for https://www.mikke-style.com/articles/20260426-2026%E5%B9%B4%E6%9C%80%E6%96%B0%E5%81%A5%E5%BA%B7%E7%AE%A1%E7%90%86%E3%81%AB%E5%BD%B9%E7%AB%8B%E3%81%A4%E3%82%B9%E3%83%9E%E3%83%BC%E3%83%88%E3%82%A6%E3%82%A9%E3%83%83%E3%83%81%E3%81%8A%E3%81%99: Unable to find the server at oauth2.googleapis.com
   ❌ Failed request for https://www.mikke-style.com/articles/20260426-2026%E5%B9%B4%E6%9C%80%E6%96%B0%E5%A4%B1%E6%95%97%E3%81%97%E3%81%AA%E3%81%84%E3%83%8E%E3%82%A4%E3%82%BA%E3%82%AD%E3%83%A3%E3%83%B3%E3%82%BB%E3%83%AA%E3%83%B3%E3%82%B0%E6%90%AD%E8%BC%89%E3%83%AF: Unable to find the server at oauth2.googleapis.com
   ❌ Failed request for https://www.mikke-style.com/articles/20260427-2026%E5%B9%B4%E7%BE%8E%E5%AE%B9%E5%A5%BD%E3%81%8D%E3%81%8C%E3%83%AA%E3%83%94%E8%B2%B7%E3%81%84%E8%A9%B1%E9%A1%8C%E3%81%AE%E9%9F%93%E5%9B%BD%E3%82%B3%E3%82%B9%E3%83%A1%E3%81%8A%E3%81%99%E3%81%99: Unable to find the server at oauth2.googleapis.com
   ❌ Failed request for https://www.mikke-style.com/articles/20260427-%E3%83%87%E3%82%B9%E3%82%AF%E3%81%AB%E9%9D%99%E3%81%91%E3%81%95%E3%82%92%E8%A8%AD%E8%A8%88%E3%81%99%E3%82%8B%E5%9C%A8%E5%AE%85%E3%83%AF%E3%83%BC%E3%82%AF%E7%92%B0%E5%A2%83%E3%82%92%E6%95%B4%E3%81%88%E3%82%8B%E3%82%AC%E3%82%B8: Unable to find the server at oauth2.googleapis.com
   ❌ Failed request for https://www.mikke-style.com/articles/20260429-%E6%98%8E%E6%97%A5%E3%81%AE%E6%9C%9D%E3%81%8C%E5%A4%89%E3%82%8F%E3%82%8B%E5%A4%9C%E3%81%AE%E9%AB%AA%E6%99%82%E9%96%93%E3%83%98%E3%82%A2%E3%83%88%E3%83%AA%E3%83%BC%E3%83%88%E3%83%A1%E3%83%B3%E3%83%88%E3%83%8A%E3%82%A4%E3%83%88: Unable to find the server at oauth2.googleapis.com
   ❌ Failed request for https://www.mikke-style.com/articles/20260429-%E8%B1%86%E3%81%8B%E3%82%89%E5%A7%8B%E3%81%BE%E3%82%8B%E6%9C%9D%E3%81%AE%E6%99%82%E9%96%93%E5%89%B2%E3%82%B9%E3%83%9A%E3%82%B7%E3%83%A3%E3%83%AB%E3%83%86%E3%82%A3%E3%82%B3%E3%83%BC%E3%83%92%E3%83%BC%E5%99%A8%E5%85%B76: Unable to find the server at oauth2.googleapis.com
   ❌ Failed request for https://www.mikke-style.com/articles/20260429-%E9%83%A8%E5%B1%8B%E3%81%AB%E4%BD%99%E7%99%BD%E3%82%92%E7%BD%AE%E3%81%8F%E4%B8%80%E4%BA%BA%E6%9A%AE%E3%82%89%E3%81%97%E3%83%9F%E3%83%8B%E3%83%9E%E3%83%AA%E3%82%B9%E3%83%88%E3%81%AE%E3%82%A4%E3%83%B3%E3%83%86%E3%83%AA%E3%82%A2: Unable to find the server at oauth2.googleapis.com
   ❌ Failed request for https://www.mikke-style.com/articles/20260430-%E8%82%8C%E3%81%8C%E5%83%8D%E3%81%8F%E5%A4%9C%E3%81%AE%E3%81%9F%E3%82%81%E3%81%AB%E9%9F%93%E5%9B%BD%E7%99%BA%E3%83%8A%E3%82%A4%E3%83%88%E3%82%B9%E3%82%AD%E3%83%B3%E3%82%B1%E3%82%A26%E9%81%B8: Unable to find the server at oauth2.googleapis.com
   ❌ Failed request for https://www.mikke-style.com/articles/20260501-%E8%80%B3%E3%81%AB%E6%AD%A3%E7%9B%B4%E3%81%AA%E9%9F%B3%E3%82%92%E5%B1%8A%E3%81%91%E3%82%8B%E3%83%97%E3%83%AC%E3%83%9F%E3%82%A2%E3%83%A0%E3%83%AF%E3%82%A4%E3%83%A4%E3%83%AC%E3%82%B9%E3%82%A4%E3%83%A4%E3%83%95%E3%82%A9%E3%83%B3: Unable to find the server at oauth2.googleapis.com
   ❌ Failed request for https://www.mikke-style.com/articles/20260504-%E9%9D%99%E9%9F%B3%E3%81%A8%E9%9B%86%E4%B8%AD%E3%82%92%E6%9C%BA%E3%81%AE%E4%B8%8A%E3%81%AB%E8%A8%AD%E8%A8%88%E3%81%99%E3%82%8B%E5%9C%A8%E5%AE%85%E3%83%AF%E3%83%BC%E3%82%AF%E7%92%B0%E5%A2%83%E3%82%92%E6%95%B4%E3%81%88%E3%82%8B: Unable to find the server at oauth2.googleapis.com
   ❌ Failed request for https://www.mikke-style.com/articles/20260505-%E5%A4%9C%E3%81%AE%E7%A9%BA%E6%B0%97%E3%82%92%E9%A6%99%E3%82%8A%E3%81%A7%E5%A1%97%E3%82%8A%E6%9B%BF%E3%81%88%E3%82%8B%E3%83%AB%E3%83%BC%E3%83%A0%E3%83%95%E3%83%AC%E3%82%B0%E3%83%A9%E3%83%B3%E3%82%B96%E9%81%B8: Unable to find the server at oauth2.googleapis.com
   ❌ Failed request for https://www.mikke-style.com/articles/20260507-%E6%B5%B4%E5%AE%A4%E3%82%92%E4%B8%80%E6%97%A5%E3%81%AE%E7%B5%82%E3%82%8F%E3%82%8A%E3%81%AE%E8%81%96%E5%9F%9F%E3%81%AB%E3%83%90%E3%82%B9%E3%82%BF%E3%82%A4%E3%83%A0%E3%82%B1%E3%82%A2%E3%82%B0%E3%83%83%E3%82%BA6%E9%81%B8: Unable to find the server at oauth2.googleapis.com
   ❌ Failed request for https://www.mikke-style.com/articles/20260508-%E7%94%B7%E3%81%AE%E8%82%8C%E3%82%82%E6%95%B4%E3%81%86%E6%99%82%E4%BB%A3%E3%81%B8%E3%83%A1%E3%83%B3%E3%82%BA%E3%82%B9%E3%82%AD%E3%83%B3%E3%82%B1%E3%82%A2%E3%82%92%E6%9C%AC%E6%A0%BC%E5%8C%96%E3%81%99%E3%82%8B%E7%BE%8E%E5%AE%B9: Unable to find the server at oauth2.googleapis.com
   ❌ Failed request for https://www.mikke-style.com/articles/20260509-%E6%96%99%E7%90%86%E3%81%8C%E5%A4%89%E3%82%8F%E3%82%8B%E9%81%93%E5%85%B7%E3%82%92%E5%A4%89%E3%81%88%E3%82%8B%E3%81%A0%E3%81%91%E3%81%A7%E6%9C%AC%E6%A0%BC%E3%82%AD%E3%83%83%E3%83%81%E3%83%B3%E3%83%84%E3%83%BC%E3%83%AB6: Unable to find the server at oauth2.googleapis.com
   ❌ Failed request for https://www.mikke-style.com/articles/20260509-%E9%AB%AA%E3%82%92%E3%81%A1%E3%82%83%E3%82%93%E3%81%A8%E3%81%84%E3%81%9F%E3%82%8F%E3%82%8B%E3%82%B5%E3%83%AD%E3%83%B3%E5%93%81%E8%B3%AA%E3%83%98%E3%82%A2%E3%82%B1%E3%82%A2%E3%82%A2%E3%82%A4%E3%83%86%E3%83%A06%E9%81%B8: Unable to find the server at oauth2.googleapis.com
   ❌ Failed request for https://www.mikke-style.com/articles/20260510-%E6%9C%BA%E3%81%AE%E4%B8%8A%E3%81%AB%E4%BB%95%E4%BA%8B%E3%81%AE%E4%BD%99%E7%99%BD%E3%82%92%E4%BD%9C%E3%82%8B%E5%9C%A8%E5%AE%85%E3%83%AF%E3%83%BC%E3%82%AB%E3%83%BC%E3%81%8C%E9%81%B8%E3%81%B6%E4%B8%8A%E8%B3%AA%E3%83%87%E3%82%B9: Unable to find the server at oauth2.googleapis.com
   ❌ Failed request for https://www.mikke-style.com/articles/20260510-%E9%9F%B3%E3%81%8C%E5%A4%89%E3%82%8F%E3%82%8B%E3%81%A8%E6%AF%8E%E6%97%A5%E3%81%8C%E5%A4%89%E3%82%8F%E3%82%8B%E3%81%93%E3%81%A0%E3%82%8F%E3%82%8A%E3%81%AE%E3%83%98%E3%83%83%E3%83%89%E3%83%9B%E3%83%B3%E3%82%A4%E3%83%A4%E3%83%9B: Unable to find the server at oauth2.googleapis.com
   ❌ Failed request for https://www.mikke-style.com/articles/20260511-%E7%81%AF%E3%82%92%E8%90%BD%E3%81%A8%E3%81%97%E3%81%A6%E3%81%8B%E3%82%89%E8%82%8C%E3%81%A8%E5%90%91%E3%81%8D%E5%90%88%E3%81%86%E5%A4%9C%E5%B0%B1%E5%AF%9D%E5%89%8D%E3%83%8A%E3%82%A4%E3%83%88%E3%82%B1%E3%82%A2%E3%82%B3%E3%82%B9: Unable to find the server at oauth2.googleapis.com
   ❌ Failed request for https://www.mikke-style.com/articles/20260511-%E9%9B%86%E4%B8%AD%E3%82%92%E5%A6%A8%E3%81%92%E3%81%AA%E3%81%84%E7%A7%98%E5%AF%86%E5%9F%BA%E5%9C%B0%E5%9C%A8%E5%AE%85%E3%83%AF%E3%83%BC%E3%82%AF%E3%81%AE%E8%B3%AA%E3%82%92%E9%AB%98%E3%82%81%E3%82%8B%E3%83%87%E3%82%B9%E3%82%AF: Unable to find the server at oauth2.googleapis.com
   ❌ Failed request for https://www.mikke-style.com/articles/20260512-%E9%83%A8%E5%B1%8B%E3%81%AB%E4%BD%99%E7%99%BD%E3%81%A8%E3%82%86%E3%81%A8%E3%82%8A%E3%82%92%E7%B4%A1%E3%81%90%E7%9C%81%E3%82%B9%E3%83%9A%E3%83%BC%E3%82%B9%E3%82%92%E5%8F%B6%E3%81%88%E3%82%8B%E9%9D%99%E9%9F%B3%E4%BE%BF%E5%88%A9: Unable to find the server at oauth2.googleapis.com
   ❌ Failed request for https://www.mikke-style.com/articles/20260513-%E5%A4%9C%E3%81%AE%E8%82%8C%E6%99%82%E9%96%93%E3%82%92%E4%B8%81%E5%AF%A7%E3%81%AB%E3%82%B9%E3%82%AD%E3%83%B3%E3%82%B1%E3%82%A2%E3%83%98%E3%82%A2%E3%82%B1%E3%82%A2%E3%81%AE%E6%9C%AC%E5%91%BD%E3%82%B3%E3%82%B9%E3%83%A16: Unable to find the server at oauth2.googleapis.com
   ❌ Failed request for https://www.mikke-style.com/articles/20260513-%E6%AF%8E%E6%9C%9D%E3%81%AE%E8%B3%AA%E3%81%8C%E5%A4%89%E3%82%8F%E3%82%8B%E7%94%9F%E6%B4%BB%E3%82%92%E6%95%B4%E3%81%88%E3%82%8B%E4%BE%BF%E5%88%A9%E3%82%B0%E3%83%83%E3%82%BA6%E9%81%B8: Unable to find the server at oauth2.googleapis.com
   ❌ Failed request for https://www.mikke-style.com/articles/20260514-%E6%AF%8E%E6%97%A5%E3%81%AE%E5%8F%B0%E6%89%80%E3%81%8C%E5%A5%BD%E3%81%8D%E3%81%AB%E3%81%AA%E3%82%8B%E3%82%AD%E3%83%83%E3%83%81%E3%83%B3%E9%9B%91%E8%B2%A8%E4%BF%9D%E5%AD%98%E5%AE%B9%E5%99%A8%E8%AA%BF%E7%90%86%E9%81%93%E5%85%B7: Unable to find the server at oauth2.googleapis.com
   ❌ Failed request for https://www.mikke-style.com/articles/20260515-%E5%AF%9D%E5%AE%A4%E3%81%AE%E7%A9%BA%E6%B0%97%E3%82%92%E9%A6%99%E3%82%8A%E3%81%8B%E3%82%89%E8%A8%AD%E8%A8%88%E3%81%99%E3%82%8B%E5%A4%9C%E3%82%A4%E3%83%B3%E3%83%86%E3%83%AA%E3%82%A2%E3%83%95%E3%83%AC%E3%82%B0%E3%83%A9%E3%83%B3: Unable to find the server at oauth2.googleapis.com
   ❌ Failed request for https://www.mikke-style.com/articles/20260516-%E5%A4%9C%E3%81%AE%E9%9D%99%E5%AF%82%E3%81%AB%E6%B4%BB%E5%AD%97%E3%81%8C%E6%BA%B6%E3%81%91%E3%82%8B%E9%9B%BB%E5%AD%90%E6%9B%B8%E7%B1%8D%E3%83%AA%E3%83%BC%E3%83%80%E3%83%BCe%E3%82%A4%E3%83%B3%E3%82%AF%E3%83%87%E3%83%90: Unable to find the server at oauth2.googleapis.com
   ❌ Failed request for https://www.mikke-style.com/articles/20260517-%E9%9F%B3%E3%81%A7%E5%A4%89%E3%82%8F%E3%82%8B%E6%9C%9D%E3%81%AE%E3%83%AA%E3%82%BA%E3%83%A0%E3%83%8E%E3%82%A4%E3%82%BA%E3%82%AD%E3%83%A3%E3%83%B3%E3%82%BB%E3%83%AA%E3%83%B3%E3%82%B0%E3%82%A4%E3%83%A4%E3%83%9B%E3%83%B3-: Unable to find the server at oauth2.googleapis.com
   ❌ Failed request for https://www.mikke-style.com/articles/20260518-%E7%84%9A%E3%81%8D%E7%81%AB%E3%81%AE%E5%A4%9C%E3%81%8C%E3%82%82%E3%81%A3%E3%81%A8%E5%A5%BD%E3%81%8D%E3%81%AB%E3%81%AA%E3%82%8B%E3%82%AD%E3%83%A3%E3%83%B3%E3%83%97%E3%82%A2%E3%82%A6%E3%83%88%E3%83%89%E3%82%A2%E3%82%AE%E3%82%A2: Unable to find the server at oauth2.googleapis.com
   ❌ Failed request for https://www.mikke-style.com/articles/20260519-%E7%84%9A%E3%81%8D%E7%81%AB%E3%81%AE%E5%89%8D%E3%81%AE%E9%9D%99%E3%81%8B%E3%81%AA%E6%99%82%E9%96%93%E3%82%A2%E3%82%A6%E3%83%88%E3%83%89%E3%82%A2%E3%82%AE%E3%82%A2-%E7%B2%BE%E9%8B%AD6%E9%81%B8: Unable to find the server at oauth2.googleapis.com
   ❌ Failed request for https://www.mikke-style.com/articles/20260520-2026%E5%B9%B4%E6%9C%80%E6%96%B0%E3%83%97%E3%83%AD%E3%81%8C%E5%8E%B3%E9%81%B8%E3%82%A8%E3%82%A4%E3%82%B8%E3%83%B3%E3%82%B0%E3%82%B1%E3%82%A2%E7%BE%8E%E5%AE%B9%E6%B6%B2%E3%81%8A%E3%81%99%E3%81%99%E3%82%81%E4%BA%BA%E6%B0%97%E3%83%A9%E3%83%B3: Unable to find the server at oauth2.googleapis.com
   ❌ Failed request for https://www.mikke-style.com/articles/20260520-2026%E5%B9%B4%E7%89%88%E5%9C%A8%E5%AE%85%E3%83%AF%E3%83%BC%E3%82%AF%E3%81%AE%E7%94%9F%E7%94%A3%E6%80%A7%E3%82%92%E6%9C%80%E5%A4%A7%E5%8C%96%E5%BF%AB%E9%81%A9%E3%81%AA%E3%83%87%E3%82%B9%E3%82%AF%E7%92%B0%E5%A2%83%E3%82%92%E5%8F%B6%E3%81%88: Unable to find the server at oauth2.googleapis.com
   ❌ Failed request for https://www.mikke-style.com/articles/20260521-%E5%85%89%E3%81%AE%E8%B3%AA%E3%81%8C%E9%83%A8%E5%B1%8B%E3%81%AE%E6%99%82%E9%96%93%E3%82%92%E5%A4%89%E3%81%88%E3%82%8B%E3%82%A4%E3%83%B3%E3%83%86%E3%83%AA%E3%82%A2%E7%85%A7%E6%98%8E%E3%83%86%E3%83%BC%E3%83%96%E3%83%AB%E3%83%A9: Unable to find the server at oauth2.googleapis.com
   ❌ Failed request for https://www.mikke-style.com/articles/20260521-%E6%9B%B8%E3%81%8F%E3%81%93%E3%81%A8%E3%81%A7%E6%80%9D%E8%80%83%E3%81%8C%E7%A0%94%E3%81%8E%E6%BE%84%E3%81%BE%E3%81%95%E3%82%8C%E3%82%8B%E6%89%8B%E6%9B%B8%E3%81%8D%E6%B4%BE%E3%81%AE%E3%81%9F%E3%82%81%E3%81%AE%E3%83%8E%E3%83%BC: Unable to find the server at oauth2.googleapis.com
   ❌ Failed request for https://www.mikke-style.com/articles/20260522-%E7%84%9A%E3%81%8D%E7%81%AB%E3%81%AE%E5%89%8D%E3%81%AB%E9%81%93%E5%85%B7%E3%82%92%E9%81%B8%E3%81%B6%E3%82%AD%E3%83%A3%E3%83%B3%E3%83%97%E8%AA%BF%E7%90%86%E3%82%92%E6%B7%B1%E3%82%81%E3%82%8B%E9%81%93%E5%85%B76%E9%81%B8: Unable to find the server at oauth2.googleapis.com
   ❌ Failed request for https://www.mikke-style.com/articles/20260523-2026%E5%B9%B4%E6%9C%80%E6%96%B0%E6%97%A5%E7%84%BC%E3%81%91%E6%AD%A2%E3%82%81%E3%81%8A%E3%81%99%E3%81%99%E3%82%81%E4%BA%BA%E6%B0%97%E3%83%A9%E3%83%B3%E3%82%AD%E3%83%B3%E3%82%B0%E7%B5%B6%E5%AF%BE%E3%81%AB%E7%84%BC%E3%81%8B%E3%81%AA%E3%81%84: Unable to find the server at oauth2.googleapis.com
   ❌ Failed request for https://www.mikke-style.com/articles/20260523-%E3%82%82%E3%81%97%E3%82%82%E3%82%92%E6%97%A5%E5%B8%B8%E3%81%AB%E3%81%99%E3%82%8B%E9%98%B2%E7%81%BD%E3%83%9D%E3%83%BC%E3%83%81%E3%81%AB%E5%85%A5%E3%82%8C%E3%81%9F%E3%81%84%E3%82%B0%E3%83%83%E3%82%BA6%E9%81%B8: Unable to find the server at oauth2.googleapis.com
   ❌ Failed request for https://www.mikke-style.com/articles/20260523-%E7%9B%AE%E8%A6%9A%E3%82%81%E3%81%AE%E8%89%AF%E3%81%95%E3%81%AF%E5%A4%9C%E3%81%AB%E8%A8%AD%E8%A8%88%E3%81%95%E3%82%8C%E3%82%8B%E7%9D%A1%E7%9C%A0%E7%92%B0%E5%A2%83%E3%82%92%E6%95%B4%E3%81%88%E3%82%8B%E5%AF%9D%E5%AE%A4%E3%82%A2: Unable to find the server at oauth2.googleapis.com
   ❌ Failed request for https://www.mikke-style.com/articles/20260524-%E6%9C%9D%E3%81%AE5%E5%88%86%E3%82%92%E4%BD%93%E3%81%AB%E8%BF%94%E3%81%99%E5%9C%A8%E5%AE%85%E3%83%AF%E3%83%BC%E3%82%AB%E3%83%BC%E3%81%8C%E9%81%B8%E3%81%B6%E3%82%B9%E3%83%88%E3%83%AC%E3%83%83%E3%83%81%E3%82%B1%E3%82%A2: Unable to find the server at oauth2.googleapis.com
   ❌ Failed request for https://www.mikke-style.com/articles/20260525-smartwatch-comparison: Unable to find the server at oauth2.googleapis.com
   ❌ Failed request for https://www.mikke-style.com/articles/20260525-%E5%8F%B0%E6%89%80%E3%81%AB%E8%81%B7%E4%BA%BA%E3%81%AE%E6%84%8F%E5%BF%97%E3%82%92%E7%BD%AE%E3%81%8F%E6%96%99%E7%90%86%E5%A5%BD%E3%81%8D%E3%81%8C%E8%AA%8D%E3%82%81%E3%82%8B%E6%9C%AC%E6%A0%BC%E3%82%AD%E3%83%83%E3%83%81%E3%83%B3: Unable to find the server at oauth2.googleapis.com
   ❌ Failed request for https://www.mikke-style.com/articles/20260526-best-shampoos-for-damaged-hair: Unable to find the server at oauth2.googleapis.com
   ❌ Failed request for https://www.mikke-style.com/articles/20260526-daily-life-water-bottle-guide: Unable to find the server at oauth2.googleapis.com
   ❌ Failed request for https://www.mikke-style.com/articles/20260526-mac-mini-monitors: Unable to find the server at oauth2.googleapis.com
   ❌ Failed request for https://www.mikke-style.com/articles/20260526-stroller-selection-guide: Unable to find the server at oauth2.googleapis.com
   ❌ Failed request for https://www.mikke-style.com/articles/20260526-%E7%84%9A%E3%81%8D%E7%81%AB%E3%81%AE%E5%89%8D%E3%81%AB%E9%81%93%E5%85%B7%E3%82%92%E9%81%B8%E3%81%B6%E3%82%AD%E3%83%A3%E3%83%B3%E3%83%97%E8%AA%BF%E7%90%86%E3%82%92%E6%B7%B1%E3%82%81%E3%82%8B%E9%81%93%E5%85%B76%E9%81%B8: Unable to find the server at oauth2.googleapis.com
   ❌ Failed request for https://www.mikke-style.com/articles/20260529-aroma-diffusers: Unable to find the server at oauth2.googleapis.com
   ❌ Failed request for https://www.mikke-style.com/articles/20260529-hair-dryers: Unable to find the server at oauth2.googleapis.com
   ❌ Failed request for https://www.mikke-style.com/articles/20260529-regal-business-shoes: Unable to find the server at oauth2.googleapis.com
   ❌ Failed request for https://www.mikke-style.com/articles/20260530-keyboards: Unable to find the server at oauth2.googleapis.com
   ❌ Failed request for https://www.mikke-style.com/articles/20260530-%E6%A4%8D%E7%89%A9%E8%82%B2%E6%88%90%E3%83%A9%E3%82%A4%E3%83%88%E3%81%AE%E3%81%8A%E3%81%99%E3%81%99%E3%82%81%E4%BA%BA%E6%B0%97%E3%83%A9%E3%83%B3%E3%82%AD%E3%83%B3%E3%82%B0: Unable to find the server at oauth2.googleapis.com
   ❌ Failed request for https://www.mikke-style.com/articles/20260531-aquarium-led-lights: Unable to find the server at oauth2.googleapis.com
   ❌ Failed request for https://www.mikke-style.com/articles/20260531-umbrellas: Unable to find the server at oauth2.googleapis.com
   ❌ Failed request for https://www.mikke-style.com/articles/20260603-eyeliner-comparison: Unable to find the server at oauth2.googleapis.com
   ❌ Failed request for https://www.mikke-style.com/articles/20260607-cleansing-oil: Unable to find the server at oauth2.googleapis.com
   ❌ Failed request for https://www.mikke-style.com/articles/20260607-serum: Unable to find the server at oauth2.googleapis.com
   ❌ Failed request for https://www.mikke-style.com/articles/20260608-face-mask: Unable to find the server at oauth2.googleapis.com
   ❌ Failed request for https://www.mikke-style.com/articles/20260608-toner: Unable to find the server at oauth2.googleapis.com
   ❌ Failed request for https://www.mikke-style.com/articles/20260609-cleansing-balm: Unable to find the server at oauth2.googleapis.com
   ❌ Failed request for https://www.mikke-style.com/articles/20260610-cleanser: Unable to find the server at oauth2.googleapis.com
   ❌ Failed request for https://www.mikke-style.com/articles/20260610-cleansing-gel: Unable to find the server at oauth2.googleapis.com
   ❌ Failed request for https://www.mikke-style.com/articles/20260611-booster: Unable to find the server at oauth2.googleapis.com
   ❌ Failed request for https://www.mikke-style.com/articles/20260611-lip-serum: Unable to find the server at oauth2.googleapis.com
   ❌ Failed request for https://www.mikke-style.com/articles/20260612-emulsion: Unable to find the server at oauth2.googleapis.com
   ❌ Failed request for https://www.mikke-style.com/articles/20260612-face-cream: Unable to find the server at oauth2.googleapis.com
   ❌ Failed request for https://www.mikke-style.com/articles/20260613-daily-pack: Unable to find the server at oauth2.googleapis.com
   ❌ Failed request for https://www.mikke-style.com/articles/20260614-affordable-cleanser: Unable to find the server at oauth2.googleapis.com
   ❌ Failed request for https://www.mikke-style.com/articles/20260614-peeling-serum: Unable to find the server at oauth2.googleapis.com
   ❌ Failed request for https://www.mikke-style.com/articles/20260615-mens-face-wash: Unable to find the server at oauth2.googleapis.com
   ❌ Failed request for https://www.mikke-style.com/articles/20260615-sheet-masks-for-40s: Unable to find the server at oauth2.googleapis.com
   ❌ Failed request for https://www.mikke-style.com/articles/20260616-face-wash: Unable to find the server at oauth2.googleapis.com
   ❌ Failed request for https://www.mikke-style.com/articles/20260616-hand-cream: Unable to find the server at oauth2.googleapis.com
   ❌ Failed request for https://www.mikke-style.com/articles/20260617-wet-cleanser: Unable to find the server at oauth2.googleapis.com
   ❌ Failed request for https://www.mikke-style.com/articles/20260618-affordable-booster: Unable to find the server at oauth2.googleapis.com
   ❌ Failed request for https://www.mikke-style.com/articles/20260619-cleansing-balm: Unable to find the server at oauth2.googleapis.com
   ❌ Failed request for https://www.mikke-style.com/articles/20260619-mascara: Unable to find the server at oauth2.googleapis.com
   ❌ Failed request for https://www.mikke-style.com/articles/20260620-article-001: Unable to find the server at oauth2.googleapis.com
   ❌ Failed request for https://www.mikke-style.com/articles/20260620-serum: Unable to find the server at oauth2.googleapis.com
   ❌ Failed request for https://www.mikke-style.com/articles/20260621-article-001: Unable to find the server at oauth2.googleapis.com
   ❌ Failed request for https://www.mikke-style.com/articles/20260621-serum: Unable to find the server at oauth2.googleapis.com
   ❌ Failed request for https://www.mikke-style.com/articles/20260622-article-001: Unable to find the server at oauth2.googleapis.com
   ❌ Failed request for https://www.mikke-style.com/articles/20260622-toner: Unable to find the server at oauth2.googleapis.com
   ❌ Failed request for https://www.mikke-style.com/articles/20260624-beauty: Unable to find the server at oauth2.googleapis.com
   ❌ Failed request for https://www.mikke-style.com/articles/20260624-treatment: Unable to find the server at oauth2.googleapis.com
   ❌ Failed request for https://www.mikke-style.com/articles/20260625-beauty: Unable to find the server at oauth2.googleapis.com
   ❌ Failed request for https://www.mikke-style.com/articles/20260625-serum: Unable to find the server at oauth2.googleapis.com
   ❌ Failed request for https://www.mikke-style.com/articles/20260626-beauty: Unable to find the server at oauth2.googleapis.com
   ❌ Failed request for https://www.mikke-style.com/articles/20260627-beauty: Unable to find the server at oauth2.googleapis.com
   ❌ Failed request for https://www.mikke-style.com/articles/20260628-beauty: Unable to find the server at oauth2.googleapis.com
   ❌ Failed request for https://www.mikke-style.com/articles/20260629-beauty: Unable to find the server at oauth2.googleapis.com
   ❌ Failed request for https://www.mikke-style.com/articles/20260707-beauty-2: Unable to find the server at oauth2.googleapis.com
   ❌ Failed request for https://www.mikke-style.com/articles/20260707-beauty: Unable to find the server at oauth2.googleapis.com
   ❌ Failed request for https://www.mikke-style.com/articles/20260708-beauty-1: Unable to find the server at oauth2.googleapis.com
   ❌ Failed request for https://www.mikke-style.com/articles/20260708-beauty-2: Unable to find the server at oauth2.googleapis.com
   ❌ Failed request for https://www.mikke-style.com/articles/20260709-beauty-1: Unable to find the server at oauth2.googleapis.com
   ❌ Failed request for https://www.mikke-style.com/articles/20260709-cream: Unable to find the server at oauth2.googleapis.com
   ❌ Failed request for https://www.mikke-style.com/articles/cleansing-oil-real: Unable to find the server at oauth2.googleapis.com
✅ Indexing requests sent: 0/110
🔄 [Step 3] Analyzing GA4 Traffic and PV Growth...
❌ GA4 fetch failed: 503 errors resolving analyticsdata.googleapis.com:443: [field:hostname lookup error:address lookup failed for analyticsdata.googleapis.com:443: Could not contact DNS servers]
🔄 [Step 4] Detecting Articles with low internal links (< 3)...

⚠️ --- Articles with Low Internal Links (< 3) ---
Article Slug                                                      | Internal Links Count
------------------------------------------------------------------------------------------
20260709-cream                                                    | 0                   
20260530-植物育成ライトのおすすめ人気ランキング                                      | 0                   
20260516-夜の静寂に活字が溶ける電子書籍リーダーeインクデバ                                | 1                   
20260412-2026年春テレワークが劇的に捗るデスク周りのおすすめガジェ                           | 1                   
20260712-serum                                                    | 0                   
20260507-浴室を一日の終わりの聖域にバスタイムケアグッズ6選                                | 1                   
20260512-部屋に余白とゆとりを紡ぐ省スペースを叶える静音便利                                | 2                   
20260708-beauty-1                                                 | 0                   
20260711-cleansing-balm-2                                         | 0                   
20260523-2026年最新日焼け止めおすすめ人気ランキング絶対に焼かない                           | 0                   
20260714-spf                                                      | 0                   
20260413-2026年最新忙しい朝を劇的に変える暮らしの質が上がる厳選時                           | 2                   
20260713-cream                                                    | 0                   
20260707-beauty                                                   | 0                   
20260420-新製品レビュー：最新の日焼け止めクリーム                                     | 1                   
20260521-書くことで思考が研ぎ澄まされる手書き派のためのノー                                | 1                   
20260509-髪をちゃんといたわるサロン品質ヘアケアアイテム6選                                | 1                   
20260714-serum                                                    | 0                   
20260716-lip                                                      | 0                   
20260525-smartwatch-comparison                                    | 0                   
20260520-2026年最新プロが厳選エイジングケア美容液おすすめ人気ラン                           | 0                   
20260709-beauty-1                                                 | 0                   
20260707-beauty-2                                                 | 0                   
20260517-音で変わる朝のリズムノイズキャンセリングイヤホン-                                | 1                   
20260429-豆から始まる朝の時間割スペシャルティコーヒー器具6                                | 2                   
20260713-cleanser                                                 | 0                   
20260518-焚き火の夜がもっと好きになるキャンプアウトドアギア                                | 1                   
20260519-焚き火の前の静かな時間アウトドアギア-精鋭6選                                  | 1                   
20260711-cleansing-balm                                           | 0                   
20260712-cleansing                                                | 0                   
20260708-beauty-2                                                 | 0                   
20260412-2026年春テレワークが劇的に捗るデスク周りのおすすめガジェ-fix                       | 0                   
20260715-spf                                                      | 0                   
20260715-cleanser                                                 | 0                   
20260515-寝室の空気を香りから設計する夜インテリアフレグラン                                | 1                   
------------------------------------------------------------------------------------------
Total articles with low links: 35

=== SEO Automation Run Finished ===

/Users/tsukika/Library/Python/3.9/lib/python/site-packages/google/oauth2/__init__.py:40: FutureWarning: You are using a Python version 3.9 past its end of life. Google will update google-auth with critical bug fixes on a best-effort basis, but not with any other fixes or features. Please upgrade your Python version, and then update google-auth.
  warnings.warn(eol_message.format("3.9"), FutureWarning)
/Users/tsukika/Library/Python/3.9/lib/python/site-packages/google/auth/__init__.py:54: FutureWarning: You are using a Python version 3.9 past its end of life. Google will update google-auth with critical bug fixes on a best-effort basis, but not with any other fixes or features. Please upgrade your Python version, and then update google-auth.
  warnings.warn(eol_message.format("3.9"), FutureWarning)
/Users/tsukika/Library/Python/3.9/lib/python/site-packages/google/api_core/_python_version_support.py:242: FutureWarning: You are using a non-supported Python version (3.9.6). Google will not post any further updates to google.api_core supporting this Python version. Please upgrade to the latest Python version, or at least Python 3.10, and then update google.api_core.
  warnings.warn(message, FutureWarning)
/Users/tsukika/Library/Python/3.9/lib/python/site-packages/urllib3/__init__.py:35: NotOpenSSLWarning: urllib3 v2 only supports OpenSSL 1.1.1+, currently the 'ssl' module is compiled with 'LibreSSL 2.8.3'. See: https://github.com/urllib3/urllib3/issues/3020
  warnings.warn(
/Users/tsukika/Library/Python/3.9/lib/python/site-packages/google/api_core/_python_version_support.py:242: FutureWarning: You are using a non-supported Python version (3.9.6). Google will not post any further updates to google.analytics.data_v1beta supporting this Python version. Please upgrade to the latest Python version, or at least Python 3.10, and then update google.analytics.data_v1beta.
  warnings.warn(message, FutureWarning)
=== SEO Automation Run: 2026-07-17 22:05:01 ===
🔄 [Step 1] Updating Sitemap via Next-Sitemap...
❌ Failed to update sitemap: [Errno 2] No such file or directory: 'npx'
🔄 [Step 2] Sending URL Indexing Requests...
🔑 Authenticating with OAuth 2.0 Playground credentials...
   ❌ Failed request for https://www.mikke-style.com/articles/20260412-2026%E5%B9%B4%E6%98%A5%E3%83%86%E3%83%AC%E3%83%AF%E3%83%BC%E3%82%AF%E3%81%8C%E5%8A%87%E7%9A%84%E3%81%AB%E6%8D%97%E3%82%8B%E3%83%87%E3%82%B9%E3%82%AF%E5%91%A8%E3%82%8A%E3%81%AE%E3%81%8A%E3%81%99%E3%81%99%E3%82%81%E3%82%AC%E3%82%B8%E3%82%A7: ('invalid_grant: Bad Request', {'error': 'invalid_grant', 'error_description': 'Bad Request'})
   ❌ Failed request for https://www.mikke-style.com/articles/20260413-2026%E5%B9%B4%E6%9C%80%E6%96%B0%E5%BF%99%E3%81%97%E3%81%84%E6%9C%9D%E3%82%92%E5%8A%87%E7%9A%84%E3%81%AB%E5%A4%89%E3%81%88%E3%82%8B%E6%9A%AE%E3%82%89%E3%81%97%E3%81%AE%E8%B3%AA%E3%81%8C%E4%B8%8A%E3%81%8C%E3%82%8B%E5%8E%B3%E9%81%B8%E6%99%82: ('invalid_grant: Bad Request', {'error': 'invalid_grant', 'error_description': 'Bad Request'})
   ❌ Failed request for https://www.mikke-style.com/articles/20260415-gw-travel-outdoor: ('invalid_grant: Bad Request', {'error': 'invalid_grant', 'error_description': 'Bad Request'})
   ❌ Failed request for https://www.mikke-style.com/articles/20260418-skincare-spring: ('invalid_grant: Bad Request', {'error': 'invalid_grant', 'error_description': 'Bad Request'})
   ❌ Failed request for https://www.mikke-style.com/articles/20260419-ps5-apple-a19-hikaku: ('invalid_grant: Bad Request', {'error': 'invalid_grant', 'error_description': 'Bad Request'})
   ❌ Failed request for https://www.mikke-style.com/articles/20260420-%E6%96%B0%E8%A3%BD%E5%93%81%E3%83%AC%E3%83%93%E3%83%A5%E3%83%BC%EF%BC%9A%E6%9C%80%E6%96%B0%E3%81%AE%E6%97%A5%E7%84%BC%E3%81%91%E6%AD%A2%E3%82%81%E3%82%AF%E3%83%AA%E3%83%BC%E3%83%A0: ('invalid_grant: Bad Request', {'error': 'invalid_grant', 'error_description': 'Bad Request'})
   ❌ Failed request for https://www.mikke-style.com/articles/20260420-%E6%98%A5%E3%81%AE%E6%96%B0%E7%94%9F%E6%B4%BB%E3%81%AB%E3%81%B4%E3%81%A3%E3%81%9F%E3%82%8A%E3%81%AE%E3%82%A4%E3%83%B3%E3%83%86%E3%83%AA%E3%82%A2%E3%82%A2%E3%82%A4%E3%83%86%E3%83%A0: ('invalid_grant: Bad Request', {'error': 'invalid_grant', 'error_description': 'Bad Request'})
   ❌ Failed request for https://www.mikke-style.com/articles/20260422-2026%E5%B9%B4%E6%98%A5%E8%8A%B1%E7%B2%89%E7%B4%AB%E5%A4%96%E7%B7%9A%E3%83%80%E3%83%96%E3%83%AB%E5%AF%BE%E7%AD%96%E8%82%8C%E3%82%92%E5%AE%88%E3%82%8B%E3%82%B9%E3%82%AD%E3%83%B3%E3%82%B1%E3%82%A2: ('invalid_grant: Bad Request', {'error': 'invalid_grant', 'error_description': 'Bad Request'})
   ❌ Failed request for https://www.mikke-style.com/articles/20260422-2026%E5%B9%B4%E6%9C%80%E6%96%B0%E5%88%9D%E5%BF%83%E8%80%85%E3%81%A7%E3%82%82%E4%BD%BF%E3%81%84%E3%82%84%E3%81%99%E3%81%84%E3%82%B3%E3%82%B9%E3%83%91%E6%9C%80%E5%BC%B7%E3%83%9F%E3%83%A9%E3%83%BC: ('invalid_grant: Bad Request', {'error': 'invalid_grant', 'error_description': 'Bad Request'})
   ❌ Failed request for https://www.mikke-style.com/articles/20260423-2026%E5%B9%B4%E6%9C%80%E6%96%B0%E4%B9%BE%E7%87%A5%E8%82%8C%E3%81%95%E3%82%93%E5%BF%85%E8%A6%8B%E3%83%97%E3%83%81%E3%83%97%E3%83%A9%E3%81%AA%E3%81%AE%E3%81%AB%E5%AE%9F%E5%8A%9B%E6%B4%BE%E3%82%B9: ('invalid_grant: Bad Request', {'error': 'invalid_grant', 'error_description': 'Bad Request'})
   ❌ Failed request for https://www.mikke-style.com/articles/20260423-%E6%99%82%E7%9F%AD%E3%83%A9%E3%82%AF%E5%AE%B6%E4%BA%8B%E6%96%99%E7%90%86%E3%81%8C%E6%A5%BD%E3%81%97%E3%81%8F%E3%81%AA%E3%82%8B%E3%82%AD%E3%83%83%E3%83%81%E3%83%B3%E4%BE%BF%E5%88%A9%E3%82%B0%E3%83%83%E3%82%BA7%E9%81%B8: ('invalid_grant: Bad Request', {'error': 'invalid_grant', 'error_description': 'Bad Request'})
   ❌ Failed request for https://www.mikke-style.com/articles/20260424-2026%E5%B9%B4%E6%9C%80%E6%96%B0%E3%83%A1%E3%83%B3%E3%82%BA%E3%82%B9%E3%82%AD%E3%83%B3%E3%82%B1%E3%82%A2%E5%88%9D%E5%BF%83%E8%80%85%E5%BF%85%E8%A6%8B%E6%9C%AC%E5%BD%93%E3%81%AB%E8%B2%B7%E3%81%86: ('invalid_grant: Bad Request', {'error': 'invalid_grant', 'error_description': 'Bad Request'})
   ❌ Failed request for https://www.mikke-style.com/articles/20260424-2026%E5%B9%B4%E7%9D%A1%E7%9C%A0%E3%81%AE%E8%B3%AA%E3%82%92%E4%B8%8A%E3%81%92%E3%81%9F%E3%81%84%E4%BA%BA%E3%81%B8%E3%81%8A%E3%81%99%E3%81%99%E3%82%81%E5%BF%AB%E7%9C%A0%E3%82%B0%E3%83%83%E3%82%BA: ('invalid_grant: Bad Request', {'error': 'invalid_grant', 'error_description': 'Bad Request'})
   ❌ Failed request for https://www.mikke-style.com/articles/20260424-2026%E5%B9%B4%E8%87%AA%E5%AE%85%E3%81%A7%E3%81%A8%E3%81%A8%E3%81%AE%E3%81%86%E3%82%B5%E3%82%A6%E3%83%8A%E5%A5%BD%E3%81%8D%E3%81%8C%E9%81%B8%E3%81%B6%E3%81%8A%E3%81%99%E3%81%99%E3%82%81%E6%B8%A9: ('invalid_grant: Bad Request', {'error': 'invalid_grant', 'error_description': 'Bad Request'})
   ❌ Failed request for https://www.mikke-style.com/articles/20260426-2026%E5%B9%B4%E4%BF%9D%E5%AD%98%E7%89%88%E9%98%B2%E7%81%BD%E3%82%A2%E3%82%A6%E3%83%88%E3%83%89%E3%82%A2%E3%81%AB%E5%BD%B9%E7%AB%8B%E3%81%A4%E3%83%9D%E3%83%BC%E3%82%BF%E3%83%96%E3%83%AB%E9%9B%BB: ('invalid_grant: Bad Request', {'error': 'invalid_grant', 'error_description': 'Bad Request'})
   ❌ Failed request for https://www.mikke-style.com/articles/20260426-2026%E5%B9%B4%E6%9C%80%E6%96%B0%E5%81%A5%E5%BA%B7%E7%AE%A1%E7%90%86%E3%81%AB%E5%BD%B9%E7%AB%8B%E3%81%A4%E3%82%B9%E3%83%9E%E3%83%BC%E3%83%88%E3%82%A6%E3%82%A9%E3%83%83%E3%83%81%E3%81%8A%E3%81%99: ('invalid_grant: Bad Request', {'error': 'invalid_grant', 'error_description': 'Bad Request'})
   ❌ Failed request for https://www.mikke-style.com/articles/20260426-2026%E5%B9%B4%E6%9C%80%E6%96%B0%E5%A4%B1%E6%95%97%E3%81%97%E3%81%AA%E3%81%84%E3%83%8E%E3%82%A4%E3%82%BA%E3%82%AD%E3%83%A3%E3%83%B3%E3%82%BB%E3%83%AA%E3%83%B3%E3%82%B0%E6%90%AD%E8%BC%89%E3%83%AF: ('invalid_grant: Bad Request', {'error': 'invalid_grant', 'error_description': 'Bad Request'})
   ❌ Failed request for https://www.mikke-style.com/articles/20260427-2026%E5%B9%B4%E7%BE%8E%E5%AE%B9%E5%A5%BD%E3%81%8D%E3%81%8C%E3%83%AA%E3%83%94%E8%B2%B7%E3%81%84%E8%A9%B1%E9%A1%8C%E3%81%AE%E9%9F%93%E5%9B%BD%E3%82%B3%E3%82%B9%E3%83%A1%E3%81%8A%E3%81%99%E3%81%99: ('invalid_grant: Bad Request', {'error': 'invalid_grant', 'error_description': 'Bad Request'})
   ❌ Failed request for https://www.mikke-style.com/articles/20260427-%E3%83%87%E3%82%B9%E3%82%AF%E3%81%AB%E9%9D%99%E3%81%91%E3%81%95%E3%82%92%E8%A8%AD%E8%A8%88%E3%81%99%E3%82%8B%E5%9C%A8%E5%AE%85%E3%83%AF%E3%83%BC%E3%82%AF%E7%92%B0%E5%A2%83%E3%82%92%E6%95%B4%E3%81%88%E3%82%8B%E3%82%AC%E3%82%B8: ('invalid_grant: Bad Request', {'error': 'invalid_grant', 'error_description': 'Bad Request'})
   ❌ Failed request for https://www.mikke-style.com/articles/20260429-%E6%98%8E%E6%97%A5%E3%81%AE%E6%9C%9D%E3%81%8C%E5%A4%89%E3%82%8F%E3%82%8B%E5%A4%9C%E3%81%AE%E9%AB%AA%E6%99%82%E9%96%93%E3%83%98%E3%82%A2%E3%83%88%E3%83%AA%E3%83%BC%E3%83%88%E3%83%A1%E3%83%B3%E3%83%88%E3%83%8A%E3%82%A4%E3%83%88: ('invalid_grant: Bad Request', {'error': 'invalid_grant', 'error_description': 'Bad Request'})
   ❌ Failed request for https://www.mikke-style.com/articles/20260429-%E8%B1%86%E3%81%8B%E3%82%89%E5%A7%8B%E3%81%BE%E3%82%8B%E6%9C%9D%E3%81%AE%E6%99%82%E9%96%93%E5%89%B2%E3%82%B9%E3%83%9A%E3%82%B7%E3%83%A3%E3%83%AB%E3%83%86%E3%82%A3%E3%82%B3%E3%83%BC%E3%83%92%E3%83%BC%E5%99%A8%E5%85%B76: ('invalid_grant: Bad Request', {'error': 'invalid_grant', 'error_description': 'Bad Request'})
   ❌ Failed request for https://www.mikke-style.com/articles/20260429-%E9%83%A8%E5%B1%8B%E3%81%AB%E4%BD%99%E7%99%BD%E3%82%92%E7%BD%AE%E3%81%8F%E4%B8%80%E4%BA%BA%E6%9A%AE%E3%82%89%E3%81%97%E3%83%9F%E3%83%8B%E3%83%9E%E3%83%AA%E3%82%B9%E3%83%88%E3%81%AE%E3%82%A4%E3%83%B3%E3%83%86%E3%83%AA%E3%82%A2: ('invalid_grant: Bad Request', {'error': 'invalid_grant', 'error_description': 'Bad Request'})
   ❌ Failed request for https://www.mikke-style.com/articles/20260430-%E8%82%8C%E3%81%8C%E5%83%8D%E3%81%8F%E5%A4%9C%E3%81%AE%E3%81%9F%E3%82%81%E3%81%AB%E9%9F%93%E5%9B%BD%E7%99%BA%E3%83%8A%E3%82%A4%E3%83%88%E3%82%B9%E3%82%AD%E3%83%B3%E3%82%B1%E3%82%A26%E9%81%B8: ('invalid_grant: Bad Request', {'error': 'invalid_grant', 'error_description': 'Bad Request'})
   ❌ Failed request for https://www.mikke-style.com/articles/20260501-%E8%80%B3%E3%81%AB%E6%AD%A3%E7%9B%B4%E3%81%AA%E9%9F%B3%E3%82%92%E5%B1%8A%E3%81%91%E3%82%8B%E3%83%97%E3%83%AC%E3%83%9F%E3%82%A2%E3%83%A0%E3%83%AF%E3%82%A4%E3%83%A4%E3%83%AC%E3%82%B9%E3%82%A4%E3%83%A4%E3%83%95%E3%82%A9%E3%83%B3: ('invalid_grant: Bad Request', {'error': 'invalid_grant', 'error_description': 'Bad Request'})
   ❌ Failed request for https://www.mikke-style.com/articles/20260504-%E9%9D%99%E9%9F%B3%E3%81%A8%E9%9B%86%E4%B8%AD%E3%82%92%E6%9C%BA%E3%81%AE%E4%B8%8A%E3%81%AB%E8%A8%AD%E8%A8%88%E3%81%99%E3%82%8B%E5%9C%A8%E5%AE%85%E3%83%AF%E3%83%BC%E3%82%AF%E7%92%B0%E5%A2%83%E3%82%92%E6%95%B4%E3%81%88%E3%82%8B: ('invalid_grant: Bad Request', {'error': 'invalid_grant', 'error_description': 'Bad Request'})
   ❌ Failed request for https://www.mikke-style.com/articles/20260505-%E5%A4%9C%E3%81%AE%E7%A9%BA%E6%B0%97%E3%82%92%E9%A6%99%E3%82%8A%E3%81%A7%E5%A1%97%E3%82%8A%E6%9B%BF%E3%81%88%E3%82%8B%E3%83%AB%E3%83%BC%E3%83%A0%E3%83%95%E3%83%AC%E3%82%B0%E3%83%A9%E3%83%B3%E3%82%B96%E9%81%B8: ('invalid_grant: Bad Request', {'error': 'invalid_grant', 'error_description': 'Bad Request'})
   ❌ Failed request for https://www.mikke-style.com/articles/20260507-%E6%B5%B4%E5%AE%A4%E3%82%92%E4%B8%80%E6%97%A5%E3%81%AE%E7%B5%82%E3%82%8F%E3%82%8A%E3%81%AE%E8%81%96%E5%9F%9F%E3%81%AB%E3%83%90%E3%82%B9%E3%82%BF%E3%82%A4%E3%83%A0%E3%82%B1%E3%82%A2%E3%82%B0%E3%83%83%E3%82%BA6%E9%81%B8: ('invalid_grant: Bad Request', {'error': 'invalid_grant', 'error_description': 'Bad Request'})
   ❌ Failed request for https://www.mikke-style.com/articles/20260508-%E7%94%B7%E3%81%AE%E8%82%8C%E3%82%82%E6%95%B4%E3%81%86%E6%99%82%E4%BB%A3%E3%81%B8%E3%83%A1%E3%83%B3%E3%82%BA%E3%82%B9%E3%82%AD%E3%83%B3%E3%82%B1%E3%82%A2%E3%82%92%E6%9C%AC%E6%A0%BC%E5%8C%96%E3%81%99%E3%82%8B%E7%BE%8E%E5%AE%B9: ('invalid_grant: Bad Request', {'error': 'invalid_grant', 'error_description': 'Bad Request'})
   ❌ Failed request for https://www.mikke-style.com/articles/20260509-%E6%96%99%E7%90%86%E3%81%8C%E5%A4%89%E3%82%8F%E3%82%8B%E9%81%93%E5%85%B7%E3%82%92%E5%A4%89%E3%81%88%E3%82%8B%E3%81%A0%E3%81%91%E3%81%A7%E6%9C%AC%E6%A0%BC%E3%82%AD%E3%83%83%E3%83%81%E3%83%B3%E3%83%84%E3%83%BC%E3%83%AB6: ('invalid_grant: Bad Request', {'error': 'invalid_grant', 'error_description': 'Bad Request'})
   ❌ Failed request for https://www.mikke-style.com/articles/20260509-%E9%AB%AA%E3%82%92%E3%81%A1%E3%82%83%E3%82%93%E3%81%A8%E3%81%84%E3%81%9F%E3%82%8F%E3%82%8B%E3%82%B5%E3%83%AD%E3%83%B3%E5%93%81%E8%B3%AA%E3%83%98%E3%82%A2%E3%82%B1%E3%82%A2%E3%82%A2%E3%82%A4%E3%83%86%E3%83%A06%E9%81%B8: ('invalid_grant: Bad Request', {'error': 'invalid_grant', 'error_description': 'Bad Request'})
   ❌ Failed request for https://www.mikke-style.com/articles/20260510-%E6%9C%BA%E3%81%AE%E4%B8%8A%E3%81%AB%E4%BB%95%E4%BA%8B%E3%81%AE%E4%BD%99%E7%99%BD%E3%82%92%E4%BD%9C%E3%82%8B%E5%9C%A8%E5%AE%85%E3%83%AF%E3%83%BC%E3%82%AB%E3%83%BC%E3%81%8C%E9%81%B8%E3%81%B6%E4%B8%8A%E8%B3%AA%E3%83%87%E3%82%B9: ('invalid_grant: Bad Request', {'error': 'invalid_grant', 'error_description': 'Bad Request'})
   ❌ Failed request for https://www.mikke-style.com/articles/20260510-%E9%9F%B3%E3%81%8C%E5%A4%89%E3%82%8F%E3%82%8B%E3%81%A8%E6%AF%8E%E6%97%A5%E3%81%8C%E5%A4%89%E3%82%8F%E3%82%8B%E3%81%93%E3%81%A0%E3%82%8F%E3%82%8A%E3%81%AE%E3%83%98%E3%83%83%E3%83%89%E3%83%9B%E3%83%B3%E3%82%A4%E3%83%A4%E3%83%9B: ('invalid_grant: Bad Request', {'error': 'invalid_grant', 'error_description': 'Bad Request'})
   ❌ Failed request for https://www.mikke-style.com/articles/20260511-%E7%81%AF%E3%82%92%E8%90%BD%E3%81%A8%E3%81%97%E3%81%A6%E3%81%8B%E3%82%89%E8%82%8C%E3%81%A8%E5%90%91%E3%81%8D%E5%90%88%E3%81%86%E5%A4%9C%E5%B0%B1%E5%AF%9D%E5%89%8D%E3%83%8A%E3%82%A4%E3%83%88%E3%82%B1%E3%82%A2%E3%82%B3%E3%82%B9: ('invalid_grant: Bad Request', {'error': 'invalid_grant', 'error_description': 'Bad Request'})
   ❌ Failed request for https://www.mikke-style.com/articles/20260511-%E9%9B%86%E4%B8%AD%E3%82%92%E5%A6%A8%E3%81%92%E3%81%AA%E3%81%84%E7%A7%98%E5%AF%86%E5%9F%BA%E5%9C%B0%E5%9C%A8%E5%AE%85%E3%83%AF%E3%83%BC%E3%82%AF%E3%81%AE%E8%B3%AA%E3%82%92%E9%AB%98%E3%82%81%E3%82%8B%E3%83%87%E3%82%B9%E3%82%AF: ('invalid_grant: Bad Request', {'error': 'invalid_grant', 'error_description': 'Bad Request'})
   ❌ Failed request for https://www.mikke-style.com/articles/20260512-%E9%83%A8%E5%B1%8B%E3%81%AB%E4%BD%99%E7%99%BD%E3%81%A8%E3%82%86%E3%81%A8%E3%82%8A%E3%82%92%E7%B4%A1%E3%81%90%E7%9C%81%E3%82%B9%E3%83%9A%E3%83%BC%E3%82%B9%E3%82%92%E5%8F%B6%E3%81%88%E3%82%8B%E9%9D%99%E9%9F%B3%E4%BE%BF%E5%88%A9: ('invalid_grant: Bad Request', {'error': 'invalid_grant', 'error_description': 'Bad Request'})
   ❌ Failed request for https://www.mikke-style.com/articles/20260513-%E5%A4%9C%E3%81%AE%E8%82%8C%E6%99%82%E9%96%93%E3%82%92%E4%B8%81%E5%AF%A7%E3%81%AB%E3%82%B9%E3%82%AD%E3%83%B3%E3%82%B1%E3%82%A2%E3%83%98%E3%82%A2%E3%82%B1%E3%82%A2%E3%81%AE%E6%9C%AC%E5%91%BD%E3%82%B3%E3%82%B9%E3%83%A16: ('invalid_grant: Bad Request', {'error': 'invalid_grant', 'error_description': 'Bad Request'})
   ❌ Failed request for https://www.mikke-style.com/articles/20260513-%E6%AF%8E%E6%9C%9D%E3%81%AE%E8%B3%AA%E3%81%8C%E5%A4%89%E3%82%8F%E3%82%8B%E7%94%9F%E6%B4%BB%E3%82%92%E6%95%B4%E3%81%88%E3%82%8B%E4%BE%BF%E5%88%A9%E3%82%B0%E3%83%83%E3%82%BA6%E9%81%B8: ('invalid_grant: Bad Request', {'error': 'invalid_grant', 'error_description': 'Bad Request'})
   ❌ Failed request for https://www.mikke-style.com/articles/20260514-%E6%AF%8E%E6%97%A5%E3%81%AE%E5%8F%B0%E6%89%80%E3%81%8C%E5%A5%BD%E3%81%8D%E3%81%AB%E3%81%AA%E3%82%8B%E3%82%AD%E3%83%83%E3%83%81%E3%83%B3%E9%9B%91%E8%B2%A8%E4%BF%9D%E5%AD%98%E5%AE%B9%E5%99%A8%E8%AA%BF%E7%90%86%E9%81%93%E5%85%B7: ('invalid_grant: Bad Request', {'error': 'invalid_grant', 'error_description': 'Bad Request'})
   ❌ Failed request for https://www.mikke-style.com/articles/20260515-%E5%AF%9D%E5%AE%A4%E3%81%AE%E7%A9%BA%E6%B0%97%E3%82%92%E9%A6%99%E3%82%8A%E3%81%8B%E3%82%89%E8%A8%AD%E8%A8%88%E3%81%99%E3%82%8B%E5%A4%9C%E3%82%A4%E3%83%B3%E3%83%86%E3%83%AA%E3%82%A2%E3%83%95%E3%83%AC%E3%82%B0%E3%83%A9%E3%83%B3: ('invalid_grant: Bad Request', {'error': 'invalid_grant', 'error_description': 'Bad Request'})
   ❌ Failed request for https://www.mikke-style.com/articles/20260516-%E5%A4%9C%E3%81%AE%E9%9D%99%E5%AF%82%E3%81%AB%E6%B4%BB%E5%AD%97%E3%81%8C%E6%BA%B6%E3%81%91%E3%82%8B%E9%9B%BB%E5%AD%90%E6%9B%B8%E7%B1%8D%E3%83%AA%E3%83%BC%E3%83%80%E3%83%BCe%E3%82%A4%E3%83%B3%E3%82%AF%E3%83%87%E3%83%90: ('invalid_grant: Bad Request', {'error': 'invalid_grant', 'error_description': 'Bad Request'})
   ❌ Failed request for https://www.mikke-style.com/articles/20260517-%E9%9F%B3%E3%81%A7%E5%A4%89%E3%82%8F%E3%82%8B%E6%9C%9D%E3%81%AE%E3%83%AA%E3%82%BA%E3%83%A0%E3%83%8E%E3%82%A4%E3%82%BA%E3%82%AD%E3%83%A3%E3%83%B3%E3%82%BB%E3%83%AA%E3%83%B3%E3%82%B0%E3%82%A4%E3%83%A4%E3%83%9B%E3%83%B3-: ('invalid_grant: Bad Request', {'error': 'invalid_grant', 'error_description': 'Bad Request'})
   ❌ Failed request for https://www.mikke-style.com/articles/20260518-%E7%84%9A%E3%81%8D%E7%81%AB%E3%81%AE%E5%A4%9C%E3%81%8C%E3%82%82%E3%81%A3%E3%81%A8%E5%A5%BD%E3%81%8D%E3%81%AB%E3%81%AA%E3%82%8B%E3%82%AD%E3%83%A3%E3%83%B3%E3%83%97%E3%82%A2%E3%82%A6%E3%83%88%E3%83%89%E3%82%A2%E3%82%AE%E3%82%A2: ('invalid_grant: Bad Request', {'error': 'invalid_grant', 'error_description': 'Bad Request'})
   ❌ Failed request for https://www.mikke-style.com/articles/20260519-%E7%84%9A%E3%81%8D%E7%81%AB%E3%81%AE%E5%89%8D%E3%81%AE%E9%9D%99%E3%81%8B%E3%81%AA%E6%99%82%E9%96%93%E3%82%A2%E3%82%A6%E3%83%88%E3%83%89%E3%82%A2%E3%82%AE%E3%82%A2-%E7%B2%BE%E9%8B%AD6%E9%81%B8: ('invalid_grant: Bad Request', {'error': 'invalid_grant', 'error_description': 'Bad Request'})
   ❌ Failed request for https://www.mikke-style.com/articles/20260520-2026%E5%B9%B4%E6%9C%80%E6%96%B0%E3%83%97%E3%83%AD%E3%81%8C%E5%8E%B3%E9%81%B8%E3%82%A8%E3%82%A4%E3%82%B8%E3%83%B3%E3%82%B0%E3%82%B1%E3%82%A2%E7%BE%8E%E5%AE%B9%E6%B6%B2%E3%81%8A%E3%81%99%E3%81%99%E3%82%81%E4%BA%BA%E6%B0%97%E3%83%A9%E3%83%B3: ('invalid_grant: Bad Request', {'error': 'invalid_grant', 'error_description': 'Bad Request'})
   ❌ Failed request for https://www.mikke-style.com/articles/20260520-2026%E5%B9%B4%E7%89%88%E5%9C%A8%E5%AE%85%E3%83%AF%E3%83%BC%E3%82%AF%E3%81%AE%E7%94%9F%E7%94%A3%E6%80%A7%E3%82%92%E6%9C%80%E5%A4%A7%E5%8C%96%E5%BF%AB%E9%81%A9%E3%81%AA%E3%83%87%E3%82%B9%E3%82%AF%E7%92%B0%E5%A2%83%E3%82%92%E5%8F%B6%E3%81%88: ('invalid_grant: Bad Request', {'error': 'invalid_grant', 'error_description': 'Bad Request'})
   ❌ Failed request for https://www.mikke-style.com/articles/20260521-%E5%85%89%E3%81%AE%E8%B3%AA%E3%81%8C%E9%83%A8%E5%B1%8B%E3%81%AE%E6%99%82%E9%96%93%E3%82%92%E5%A4%89%E3%81%88%E3%82%8B%E3%82%A4%E3%83%B3%E3%83%86%E3%83%AA%E3%82%A2%E7%85%A7%E6%98%8E%E3%83%86%E3%83%BC%E3%83%96%E3%83%AB%E3%83%A9: ('invalid_grant: Bad Request', {'error': 'invalid_grant', 'error_description': 'Bad Request'})
   ❌ Failed request for https://www.mikke-style.com/articles/20260521-%E6%9B%B8%E3%81%8F%E3%81%93%E3%81%A8%E3%81%A7%E6%80%9D%E8%80%83%E3%81%8C%E7%A0%94%E3%81%8E%E6%BE%84%E3%81%BE%E3%81%95%E3%82%8C%E3%82%8B%E6%89%8B%E6%9B%B8%E3%81%8D%E6%B4%BE%E3%81%AE%E3%81%9F%E3%82%81%E3%81%AE%E3%83%8E%E3%83%BC: ('invalid_grant: Bad Request', {'error': 'invalid_grant', 'error_description': 'Bad Request'})
   ❌ Failed request for https://www.mikke-style.com/articles/20260522-%E7%84%9A%E3%81%8D%E7%81%AB%E3%81%AE%E5%89%8D%E3%81%AB%E9%81%93%E5%85%B7%E3%82%92%E9%81%B8%E3%81%B6%E3%82%AD%E3%83%A3%E3%83%B3%E3%83%97%E8%AA%BF%E7%90%86%E3%82%92%E6%B7%B1%E3%82%81%E3%82%8B%E9%81%93%E5%85%B76%E9%81%B8: ('invalid_grant: Bad Request', {'error': 'invalid_grant', 'error_description': 'Bad Request'})
   ❌ Failed request for https://www.mikke-style.com/articles/20260523-2026%E5%B9%B4%E6%9C%80%E6%96%B0%E6%97%A5%E7%84%BC%E3%81%91%E6%AD%A2%E3%82%81%E3%81%8A%E3%81%99%E3%81%99%E3%82%81%E4%BA%BA%E6%B0%97%E3%83%A9%E3%83%B3%E3%82%AD%E3%83%B3%E3%82%B0%E7%B5%B6%E5%AF%BE%E3%81%AB%E7%84%BC%E3%81%8B%E3%81%AA%E3%81%84: ('invalid_grant: Bad Request', {'error': 'invalid_grant', 'error_description': 'Bad Request'})
   ❌ Failed request for https://www.mikke-style.com/articles/20260523-%E3%82%82%E3%81%97%E3%82%82%E3%82%92%E6%97%A5%E5%B8%B8%E3%81%AB%E3%81%99%E3%82%8B%E9%98%B2%E7%81%BD%E3%83%9D%E3%83%BC%E3%83%81%E3%81%AB%E5%85%A5%E3%82%8C%E3%81%9F%E3%81%84%E3%82%B0%E3%83%83%E3%82%BA6%E9%81%B8: ('invalid_grant: Bad Request', {'error': 'invalid_grant', 'error_description': 'Bad Request'})
   ❌ Failed request for https://www.mikke-style.com/articles/20260523-%E7%9B%AE%E8%A6%9A%E3%82%81%E3%81%AE%E8%89%AF%E3%81%95%E3%81%AF%E5%A4%9C%E3%81%AB%E8%A8%AD%E8%A8%88%E3%81%95%E3%82%8C%E3%82%8B%E7%9D%A1%E7%9C%A0%E7%92%B0%E5%A2%83%E3%82%92%E6%95%B4%E3%81%88%E3%82%8B%E5%AF%9D%E5%AE%A4%E3%82%A2: ('invalid_grant: Bad Request', {'error': 'invalid_grant', 'error_description': 'Bad Request'})
   ❌ Failed request for https://www.mikke-style.com/articles/20260524-%E6%9C%9D%E3%81%AE5%E5%88%86%E3%82%92%E4%BD%93%E3%81%AB%E8%BF%94%E3%81%99%E5%9C%A8%E5%AE%85%E3%83%AF%E3%83%BC%E3%82%AB%E3%83%BC%E3%81%8C%E9%81%B8%E3%81%B6%E3%82%B9%E3%83%88%E3%83%AC%E3%83%83%E3%83%81%E3%82%B1%E3%82%A2: ('invalid_grant: Bad Request', {'error': 'invalid_grant', 'error_description': 'Bad Request'})
   ❌ Failed request for https://www.mikke-style.com/articles/20260525-smartwatch-comparison: ('invalid_grant: Bad Request', {'error': 'invalid_grant', 'error_description': 'Bad Request'})
   ❌ Failed request for https://www.mikke-style.com/articles/20260525-%E5%8F%B0%E6%89%80%E3%81%AB%E8%81%B7%E4%BA%BA%E3%81%AE%E6%84%8F%E5%BF%97%E3%82%92%E7%BD%AE%E3%81%8F%E6%96%99%E7%90%86%E5%A5%BD%E3%81%8D%E3%81%8C%E8%AA%8D%E3%82%81%E3%82%8B%E6%9C%AC%E6%A0%BC%E3%82%AD%E3%83%83%E3%83%81%E3%83%B3: ('invalid_grant: Bad Request', {'error': 'invalid_grant', 'error_description': 'Bad Request'})
   ❌ Failed request for https://www.mikke-style.com/articles/20260526-best-shampoos-for-damaged-hair: ('invalid_grant: Bad Request', {'error': 'invalid_grant', 'error_description': 'Bad Request'})
   ❌ Failed request for https://www.mikke-style.com/articles/20260526-daily-life-water-bottle-guide: ('invalid_grant: Bad Request', {'error': 'invalid_grant', 'error_description': 'Bad Request'})
   ❌ Failed request for https://www.mikke-style.com/articles/20260526-mac-mini-monitors: ('invalid_grant: Bad Request', {'error': 'invalid_grant', 'error_description': 'Bad Request'})
   ❌ Failed request for https://www.mikke-style.com/articles/20260526-stroller-selection-guide: ('invalid_grant: Bad Request', {'error': 'invalid_grant', 'error_description': 'Bad Request'})
   ❌ Failed request for https://www.mikke-style.com/articles/20260526-%E7%84%9A%E3%81%8D%E7%81%AB%E3%81%AE%E5%89%8D%E3%81%AB%E9%81%93%E5%85%B7%E3%82%92%E9%81%B8%E3%81%B6%E3%82%AD%E3%83%A3%E3%83%B3%E3%83%97%E8%AA%BF%E7%90%86%E3%82%92%E6%B7%B1%E3%82%81%E3%82%8B%E9%81%93%E5%85%B76%E9%81%B8: ('invalid_grant: Bad Request', {'error': 'invalid_grant', 'error_description': 'Bad Request'})
   ❌ Failed request for https://www.mikke-style.com/articles/20260529-aroma-diffusers: ('invalid_grant: Bad Request', {'error': 'invalid_grant', 'error_description': 'Bad Request'})
   ❌ Failed request for https://www.mikke-style.com/articles/20260529-hair-dryers: ('invalid_grant: Bad Request', {'error': 'invalid_grant', 'error_description': 'Bad Request'})
   ❌ Failed request for https://www.mikke-style.com/articles/20260529-regal-business-shoes: ('invalid_grant: Bad Request', {'error': 'invalid_grant', 'error_description': 'Bad Request'})
   ❌ Failed request for https://www.mikke-style.com/articles/20260530-keyboards: ('invalid_grant: Bad Request', {'error': 'invalid_grant', 'error_description': 'Bad Request'})
   ❌ Failed request for https://www.mikke-style.com/articles/20260530-%E6%A4%8D%E7%89%A9%E8%82%B2%E6%88%90%E3%83%A9%E3%82%A4%E3%83%88%E3%81%AE%E3%81%8A%E3%81%99%E3%81%99%E3%82%81%E4%BA%BA%E6%B0%97%E3%83%A9%E3%83%B3%E3%82%AD%E3%83%B3%E3%82%B0: ('invalid_grant: Bad Request', {'error': 'invalid_grant', 'error_description': 'Bad Request'})
   ❌ Failed request for https://www.mikke-style.com/articles/20260531-aquarium-led-lights: ('invalid_grant: Bad Request', {'error': 'invalid_grant', 'error_description': 'Bad Request'})
   ❌ Failed request for https://www.mikke-style.com/articles/20260531-umbrellas: ('invalid_grant: Bad Request', {'error': 'invalid_grant', 'error_description': 'Bad Request'})
   ❌ Failed request for https://www.mikke-style.com/articles/20260603-eyeliner-comparison: ('invalid_grant: Bad Request', {'error': 'invalid_grant', 'error_description': 'Bad Request'})
   ❌ Failed request for https://www.mikke-style.com/articles/20260607-cleansing-oil: ('invalid_grant: Bad Request', {'error': 'invalid_grant', 'error_description': 'Bad Request'})
   ❌ Failed request for https://www.mikke-style.com/articles/20260607-serum: ('invalid_grant: Bad Request', {'error': 'invalid_grant', 'error_description': 'Bad Request'})
   ❌ Failed request for https://www.mikke-style.com/articles/20260608-face-mask: ('invalid_grant: Bad Request', {'error': 'invalid_grant', 'error_description': 'Bad Request'})
   ❌ Failed request for https://www.mikke-style.com/articles/20260608-toner: ('invalid_grant: Bad Request', {'error': 'invalid_grant', 'error_description': 'Bad Request'})
   ❌ Failed request for https://www.mikke-style.com/articles/20260609-cleansing-balm: ('invalid_grant: Bad Request', {'error': 'invalid_grant', 'error_description': 'Bad Request'})
   ❌ Failed request for https://www.mikke-style.com/articles/20260610-cleanser: ('invalid_grant: Bad Request', {'error': 'invalid_grant', 'error_description': 'Bad Request'})
   ❌ Failed request for https://www.mikke-style.com/articles/20260610-cleansing-gel: ('invalid_grant: Bad Request', {'error': 'invalid_grant', 'error_description': 'Bad Request'})
   ❌ Failed request for https://www.mikke-style.com/articles/20260611-booster: ('invalid_grant: Bad Request', {'error': 'invalid_grant', 'error_description': 'Bad Request'})
   ❌ Failed request for https://www.mikke-style.com/articles/20260611-lip-serum: ('invalid_grant: Bad Request', {'error': 'invalid_grant', 'error_description': 'Bad Request'})
   ❌ Failed request for https://www.mikke-style.com/articles/20260612-emulsion: ('invalid_grant: Bad Request', {'error': 'invalid_grant', 'error_description': 'Bad Request'})
   ❌ Failed request for https://www.mikke-style.com/articles/20260612-face-cream: ('invalid_grant: Bad Request', {'error': 'invalid_grant', 'error_description': 'Bad Request'})
   ❌ Failed request for https://www.mikke-style.com/articles/20260613-daily-pack: ('invalid_grant: Bad Request', {'error': 'invalid_grant', 'error_description': 'Bad Request'})
   ❌ Failed request for https://www.mikke-style.com/articles/20260614-affordable-cleanser: ('invalid_grant: Bad Request', {'error': 'invalid_grant', 'error_description': 'Bad Request'})
   ❌ Failed request for https://www.mikke-style.com/articles/20260614-peeling-serum: ('invalid_grant: Bad Request', {'error': 'invalid_grant', 'error_description': 'Bad Request'})
   ❌ Failed request for https://www.mikke-style.com/articles/20260615-mens-face-wash: ('invalid_grant: Bad Request', {'error': 'invalid_grant', 'error_description': 'Bad Request'})
   ❌ Failed request for https://www.mikke-style.com/articles/20260615-sheet-masks-for-40s: ('invalid_grant: Bad Request', {'error': 'invalid_grant', 'error_description': 'Bad Request'})
   ❌ Failed request for https://www.mikke-style.com/articles/20260616-face-wash: ('invalid_grant: Bad Request', {'error': 'invalid_grant', 'error_description': 'Bad Request'})
   ❌ Failed request for https://www.mikke-style.com/articles/20260616-hand-cream: ('invalid_grant: Bad Request', {'error': 'invalid_grant', 'error_description': 'Bad Request'})
   ❌ Failed request for https://www.mikke-style.com/articles/20260617-wet-cleanser: ('invalid_grant: Bad Request', {'error': 'invalid_grant', 'error_description': 'Bad Request'})
   ❌ Failed request for https://www.mikke-style.com/articles/20260618-affordable-booster: ('invalid_grant: Bad Request', {'error': 'invalid_grant', 'error_description': 'Bad Request'})
   ❌ Failed request for https://www.mikke-style.com/articles/20260619-cleansing-balm: ('invalid_grant: Bad Request', {'error': 'invalid_grant', 'error_description': 'Bad Request'})
   ❌ Failed request for https://www.mikke-style.com/articles/20260619-mascara: ('invalid_grant: Bad Request', {'error': 'invalid_grant', 'error_description': 'Bad Request'})
   ❌ Failed request for https://www.mikke-style.com/articles/20260620-article-001: ('invalid_grant: Bad Request', {'error': 'invalid_grant', 'error_description': 'Bad Request'})
   ❌ Failed request for https://www.mikke-style.com/articles/20260620-serum: ('invalid_grant: Bad Request', {'error': 'invalid_grant', 'error_description': 'Bad Request'})
   ❌ Failed request for https://www.mikke-style.com/articles/20260621-article-001: ('invalid_grant: Bad Request', {'error': 'invalid_grant', 'error_description': 'Bad Request'})
   ❌ Failed request for https://www.mikke-style.com/articles/20260621-serum: ('invalid_grant: Bad Request', {'error': 'invalid_grant', 'error_description': 'Bad Request'})
   ❌ Failed request for https://www.mikke-style.com/articles/20260622-article-001: ('invalid_grant: Bad Request', {'error': 'invalid_grant', 'error_description': 'Bad Request'})
   ❌ Failed request for https://www.mikke-style.com/articles/20260622-toner: ('invalid_grant: Bad Request', {'error': 'invalid_grant', 'error_description': 'Bad Request'})
   ❌ Failed request for https://www.mikke-style.com/articles/20260624-beauty: ('invalid_grant: Bad Request', {'error': 'invalid_grant', 'error_description': 'Bad Request'})
   ❌ Failed request for https://www.mikke-style.com/articles/20260624-treatment: ('invalid_grant: Bad Request', {'error': 'invalid_grant', 'error_description': 'Bad Request'})
   ❌ Failed request for https://www.mikke-style.com/articles/20260625-beauty: ('invalid_grant: Bad Request', {'error': 'invalid_grant', 'error_description': 'Bad Request'})
   ❌ Failed request for https://www.mikke-style.com/articles/20260625-serum: ('invalid_grant: Bad Request', {'error': 'invalid_grant', 'error_description': 'Bad Request'})
   ❌ Failed request for https://www.mikke-style.com/articles/20260626-beauty: ('invalid_grant: Bad Request', {'error': 'invalid_grant', 'error_description': 'Bad Request'})
   ❌ Failed request for https://www.mikke-style.com/articles/20260627-beauty: ('invalid_grant: Bad Request', {'error': 'invalid_grant', 'error_description': 'Bad Request'})
   ❌ Failed request for https://www.mikke-style.com/articles/20260628-beauty: ('invalid_grant: Bad Request', {'error': 'invalid_grant', 'error_description': 'Bad Request'})
   ❌ Failed request for https://www.mikke-style.com/articles/20260629-beauty: ('invalid_grant: Bad Request', {'error': 'invalid_grant', 'error_description': 'Bad Request'})
   ❌ Failed request for https://www.mikke-style.com/articles/20260707-beauty-2: ('invalid_grant: Bad Request', {'error': 'invalid_grant', 'error_description': 'Bad Request'})
   ❌ Failed request for https://www.mikke-style.com/articles/20260707-beauty: ('invalid_grant: Bad Request', {'error': 'invalid_grant', 'error_description': 'Bad Request'})
   ❌ Failed request for https://www.mikke-style.com/articles/20260708-beauty-1: ('invalid_grant: Bad Request', {'error': 'invalid_grant', 'error_description': 'Bad Request'})
   ❌ Failed request for https://www.mikke-style.com/articles/20260708-beauty-2: ('invalid_grant: Bad Request', {'error': 'invalid_grant', 'error_description': 'Bad Request'})
   ❌ Failed request for https://www.mikke-style.com/articles/20260709-beauty-1: ('invalid_grant: Bad Request', {'error': 'invalid_grant', 'error_description': 'Bad Request'})
   ❌ Failed request for https://www.mikke-style.com/articles/20260709-cream: ('invalid_grant: Bad Request', {'error': 'invalid_grant', 'error_description': 'Bad Request'})
   ❌ Failed request for https://www.mikke-style.com/articles/cleansing-oil-real: ('invalid_grant: Bad Request', {'error': 'invalid_grant', 'error_description': 'Bad Request'})
✅ Indexing requests sent: 0/110
🔄 [Step 3] Analyzing GA4 Traffic and PV Growth...

📈 --- GA4 PV Daily Comparison Report ---
Page Path                                                    | Yesterday PV    | Today PV   | Change    
---------------------------------------------------------------------------------------------------------
---------------------------------------------------------------------------------------------------------
✅ Saved current PVs to yesterday's cache.
🔄 [Step 4] Detecting Articles with low internal links (< 3)...

⚠️ --- Articles with Low Internal Links (< 3) ---
Article Slug                                                      | Internal Links Count
------------------------------------------------------------------------------------------
20260709-cream                                                    | 0                   
20260530-植物育成ライトのおすすめ人気ランキング                                      | 0                   
20260516-夜の静寂に活字が溶ける電子書籍リーダーeインクデバ                                | 1                   
20260412-2026年春テレワークが劇的に捗るデスク周りのおすすめガジェ                           | 1                   
20260712-serum                                                    | 0                   
20260507-浴室を一日の終わりの聖域にバスタイムケアグッズ6選                                | 1                   
20260512-部屋に余白とゆとりを紡ぐ省スペースを叶える静音便利                                | 2                   
20260708-beauty-1                                                 | 0                   
20260711-cleansing-balm-2                                         | 0                   
20260523-2026年最新日焼け止めおすすめ人気ランキング絶対に焼かない                           | 0                   
20260714-spf                                                      | 0                   
20260413-2026年最新忙しい朝を劇的に変える暮らしの質が上がる厳選時                           | 2                   
20260713-cream                                                    | 0                   
20260707-beauty                                                   | 0                   
20260420-新製品レビュー：最新の日焼け止めクリーム                                     | 1                   
20260521-書くことで思考が研ぎ澄まされる手書き派のためのノー                                | 1                   
20260509-髪をちゃんといたわるサロン品質ヘアケアアイテム6選                                | 1                   
20260714-serum                                                    | 0                   
20260716-lip                                                      | 0                   
20260525-smartwatch-comparison                                    | 0                   
20260520-2026年最新プロが厳選エイジングケア美容液おすすめ人気ラン                           | 0                   
20260709-beauty-1                                                 | 0                   
20260707-beauty-2                                                 | 0                   
20260517-音で変わる朝のリズムノイズキャンセリングイヤホン-                                | 1                   
20260429-豆から始まる朝の時間割スペシャルティコーヒー器具6                                | 2                   
20260713-cleanser                                                 | 0                   
20260518-焚き火の夜がもっと好きになるキャンプアウトドアギア                                | 1                   
20260519-焚き火の前の静かな時間アウトドアギア-精鋭6選                                  | 1                   
20260711-cleansing-balm                                           | 0                   
20260712-cleansing                                                | 0                   
20260708-beauty-2                                                 | 0                   
20260412-2026年春テレワークが劇的に捗るデスク周りのおすすめガジェ-fix                       | 0                   
20260715-spf                                                      | 0                   
20260715-cleanser                                                 | 0                   
20260515-寝室の空気を香りから設計する夜インテリアフレグラン                                | 1                   
------------------------------------------------------------------------------------------
Total articles with low links: 35

=== SEO Automation Run Finished ===

/Users/tsukika/Library/Python/3.9/lib/python/site-packages/google/oauth2/__init__.py:40: FutureWarning: You are using a Python version 3.9 past its end of life. Google will update google-auth with critical bug fixes on a best-effort basis, but not with any other fixes or features. Please upgrade your Python version, and then update google-auth.
  warnings.warn(eol_message.format("3.9"), FutureWarning)
/Users/tsukika/Library/Python/3.9/lib/python/site-packages/google/auth/__init__.py:54: FutureWarning: You are using a Python version 3.9 past its end of life. Google will update google-auth with critical bug fixes on a best-effort basis, but not with any other fixes or features. Please upgrade your Python version, and then update google-auth.
  warnings.warn(eol_message.format("3.9"), FutureWarning)
/Users/tsukika/Library/Python/3.9/lib/python/site-packages/google/api_core/_python_version_support.py:242: FutureWarning: You are using a non-supported Python version (3.9.6). Google will not post any further updates to google.api_core supporting this Python version. Please upgrade to the latest Python version, or at least Python 3.10, and then update google.api_core.
  warnings.warn(message, FutureWarning)
/Users/tsukika/Library/Python/3.9/lib/python/site-packages/urllib3/__init__.py:35: NotOpenSSLWarning: urllib3 v2 only supports OpenSSL 1.1.1+, currently the 'ssl' module is compiled with 'LibreSSL 2.8.3'. See: https://github.com/urllib3/urllib3/issues/3020
  warnings.warn(
/Users/tsukika/Library/Python/3.9/lib/python/site-packages/google/api_core/_python_version_support.py:242: FutureWarning: You are using a non-supported Python version (3.9.6). Google will not post any further updates to google.analytics.data_v1beta supporting this Python version. Please upgrade to the latest Python version, or at least Python 3.10, and then update google.analytics.data_v1beta.
  warnings.warn(message, FutureWarning)
=== SEO Automation Run: 2026-07-18 06:00:07 ===
🔄 [Step 1] Updating Sitemap via Next-Sitemap...
❌ Failed to update sitemap: [Errno 2] No such file or directory: 'npx'
🔄 [Step 2] Sending URL Indexing Requests...
🔑 Authenticating with OAuth 2.0 Playground credentials...
   ❌ Failed request for https://www.mikke-style.com/articles/20260412-2026%E5%B9%B4%E6%98%A5%E3%83%86%E3%83%AC%E3%83%AF%E3%83%BC%E3%82%AF%E3%81%8C%E5%8A%87%E7%9A%84%E3%81%AB%E6%8D%97%E3%82%8B%E3%83%87%E3%82%B9%E3%82%AF%E5%91%A8%E3%82%8A%E3%81%AE%E3%81%8A%E3%81%99%E3%81%99%E3%82%81%E3%82%AC%E3%82%B8%E3%82%A7: ('invalid_grant: Bad Request', {'error': 'invalid_grant', 'error_description': 'Bad Request'})
   ❌ Failed request for https://www.mikke-style.com/articles/20260413-2026%E5%B9%B4%E6%9C%80%E6%96%B0%E5%BF%99%E3%81%97%E3%81%84%E6%9C%9D%E3%82%92%E5%8A%87%E7%9A%84%E3%81%AB%E5%A4%89%E3%81%88%E3%82%8B%E6%9A%AE%E3%82%89%E3%81%97%E3%81%AE%E8%B3%AA%E3%81%8C%E4%B8%8A%E3%81%8C%E3%82%8B%E5%8E%B3%E9%81%B8%E6%99%82: ('invalid_grant: Bad Request', {'error': 'invalid_grant', 'error_description': 'Bad Request'})
   ❌ Failed request for https://www.mikke-style.com/articles/20260415-gw-travel-outdoor: ('invalid_grant: Bad Request', {'error': 'invalid_grant', 'error_description': 'Bad Request'})
   ❌ Failed request for https://www.mikke-style.com/articles/20260418-skincare-spring: ('invalid_grant: Bad Request', {'error': 'invalid_grant', 'error_description': 'Bad Request'})
   ❌ Failed request for https://www.mikke-style.com/articles/20260419-ps5-apple-a19-hikaku: ('invalid_grant: Bad Request', {'error': 'invalid_grant', 'error_description': 'Bad Request'})
   ❌ Failed request for https://www.mikke-style.com/articles/20260420-%E6%96%B0%E8%A3%BD%E5%93%81%E3%83%AC%E3%83%93%E3%83%A5%E3%83%BC%EF%BC%9A%E6%9C%80%E6%96%B0%E3%81%AE%E6%97%A5%E7%84%BC%E3%81%91%E6%AD%A2%E3%82%81%E3%82%AF%E3%83%AA%E3%83%BC%E3%83%A0: ('invalid_grant: Bad Request', {'error': 'invalid_grant', 'error_description': 'Bad Request'})
   ❌ Failed request for https://www.mikke-style.com/articles/20260420-%E6%98%A5%E3%81%AE%E6%96%B0%E7%94%9F%E6%B4%BB%E3%81%AB%E3%81%B4%E3%81%A3%E3%81%9F%E3%82%8A%E3%81%AE%E3%82%A4%E3%83%B3%E3%83%86%E3%83%AA%E3%82%A2%E3%82%A2%E3%82%A4%E3%83%86%E3%83%A0: ('invalid_grant: Bad Request', {'error': 'invalid_grant', 'error_description': 'Bad Request'})
   ❌ Failed request for https://www.mikke-style.com/articles/20260422-2026%E5%B9%B4%E6%98%A5%E8%8A%B1%E7%B2%89%E7%B4%AB%E5%A4%96%E7%B7%9A%E3%83%80%E3%83%96%E3%83%AB%E5%AF%BE%E7%AD%96%E8%82%8C%E3%82%92%E5%AE%88%E3%82%8B%E3%82%B9%E3%82%AD%E3%83%B3%E3%82%B1%E3%82%A2: ('invalid_grant: Bad Request', {'error': 'invalid_grant', 'error_description': 'Bad Request'})
   ❌ Failed request for https://www.mikke-style.com/articles/20260422-2026%E5%B9%B4%E6%9C%80%E6%96%B0%E5%88%9D%E5%BF%83%E8%80%85%E3%81%A7%E3%82%82%E4%BD%BF%E3%81%84%E3%82%84%E3%81%99%E3%81%84%E3%82%B3%E3%82%B9%E3%83%91%E6%9C%80%E5%BC%B7%E3%83%9F%E3%83%A9%E3%83%BC: ('invalid_grant: Bad Request', {'error': 'invalid_grant', 'error_description': 'Bad Request'})
   ❌ Failed request for https://www.mikke-style.com/articles/20260423-2026%E5%B9%B4%E6%9C%80%E6%96%B0%E4%B9%BE%E7%87%A5%E8%82%8C%E3%81%95%E3%82%93%E5%BF%85%E8%A6%8B%E3%83%97%E3%83%81%E3%83%97%E3%83%A9%E3%81%AA%E3%81%AE%E3%81%AB%E5%AE%9F%E5%8A%9B%E6%B4%BE%E3%82%B9: ('invalid_grant: Bad Request', {'error': 'invalid_grant', 'error_description': 'Bad Request'})
   ❌ Failed request for https://www.mikke-style.com/articles/20260423-%E6%99%82%E7%9F%AD%E3%83%A9%E3%82%AF%E5%AE%B6%E4%BA%8B%E6%96%99%E7%90%86%E3%81%8C%E6%A5%BD%E3%81%97%E3%81%8F%E3%81%AA%E3%82%8B%E3%82%AD%E3%83%83%E3%83%81%E3%83%B3%E4%BE%BF%E5%88%A9%E3%82%B0%E3%83%83%E3%82%BA7%E9%81%B8: ('invalid_grant: Bad Request', {'error': 'invalid_grant', 'error_description': 'Bad Request'})
   ❌ Failed request for https://www.mikke-style.com/articles/20260424-2026%E5%B9%B4%E6%9C%80%E6%96%B0%E3%83%A1%E3%83%B3%E3%82%BA%E3%82%B9%E3%82%AD%E3%83%B3%E3%82%B1%E3%82%A2%E5%88%9D%E5%BF%83%E8%80%85%E5%BF%85%E8%A6%8B%E6%9C%AC%E5%BD%93%E3%81%AB%E8%B2%B7%E3%81%86: ('invalid_grant: Bad Request', {'error': 'invalid_grant', 'error_description': 'Bad Request'})
   ❌ Failed request for https://www.mikke-style.com/articles/20260424-2026%E5%B9%B4%E7%9D%A1%E7%9C%A0%E3%81%AE%E8%B3%AA%E3%82%92%E4%B8%8A%E3%81%92%E3%81%9F%E3%81%84%E4%BA%BA%E3%81%B8%E3%81%8A%E3%81%99%E3%81%99%E3%82%81%E5%BF%AB%E7%9C%A0%E3%82%B0%E3%83%83%E3%82%BA: ('invalid_grant: Bad Request', {'error': 'invalid_grant', 'error_description': 'Bad Request'})
   ❌ Failed request for https://www.mikke-style.com/articles/20260424-2026%E5%B9%B4%E8%87%AA%E5%AE%85%E3%81%A7%E3%81%A8%E3%81%A8%E3%81%AE%E3%81%86%E3%82%B5%E3%82%A6%E3%83%8A%E5%A5%BD%E3%81%8D%E3%81%8C%E9%81%B8%E3%81%B6%E3%81%8A%E3%81%99%E3%81%99%E3%82%81%E6%B8%A9: ('invalid_grant: Bad Request', {'error': 'invalid_grant', 'error_description': 'Bad Request'})
   ❌ Failed request for https://www.mikke-style.com/articles/20260426-2026%E5%B9%B4%E4%BF%9D%E5%AD%98%E7%89%88%E9%98%B2%E7%81%BD%E3%82%A2%E3%82%A6%E3%83%88%E3%83%89%E3%82%A2%E3%81%AB%E5%BD%B9%E7%AB%8B%E3%81%A4%E3%83%9D%E3%83%BC%E3%82%BF%E3%83%96%E3%83%AB%E9%9B%BB: ('invalid_grant: Bad Request', {'error': 'invalid_grant', 'error_description': 'Bad Request'})
   ❌ Failed request for https://www.mikke-style.com/articles/20260426-2026%E5%B9%B4%E6%9C%80%E6%96%B0%E5%81%A5%E5%BA%B7%E7%AE%A1%E7%90%86%E3%81%AB%E5%BD%B9%E7%AB%8B%E3%81%A4%E3%82%B9%E3%83%9E%E3%83%BC%E3%83%88%E3%82%A6%E3%82%A9%E3%83%83%E3%83%81%E3%81%8A%E3%81%99: ('invalid_grant: Bad Request', {'error': 'invalid_grant', 'error_description': 'Bad Request'})
   ❌ Failed request for https://www.mikke-style.com/articles/20260426-2026%E5%B9%B4%E6%9C%80%E6%96%B0%E5%A4%B1%E6%95%97%E3%81%97%E3%81%AA%E3%81%84%E3%83%8E%E3%82%A4%E3%82%BA%E3%82%AD%E3%83%A3%E3%83%B3%E3%82%BB%E3%83%AA%E3%83%B3%E3%82%B0%E6%90%AD%E8%BC%89%E3%83%AF: ('invalid_grant: Bad Request', {'error': 'invalid_grant', 'error_description': 'Bad Request'})
   ❌ Failed request for https://www.mikke-style.com/articles/20260427-2026%E5%B9%B4%E7%BE%8E%E5%AE%B9%E5%A5%BD%E3%81%8D%E3%81%8C%E3%83%AA%E3%83%94%E8%B2%B7%E3%81%84%E8%A9%B1%E9%A1%8C%E3%81%AE%E9%9F%93%E5%9B%BD%E3%82%B3%E3%82%B9%E3%83%A1%E3%81%8A%E3%81%99%E3%81%99: ('invalid_grant: Bad Request', {'error': 'invalid_grant', 'error_description': 'Bad Request'})
   ❌ Failed request for https://www.mikke-style.com/articles/20260427-%E3%83%87%E3%82%B9%E3%82%AF%E3%81%AB%E9%9D%99%E3%81%91%E3%81%95%E3%82%92%E8%A8%AD%E8%A8%88%E3%81%99%E3%82%8B%E5%9C%A8%E5%AE%85%E3%83%AF%E3%83%BC%E3%82%AF%E7%92%B0%E5%A2%83%E3%82%92%E6%95%B4%E3%81%88%E3%82%8B%E3%82%AC%E3%82%B8: ('invalid_grant: Bad Request', {'error': 'invalid_grant', 'error_description': 'Bad Request'})
   ❌ Failed request for https://www.mikke-style.com/articles/20260429-%E6%98%8E%E6%97%A5%E3%81%AE%E6%9C%9D%E3%81%8C%E5%A4%89%E3%82%8F%E3%82%8B%E5%A4%9C%E3%81%AE%E9%AB%AA%E6%99%82%E9%96%93%E3%83%98%E3%82%A2%E3%83%88%E3%83%AA%E3%83%BC%E3%83%88%E3%83%A1%E3%83%B3%E3%83%88%E3%83%8A%E3%82%A4%E3%83%88: ('invalid_grant: Bad Request', {'error': 'invalid_grant', 'error_description': 'Bad Request'})
   ❌ Failed request for https://www.mikke-style.com/articles/20260429-%E8%B1%86%E3%81%8B%E3%82%89%E5%A7%8B%E3%81%BE%E3%82%8B%E6%9C%9D%E3%81%AE%E6%99%82%E9%96%93%E5%89%B2%E3%82%B9%E3%83%9A%E3%82%B7%E3%83%A3%E3%83%AB%E3%83%86%E3%82%A3%E3%82%B3%E3%83%BC%E3%83%92%E3%83%BC%E5%99%A8%E5%85%B76: ('invalid_grant: Bad Request', {'error': 'invalid_grant', 'error_description': 'Bad Request'})
   ❌ Failed request for https://www.mikke-style.com/articles/20260429-%E9%83%A8%E5%B1%8B%E3%81%AB%E4%BD%99%E7%99%BD%E3%82%92%E7%BD%AE%E3%81%8F%E4%B8%80%E4%BA%BA%E6%9A%AE%E3%82%89%E3%81%97%E3%83%9F%E3%83%8B%E3%83%9E%E3%83%AA%E3%82%B9%E3%83%88%E3%81%AE%E3%82%A4%E3%83%B3%E3%83%86%E3%83%AA%E3%82%A2: ('invalid_grant: Bad Request', {'error': 'invalid_grant', 'error_description': 'Bad Request'})
   ❌ Failed request for https://www.mikke-style.com/articles/20260430-%E8%82%8C%E3%81%8C%E5%83%8D%E3%81%8F%E5%A4%9C%E3%81%AE%E3%81%9F%E3%82%81%E3%81%AB%E9%9F%93%E5%9B%BD%E7%99%BA%E3%83%8A%E3%82%A4%E3%83%88%E3%82%B9%E3%82%AD%E3%83%B3%E3%82%B1%E3%82%A26%E9%81%B8: ('invalid_grant: Bad Request', {'error': 'invalid_grant', 'error_description': 'Bad Request'})
   ❌ Failed request for https://www.mikke-style.com/articles/20260501-%E8%80%B3%E3%81%AB%E6%AD%A3%E7%9B%B4%E3%81%AA%E9%9F%B3%E3%82%92%E5%B1%8A%E3%81%91%E3%82%8B%E3%83%97%E3%83%AC%E3%83%9F%E3%82%A2%E3%83%A0%E3%83%AF%E3%82%A4%E3%83%A4%E3%83%AC%E3%82%B9%E3%82%A4%E3%83%A4%E3%83%95%E3%82%A9%E3%83%B3: ('invalid_grant: Bad Request', {'error': 'invalid_grant', 'error_description': 'Bad Request'})
   ❌ Failed request for https://www.mikke-style.com/articles/20260504-%E9%9D%99%E9%9F%B3%E3%81%A8%E9%9B%86%E4%B8%AD%E3%82%92%E6%9C%BA%E3%81%AE%E4%B8%8A%E3%81%AB%E8%A8%AD%E8%A8%88%E3%81%99%E3%82%8B%E5%9C%A8%E5%AE%85%E3%83%AF%E3%83%BC%E3%82%AF%E7%92%B0%E5%A2%83%E3%82%92%E6%95%B4%E3%81%88%E3%82%8B: ('invalid_grant: Bad Request', {'error': 'invalid_grant', 'error_description': 'Bad Request'})
   ❌ Failed request for https://www.mikke-style.com/articles/20260505-%E5%A4%9C%E3%81%AE%E7%A9%BA%E6%B0%97%E3%82%92%E9%A6%99%E3%82%8A%E3%81%A7%E5%A1%97%E3%82%8A%E6%9B%BF%E3%81%88%E3%82%8B%E3%83%AB%E3%83%BC%E3%83%A0%E3%83%95%E3%83%AC%E3%82%B0%E3%83%A9%E3%83%B3%E3%82%B96%E9%81%B8: ('invalid_grant: Bad Request', {'error': 'invalid_grant', 'error_description': 'Bad Request'})
   ❌ Failed request for https://www.mikke-style.com/articles/20260507-%E6%B5%B4%E5%AE%A4%E3%82%92%E4%B8%80%E6%97%A5%E3%81%AE%E7%B5%82%E3%82%8F%E3%82%8A%E3%81%AE%E8%81%96%E5%9F%9F%E3%81%AB%E3%83%90%E3%82%B9%E3%82%BF%E3%82%A4%E3%83%A0%E3%82%B1%E3%82%A2%E3%82%B0%E3%83%83%E3%82%BA6%E9%81%B8: ('invalid_grant: Bad Request', {'error': 'invalid_grant', 'error_description': 'Bad Request'})
   ❌ Failed request for https://www.mikke-style.com/articles/20260508-%E7%94%B7%E3%81%AE%E8%82%8C%E3%82%82%E6%95%B4%E3%81%86%E6%99%82%E4%BB%A3%E3%81%B8%E3%83%A1%E3%83%B3%E3%82%BA%E3%82%B9%E3%82%AD%E3%83%B3%E3%82%B1%E3%82%A2%E3%82%92%E6%9C%AC%E6%A0%BC%E5%8C%96%E3%81%99%E3%82%8B%E7%BE%8E%E5%AE%B9: ('invalid_grant: Bad Request', {'error': 'invalid_grant', 'error_description': 'Bad Request'})
   ❌ Failed request for https://www.mikke-style.com/articles/20260509-%E6%96%99%E7%90%86%E3%81%8C%E5%A4%89%E3%82%8F%E3%82%8B%E9%81%93%E5%85%B7%E3%82%92%E5%A4%89%E3%81%88%E3%82%8B%E3%81%A0%E3%81%91%E3%81%A7%E6%9C%AC%E6%A0%BC%E3%82%AD%E3%83%83%E3%83%81%E3%83%B3%E3%83%84%E3%83%BC%E3%83%AB6: ('invalid_grant: Bad Request', {'error': 'invalid_grant', 'error_description': 'Bad Request'})
   ❌ Failed request for https://www.mikke-style.com/articles/20260509-%E9%AB%AA%E3%82%92%E3%81%A1%E3%82%83%E3%82%93%E3%81%A8%E3%81%84%E3%81%9F%E3%82%8F%E3%82%8B%E3%82%B5%E3%83%AD%E3%83%B3%E5%93%81%E8%B3%AA%E3%83%98%E3%82%A2%E3%82%B1%E3%82%A2%E3%82%A2%E3%82%A4%E3%83%86%E3%83%A06%E9%81%B8: ('invalid_grant: Bad Request', {'error': 'invalid_grant', 'error_description': 'Bad Request'})
   ❌ Failed request for https://www.mikke-style.com/articles/20260510-%E6%9C%BA%E3%81%AE%E4%B8%8A%E3%81%AB%E4%BB%95%E4%BA%8B%E3%81%AE%E4%BD%99%E7%99%BD%E3%82%92%E4%BD%9C%E3%82%8B%E5%9C%A8%E5%AE%85%E3%83%AF%E3%83%BC%E3%82%AB%E3%83%BC%E3%81%8C%E9%81%B8%E3%81%B6%E4%B8%8A%E8%B3%AA%E3%83%87%E3%82%B9: ('invalid_grant: Bad Request', {'error': 'invalid_grant', 'error_description': 'Bad Request'})
   ❌ Failed request for https://www.mikke-style.com/articles/20260510-%E9%9F%B3%E3%81%8C%E5%A4%89%E3%82%8F%E3%82%8B%E3%81%A8%E6%AF%8E%E6%97%A5%E3%81%8C%E5%A4%89%E3%82%8F%E3%82%8B%E3%81%93%E3%81%A0%E3%82%8F%E3%82%8A%E3%81%AE%E3%83%98%E3%83%83%E3%83%89%E3%83%9B%E3%83%B3%E3%82%A4%E3%83%A4%E3%83%9B: ('invalid_grant: Bad Request', {'error': 'invalid_grant', 'error_description': 'Bad Request'})
   ❌ Failed request for https://www.mikke-style.com/articles/20260511-%E7%81%AF%E3%82%92%E8%90%BD%E3%81%A8%E3%81%97%E3%81%A6%E3%81%8B%E3%82%89%E8%82%8C%E3%81%A8%E5%90%91%E3%81%8D%E5%90%88%E3%81%86%E5%A4%9C%E5%B0%B1%E5%AF%9D%E5%89%8D%E3%83%8A%E3%82%A4%E3%83%88%E3%82%B1%E3%82%A2%E3%82%B3%E3%82%B9: ('invalid_grant: Bad Request', {'error': 'invalid_grant', 'error_description': 'Bad Request'})
   ❌ Failed request for https://www.mikke-style.com/articles/20260511-%E9%9B%86%E4%B8%AD%E3%82%92%E5%A6%A8%E3%81%92%E3%81%AA%E3%81%84%E7%A7%98%E5%AF%86%E5%9F%BA%E5%9C%B0%E5%9C%A8%E5%AE%85%E3%83%AF%E3%83%BC%E3%82%AF%E3%81%AE%E8%B3%AA%E3%82%92%E9%AB%98%E3%82%81%E3%82%8B%E3%83%87%E3%82%B9%E3%82%AF: ('invalid_grant: Bad Request', {'error': 'invalid_grant', 'error_description': 'Bad Request'})
   ❌ Failed request for https://www.mikke-style.com/articles/20260512-%E9%83%A8%E5%B1%8B%E3%81%AB%E4%BD%99%E7%99%BD%E3%81%A8%E3%82%86%E3%81%A8%E3%82%8A%E3%82%92%E7%B4%A1%E3%81%90%E7%9C%81%E3%82%B9%E3%83%9A%E3%83%BC%E3%82%B9%E3%82%92%E5%8F%B6%E3%81%88%E3%82%8B%E9%9D%99%E9%9F%B3%E4%BE%BF%E5%88%A9: ('invalid_grant: Bad Request', {'error': 'invalid_grant', 'error_description': 'Bad Request'})
   ❌ Failed request for https://www.mikke-style.com/articles/20260513-%E5%A4%9C%E3%81%AE%E8%82%8C%E6%99%82%E9%96%93%E3%82%92%E4%B8%81%E5%AF%A7%E3%81%AB%E3%82%B9%E3%82%AD%E3%83%B3%E3%82%B1%E3%82%A2%E3%83%98%E3%82%A2%E3%82%B1%E3%82%A2%E3%81%AE%E6%9C%AC%E5%91%BD%E3%82%B3%E3%82%B9%E3%83%A16: ('invalid_grant: Bad Request', {'error': 'invalid_grant', 'error_description': 'Bad Request'})
   ❌ Failed request for https://www.mikke-style.com/articles/20260513-%E6%AF%8E%E6%9C%9D%E3%81%AE%E8%B3%AA%E3%81%8C%E5%A4%89%E3%82%8F%E3%82%8B%E7%94%9F%E6%B4%BB%E3%82%92%E6%95%B4%E3%81%88%E3%82%8B%E4%BE%BF%E5%88%A9%E3%82%B0%E3%83%83%E3%82%BA6%E9%81%B8: ('invalid_grant: Bad Request', {'error': 'invalid_grant', 'error_description': 'Bad Request'})
   ❌ Failed request for https://www.mikke-style.com/articles/20260514-%E6%AF%8E%E6%97%A5%E3%81%AE%E5%8F%B0%E6%89%80%E3%81%8C%E5%A5%BD%E3%81%8D%E3%81%AB%E3%81%AA%E3%82%8B%E3%82%AD%E3%83%83%E3%83%81%E3%83%B3%E9%9B%91%E8%B2%A8%E4%BF%9D%E5%AD%98%E5%AE%B9%E5%99%A8%E8%AA%BF%E7%90%86%E9%81%93%E5%85%B7: ('invalid_grant: Bad Request', {'error': 'invalid_grant', 'error_description': 'Bad Request'})
   ❌ Failed request for https://www.mikke-style.com/articles/20260515-%E5%AF%9D%E5%AE%A4%E3%81%AE%E7%A9%BA%E6%B0%97%E3%82%92%E9%A6%99%E3%82%8A%E3%81%8B%E3%82%89%E8%A8%AD%E8%A8%88%E3%81%99%E3%82%8B%E5%A4%9C%E3%82%A4%E3%83%B3%E3%83%86%E3%83%AA%E3%82%A2%E3%83%95%E3%83%AC%E3%82%B0%E3%83%A9%E3%83%B3: ('invalid_grant: Bad Request', {'error': 'invalid_grant', 'error_description': 'Bad Request'})
   ❌ Failed request for https://www.mikke-style.com/articles/20260516-%E5%A4%9C%E3%81%AE%E9%9D%99%E5%AF%82%E3%81%AB%E6%B4%BB%E5%AD%97%E3%81%8C%E6%BA%B6%E3%81%91%E3%82%8B%E9%9B%BB%E5%AD%90%E6%9B%B8%E7%B1%8D%E3%83%AA%E3%83%BC%E3%83%80%E3%83%BCe%E3%82%A4%E3%83%B3%E3%82%AF%E3%83%87%E3%83%90: ('invalid_grant: Bad Request', {'error': 'invalid_grant', 'error_description': 'Bad Request'})
   ❌ Failed request for https://www.mikke-style.com/articles/20260517-%E9%9F%B3%E3%81%A7%E5%A4%89%E3%82%8F%E3%82%8B%E6%9C%9D%E3%81%AE%E3%83%AA%E3%82%BA%E3%83%A0%E3%83%8E%E3%82%A4%E3%82%BA%E3%82%AD%E3%83%A3%E3%83%B3%E3%82%BB%E3%83%AA%E3%83%B3%E3%82%B0%E3%82%A4%E3%83%A4%E3%83%9B%E3%83%B3-: ('invalid_grant: Bad Request', {'error': 'invalid_grant', 'error_description': 'Bad Request'})
   ❌ Failed request for https://www.mikke-style.com/articles/20260518-%E7%84%9A%E3%81%8D%E7%81%AB%E3%81%AE%E5%A4%9C%E3%81%8C%E3%82%82%E3%81%A3%E3%81%A8%E5%A5%BD%E3%81%8D%E3%81%AB%E3%81%AA%E3%82%8B%E3%82%AD%E3%83%A3%E3%83%B3%E3%83%97%E3%82%A2%E3%82%A6%E3%83%88%E3%83%89%E3%82%A2%E3%82%AE%E3%82%A2: ('invalid_grant: Bad Request', {'error': 'invalid_grant', 'error_description': 'Bad Request'})
   ❌ Failed request for https://www.mikke-style.com/articles/20260519-%E7%84%9A%E3%81%8D%E7%81%AB%E3%81%AE%E5%89%8D%E3%81%AE%E9%9D%99%E3%81%8B%E3%81%AA%E6%99%82%E9%96%93%E3%82%A2%E3%82%A6%E3%83%88%E3%83%89%E3%82%A2%E3%82%AE%E3%82%A2-%E7%B2%BE%E9%8B%AD6%E9%81%B8: ('invalid_grant: Bad Request', {'error': 'invalid_grant', 'error_description': 'Bad Request'})
   ❌ Failed request for https://www.mikke-style.com/articles/20260520-2026%E5%B9%B4%E6%9C%80%E6%96%B0%E3%83%97%E3%83%AD%E3%81%8C%E5%8E%B3%E9%81%B8%E3%82%A8%E3%82%A4%E3%82%B8%E3%83%B3%E3%82%B0%E3%82%B1%E3%82%A2%E7%BE%8E%E5%AE%B9%E6%B6%B2%E3%81%8A%E3%81%99%E3%81%99%E3%82%81%E4%BA%BA%E6%B0%97%E3%83%A9%E3%83%B3: ('invalid_grant: Bad Request', {'error': 'invalid_grant', 'error_description': 'Bad Request'})
   ❌ Failed request for https://www.mikke-style.com/articles/20260520-2026%E5%B9%B4%E7%89%88%E5%9C%A8%E5%AE%85%E3%83%AF%E3%83%BC%E3%82%AF%E3%81%AE%E7%94%9F%E7%94%A3%E6%80%A7%E3%82%92%E6%9C%80%E5%A4%A7%E5%8C%96%E5%BF%AB%E9%81%A9%E3%81%AA%E3%83%87%E3%82%B9%E3%82%AF%E7%92%B0%E5%A2%83%E3%82%92%E5%8F%B6%E3%81%88: ('invalid_grant: Bad Request', {'error': 'invalid_grant', 'error_description': 'Bad Request'})
   ❌ Failed request for https://www.mikke-style.com/articles/20260521-%E5%85%89%E3%81%AE%E8%B3%AA%E3%81%8C%E9%83%A8%E5%B1%8B%E3%81%AE%E6%99%82%E9%96%93%E3%82%92%E5%A4%89%E3%81%88%E3%82%8B%E3%82%A4%E3%83%B3%E3%83%86%E3%83%AA%E3%82%A2%E7%85%A7%E6%98%8E%E3%83%86%E3%83%BC%E3%83%96%E3%83%AB%E3%83%A9: ('invalid_grant: Bad Request', {'error': 'invalid_grant', 'error_description': 'Bad Request'})
   ❌ Failed request for https://www.mikke-style.com/articles/20260521-%E6%9B%B8%E3%81%8F%E3%81%93%E3%81%A8%E3%81%A7%E6%80%9D%E8%80%83%E3%81%8C%E7%A0%94%E3%81%8E%E6%BE%84%E3%81%BE%E3%81%95%E3%82%8C%E3%82%8B%E6%89%8B%E6%9B%B8%E3%81%8D%E6%B4%BE%E3%81%AE%E3%81%9F%E3%82%81%E3%81%AE%E3%83%8E%E3%83%BC: ('invalid_grant: Bad Request', {'error': 'invalid_grant', 'error_description': 'Bad Request'})
   ❌ Failed request for https://www.mikke-style.com/articles/20260522-%E7%84%9A%E3%81%8D%E7%81%AB%E3%81%AE%E5%89%8D%E3%81%AB%E9%81%93%E5%85%B7%E3%82%92%E9%81%B8%E3%81%B6%E3%82%AD%E3%83%A3%E3%83%B3%E3%83%97%E8%AA%BF%E7%90%86%E3%82%92%E6%B7%B1%E3%82%81%E3%82%8B%E9%81%93%E5%85%B76%E9%81%B8: ('invalid_grant: Bad Request', {'error': 'invalid_grant', 'error_description': 'Bad Request'})
   ❌ Failed request for https://www.mikke-style.com/articles/20260523-2026%E5%B9%B4%E6%9C%80%E6%96%B0%E6%97%A5%E7%84%BC%E3%81%91%E6%AD%A2%E3%82%81%E3%81%8A%E3%81%99%E3%81%99%E3%82%81%E4%BA%BA%E6%B0%97%E3%83%A9%E3%83%B3%E3%82%AD%E3%83%B3%E3%82%B0%E7%B5%B6%E5%AF%BE%E3%81%AB%E7%84%BC%E3%81%8B%E3%81%AA%E3%81%84: ('invalid_grant: Bad Request', {'error': 'invalid_grant', 'error_description': 'Bad Request'})
   ❌ Failed request for https://www.mikke-style.com/articles/20260523-%E3%82%82%E3%81%97%E3%82%82%E3%82%92%E6%97%A5%E5%B8%B8%E3%81%AB%E3%81%99%E3%82%8B%E9%98%B2%E7%81%BD%E3%83%9D%E3%83%BC%E3%83%81%E3%81%AB%E5%85%A5%E3%82%8C%E3%81%9F%E3%81%84%E3%82%B0%E3%83%83%E3%82%BA6%E9%81%B8: ('invalid_grant: Bad Request', {'error': 'invalid_grant', 'error_description': 'Bad Request'})
   ❌ Failed request for https://www.mikke-style.com/articles/20260523-%E7%9B%AE%E8%A6%9A%E3%82%81%E3%81%AE%E8%89%AF%E3%81%95%E3%81%AF%E5%A4%9C%E3%81%AB%E8%A8%AD%E8%A8%88%E3%81%95%E3%82%8C%E3%82%8B%E7%9D%A1%E7%9C%A0%E7%92%B0%E5%A2%83%E3%82%92%E6%95%B4%E3%81%88%E3%82%8B%E5%AF%9D%E5%AE%A4%E3%82%A2: ('invalid_grant: Bad Request', {'error': 'invalid_grant', 'error_description': 'Bad Request'})
   ❌ Failed request for https://www.mikke-style.com/articles/20260524-%E6%9C%9D%E3%81%AE5%E5%88%86%E3%82%92%E4%BD%93%E3%81%AB%E8%BF%94%E3%81%99%E5%9C%A8%E5%AE%85%E3%83%AF%E3%83%BC%E3%82%AB%E3%83%BC%E3%81%8C%E9%81%B8%E3%81%B6%E3%82%B9%E3%83%88%E3%83%AC%E3%83%83%E3%83%81%E3%82%B1%E3%82%A2: ('invalid_grant: Bad Request', {'error': 'invalid_grant', 'error_description': 'Bad Request'})
   ❌ Failed request for https://www.mikke-style.com/articles/20260525-smartwatch-comparison: ('invalid_grant: Bad Request', {'error': 'invalid_grant', 'error_description': 'Bad Request'})
   ❌ Failed request for https://www.mikke-style.com/articles/20260525-%E5%8F%B0%E6%89%80%E3%81%AB%E8%81%B7%E4%BA%BA%E3%81%AE%E6%84%8F%E5%BF%97%E3%82%92%E7%BD%AE%E3%81%8F%E6%96%99%E7%90%86%E5%A5%BD%E3%81%8D%E3%81%8C%E8%AA%8D%E3%82%81%E3%82%8B%E6%9C%AC%E6%A0%BC%E3%82%AD%E3%83%83%E3%83%81%E3%83%B3: ('invalid_grant: Bad Request', {'error': 'invalid_grant', 'error_description': 'Bad Request'})
   ❌ Failed request for https://www.mikke-style.com/articles/20260526-best-shampoos-for-damaged-hair: ('invalid_grant: Bad Request', {'error': 'invalid_grant', 'error_description': 'Bad Request'})
   ❌ Failed request for https://www.mikke-style.com/articles/20260526-daily-life-water-bottle-guide: ('invalid_grant: Bad Request', {'error': 'invalid_grant', 'error_description': 'Bad Request'})
   ❌ Failed request for https://www.mikke-style.com/articles/20260526-mac-mini-monitors: ('invalid_grant: Bad Request', {'error': 'invalid_grant', 'error_description': 'Bad Request'})
   ❌ Failed request for https://www.mikke-style.com/articles/20260526-stroller-selection-guide: ('invalid_grant: Bad Request', {'error': 'invalid_grant', 'error_description': 'Bad Request'})
   ❌ Failed request for https://www.mikke-style.com/articles/20260526-%E7%84%9A%E3%81%8D%E7%81%AB%E3%81%AE%E5%89%8D%E3%81%AB%E9%81%93%E5%85%B7%E3%82%92%E9%81%B8%E3%81%B6%E3%82%AD%E3%83%A3%E3%83%B3%E3%83%97%E8%AA%BF%E7%90%86%E3%82%92%E6%B7%B1%E3%82%81%E3%82%8B%E9%81%93%E5%85%B76%E9%81%B8: ('invalid_grant: Bad Request', {'error': 'invalid_grant', 'error_description': 'Bad Request'})
   ❌ Failed request for https://www.mikke-style.com/articles/20260529-aroma-diffusers: ('invalid_grant: Bad Request', {'error': 'invalid_grant', 'error_description': 'Bad Request'})
   ❌ Failed request for https://www.mikke-style.com/articles/20260529-hair-dryers: ('invalid_grant: Bad Request', {'error': 'invalid_grant', 'error_description': 'Bad Request'})
   ❌ Failed request for https://www.mikke-style.com/articles/20260529-regal-business-shoes: ('invalid_grant: Bad Request', {'error': 'invalid_grant', 'error_description': 'Bad Request'})
   ❌ Failed request for https://www.mikke-style.com/articles/20260530-keyboards: ('invalid_grant: Bad Request', {'error': 'invalid_grant', 'error_description': 'Bad Request'})
   ❌ Failed request for https://www.mikke-style.com/articles/20260530-%E6%A4%8D%E7%89%A9%E8%82%B2%E6%88%90%E3%83%A9%E3%82%A4%E3%83%88%E3%81%AE%E3%81%8A%E3%81%99%E3%81%99%E3%82%81%E4%BA%BA%E6%B0%97%E3%83%A9%E3%83%B3%E3%82%AD%E3%83%B3%E3%82%B0: ('invalid_grant: Bad Request', {'error': 'invalid_grant', 'error_description': 'Bad Request'})
   ❌ Failed request for https://www.mikke-style.com/articles/20260531-aquarium-led-lights: ('invalid_grant: Bad Request', {'error': 'invalid_grant', 'error_description': 'Bad Request'})
   ❌ Failed request for https://www.mikke-style.com/articles/20260531-umbrellas: ('invalid_grant: Bad Request', {'error': 'invalid_grant', 'error_description': 'Bad Request'})
   ❌ Failed request for https://www.mikke-style.com/articles/20260603-eyeliner-comparison: ('invalid_grant: Bad Request', {'error': 'invalid_grant', 'error_description': 'Bad Request'})
   ❌ Failed request for https://www.mikke-style.com/articles/20260607-cleansing-oil: ('invalid_grant: Bad Request', {'error': 'invalid_grant', 'error_description': 'Bad Request'})
   ❌ Failed request for https://www.mikke-style.com/articles/20260607-serum: ('invalid_grant: Bad Request', {'error': 'invalid_grant', 'error_description': 'Bad Request'})
   ❌ Failed request for https://www.mikke-style.com/articles/20260608-face-mask: ('invalid_grant: Bad Request', {'error': 'invalid_grant', 'error_description': 'Bad Request'})
   ❌ Failed request for https://www.mikke-style.com/articles/20260608-toner: ('invalid_grant: Bad Request', {'error': 'invalid_grant', 'error_description': 'Bad Request'})
   ❌ Failed request for https://www.mikke-style.com/articles/20260609-cleansing-balm: ('invalid_grant: Bad Request', {'error': 'invalid_grant', 'error_description': 'Bad Request'})
   ❌ Failed request for https://www.mikke-style.com/articles/20260610-cleanser: ('invalid_grant: Bad Request', {'error': 'invalid_grant', 'error_description': 'Bad Request'})
   ❌ Failed request for https://www.mikke-style.com/articles/20260610-cleansing-gel: ('invalid_grant: Bad Request', {'error': 'invalid_grant', 'error_description': 'Bad Request'})
   ❌ Failed request for https://www.mikke-style.com/articles/20260611-booster: ('invalid_grant: Bad Request', {'error': 'invalid_grant', 'error_description': 'Bad Request'})
   ❌ Failed request for https://www.mikke-style.com/articles/20260611-lip-serum: ('invalid_grant: Bad Request', {'error': 'invalid_grant', 'error_description': 'Bad Request'})
   ❌ Failed request for https://www.mikke-style.com/articles/20260612-emulsion: ('invalid_grant: Bad Request', {'error': 'invalid_grant', 'error_description': 'Bad Request'})
   ❌ Failed request for https://www.mikke-style.com/articles/20260612-face-cream: ('invalid_grant: Bad Request', {'error': 'invalid_grant', 'error_description': 'Bad Request'})
   ❌ Failed request for https://www.mikke-style.com/articles/20260613-daily-pack: ('invalid_grant: Bad Request', {'error': 'invalid_grant', 'error_description': 'Bad Request'})
   ❌ Failed request for https://www.mikke-style.com/articles/20260614-affordable-cleanser: ('invalid_grant: Bad Request', {'error': 'invalid_grant', 'error_description': 'Bad Request'})
   ❌ Failed request for https://www.mikke-style.com/articles/20260614-peeling-serum: ('invalid_grant: Bad Request', {'error': 'invalid_grant', 'error_description': 'Bad Request'})
   ❌ Failed request for https://www.mikke-style.com/articles/20260615-mens-face-wash: ('invalid_grant: Bad Request', {'error': 'invalid_grant', 'error_description': 'Bad Request'})
   ❌ Failed request for https://www.mikke-style.com/articles/20260615-sheet-masks-for-40s: ('invalid_grant: Bad Request', {'error': 'invalid_grant', 'error_description': 'Bad Request'})
   ❌ Failed request for https://www.mikke-style.com/articles/20260616-face-wash: ('invalid_grant: Bad Request', {'error': 'invalid_grant', 'error_description': 'Bad Request'})
   ❌ Failed request for https://www.mikke-style.com/articles/20260616-hand-cream: ('invalid_grant: Bad Request', {'error': 'invalid_grant', 'error_description': 'Bad Request'})
   ❌ Failed request for https://www.mikke-style.com/articles/20260617-wet-cleanser: ('invalid_grant: Bad Request', {'error': 'invalid_grant', 'error_description': 'Bad Request'})
   ❌ Failed request for https://www.mikke-style.com/articles/20260618-affordable-booster: ('invalid_grant: Bad Request', {'error': 'invalid_grant', 'error_description': 'Bad Request'})
   ❌ Failed request for https://www.mikke-style.com/articles/20260619-cleansing-balm: ('invalid_grant: Bad Request', {'error': 'invalid_grant', 'error_description': 'Bad Request'})
   ❌ Failed request for https://www.mikke-style.com/articles/20260619-mascara: ('invalid_grant: Bad Request', {'error': 'invalid_grant', 'error_description': 'Bad Request'})
   ❌ Failed request for https://www.mikke-style.com/articles/20260620-article-001: ('invalid_grant: Bad Request', {'error': 'invalid_grant', 'error_description': 'Bad Request'})
   ❌ Failed request for https://www.mikke-style.com/articles/20260620-serum: ('invalid_grant: Bad Request', {'error': 'invalid_grant', 'error_description': 'Bad Request'})
   ❌ Failed request for https://www.mikke-style.com/articles/20260621-article-001: ('invalid_grant: Bad Request', {'error': 'invalid_grant', 'error_description': 'Bad Request'})
   ❌ Failed request for https://www.mikke-style.com/articles/20260621-serum: ('invalid_grant: Bad Request', {'error': 'invalid_grant', 'error_description': 'Bad Request'})
   ❌ Failed request for https://www.mikke-style.com/articles/20260622-article-001: ('invalid_grant: Bad Request', {'error': 'invalid_grant', 'error_description': 'Bad Request'})
   ❌ Failed request for https://www.mikke-style.com/articles/20260622-toner: ('invalid_grant: Bad Request', {'error': 'invalid_grant', 'error_description': 'Bad Request'})
   ❌ Failed request for https://www.mikke-style.com/articles/20260624-beauty: ('invalid_grant: Bad Request', {'error': 'invalid_grant', 'error_description': 'Bad Request'})
   ❌ Failed request for https://www.mikke-style.com/articles/20260624-treatment: ('invalid_grant: Bad Request', {'error': 'invalid_grant', 'error_description': 'Bad Request'})
   ❌ Failed request for https://www.mikke-style.com/articles/20260625-beauty: ('invalid_grant: Bad Request', {'error': 'invalid_grant', 'error_description': 'Bad Request'})
   ❌ Failed request for https://www.mikke-style.com/articles/20260625-serum: ('invalid_grant: Bad Request', {'error': 'invalid_grant', 'error_description': 'Bad Request'})
   ❌ Failed request for https://www.mikke-style.com/articles/20260626-beauty: ('invalid_grant: Bad Request', {'error': 'invalid_grant', 'error_description': 'Bad Request'})
   ❌ Failed request for https://www.mikke-style.com/articles/20260627-beauty: ('invalid_grant: Bad Request', {'error': 'invalid_grant', 'error_description': 'Bad Request'})
   ❌ Failed request for https://www.mikke-style.com/articles/20260628-beauty: ('invalid_grant: Bad Request', {'error': 'invalid_grant', 'error_description': 'Bad Request'})
   ❌ Failed request for https://www.mikke-style.com/articles/20260629-beauty: ('invalid_grant: Bad Request', {'error': 'invalid_grant', 'error_description': 'Bad Request'})
   ❌ Failed request for https://www.mikke-style.com/articles/20260707-beauty-2: ('invalid_grant: Bad Request', {'error': 'invalid_grant', 'error_description': 'Bad Request'})
   ❌ Failed request for https://www.mikke-style.com/articles/20260707-beauty: ('invalid_grant: Bad Request', {'error': 'invalid_grant', 'error_description': 'Bad Request'})
   ❌ Failed request for https://www.mikke-style.com/articles/20260708-beauty-1: ('invalid_grant: Bad Request', {'error': 'invalid_grant', 'error_description': 'Bad Request'})
   ❌ Failed request for https://www.mikke-style.com/articles/20260708-beauty-2: ('invalid_grant: Bad Request', {'error': 'invalid_grant', 'error_description': 'Bad Request'})
   ❌ Failed request for https://www.mikke-style.com/articles/20260709-beauty-1: ('invalid_grant: Bad Request', {'error': 'invalid_grant', 'error_description': 'Bad Request'})
   ❌ Failed request for https://www.mikke-style.com/articles/20260709-cream: ('invalid_grant: Bad Request', {'error': 'invalid_grant', 'error_description': 'Bad Request'})
   ❌ Failed request for https://www.mikke-style.com/articles/cleansing-oil-real: ('invalid_grant: Bad Request', {'error': 'invalid_grant', 'error_description': 'Bad Request'})
✅ Indexing requests sent: 0/110
🔄 [Step 3] Analyzing GA4 Traffic and PV Growth...

📈 --- GA4 PV Daily Comparison Report ---
Page Path                                                    | Yesterday PV    | Today PV   | Change    
---------------------------------------------------------------------------------------------------------
---------------------------------------------------------------------------------------------------------
✅ Saved current PVs to yesterday's cache.
🔄 [Step 4] Detecting Articles with low internal links (< 3)...

⚠️ --- Articles with Low Internal Links (< 3) ---
Article Slug                                                      | Internal Links Count
------------------------------------------------------------------------------------------
20260709-cream                                                    | 0                   
20260530-植物育成ライトのおすすめ人気ランキング                                      | 0                   
20260516-夜の静寂に活字が溶ける電子書籍リーダーeインクデバ                                | 1                   
20260412-2026年春テレワークが劇的に捗るデスク周りのおすすめガジェ                           | 1                   
20260712-serum                                                    | 0                   
20260507-浴室を一日の終わりの聖域にバスタイムケアグッズ6選                                | 1                   
20260512-部屋に余白とゆとりを紡ぐ省スペースを叶える静音便利                                | 2                   
20260708-beauty-1                                                 | 0                   
20260711-cleansing-balm-2                                         | 0                   
20260523-2026年最新日焼け止めおすすめ人気ランキング絶対に焼かない                           | 0                   
20260714-spf                                                      | 0                   
20260413-2026年最新忙しい朝を劇的に変える暮らしの質が上がる厳選時                           | 2                   
20260713-cream                                                    | 0                   
20260707-beauty                                                   | 0                   
20260420-新製品レビュー：最新の日焼け止めクリーム                                     | 1                   
20260521-書くことで思考が研ぎ澄まされる手書き派のためのノー                                | 1                   
20260509-髪をちゃんといたわるサロン品質ヘアケアアイテム6選                                | 1                   
20260714-serum                                                    | 0                   
20260716-lip                                                      | 0                   
20260525-smartwatch-comparison                                    | 0                   
20260520-2026年最新プロが厳選エイジングケア美容液おすすめ人気ラン                           | 0                   
20260709-beauty-1                                                 | 0                   
20260707-beauty-2                                                 | 0                   
20260517-音で変わる朝のリズムノイズキャンセリングイヤホン-                                | 1                   
20260429-豆から始まる朝の時間割スペシャルティコーヒー器具6                                | 2                   
20260713-cleanser                                                 | 0                   
20260518-焚き火の夜がもっと好きになるキャンプアウトドアギア                                | 1                   
20260519-焚き火の前の静かな時間アウトドアギア-精鋭6選                                  | 1                   
20260711-cleansing-balm                                           | 0                   
20260712-cleansing                                                | 0                   
20260708-beauty-2                                                 | 0                   
20260412-2026年春テレワークが劇的に捗るデスク周りのおすすめガジェ-fix                       | 0                   
20260715-spf                                                      | 0                   
20260715-cleanser                                                 | 0                   
20260515-寝室の空気を香りから設計する夜インテリアフレグラン                                | 1                   
------------------------------------------------------------------------------------------
Total articles with low links: 35

=== SEO Automation Run Finished ===

/Users/tsukika/Library/Python/3.9/lib/python/site-packages/google/oauth2/__init__.py:40: FutureWarning: You are using a Python version 3.9 past its end of life. Google will update google-auth with critical bug fixes on a best-effort basis, but not with any other fixes or features. Please upgrade your Python version, and then update google-auth.
  warnings.warn(eol_message.format("3.9"), FutureWarning)
/Users/tsukika/Library/Python/3.9/lib/python/site-packages/google/auth/__init__.py:54: FutureWarning: You are using a Python version 3.9 past its end of life. Google will update google-auth with critical bug fixes on a best-effort basis, but not with any other fixes or features. Please upgrade your Python version, and then update google-auth.
  warnings.warn(eol_message.format("3.9"), FutureWarning)
/Users/tsukika/Library/Python/3.9/lib/python/site-packages/google/api_core/_python_version_support.py:242: FutureWarning: You are using a non-supported Python version (3.9.6). Google will not post any further updates to google.api_core supporting this Python version. Please upgrade to the latest Python version, or at least Python 3.10, and then update google.api_core.
  warnings.warn(message, FutureWarning)
/Users/tsukika/Library/Python/3.9/lib/python/site-packages/urllib3/__init__.py:35: NotOpenSSLWarning: urllib3 v2 only supports OpenSSL 1.1.1+, currently the 'ssl' module is compiled with 'LibreSSL 2.8.3'. See: https://github.com/urllib3/urllib3/issues/3020
  warnings.warn(
/Users/tsukika/Library/Python/3.9/lib/python/site-packages/google/api_core/_python_version_support.py:242: FutureWarning: You are using a non-supported Python version (3.9.6). Google will not post any further updates to google.analytics.data_v1beta supporting this Python version. Please upgrade to the latest Python version, or at least Python 3.10, and then update google.analytics.data_v1beta.
  warnings.warn(message, FutureWarning)
=== SEO Automation Run: 2026-07-21 04:55:16 ===
🔄 [Step 1] Updating Sitemap via Next-Sitemap...
❌ Failed to update sitemap: [Errno 2] No such file or directory: 'npx'
🔄 [Step 2] Sending URL Indexing Requests...
🔑 Authenticating with OAuth 2.0 Playground credentials...
   ❌ Failed request for https://www.mikke-style.com/articles/20260412-2026%E5%B9%B4%E6%98%A5%E3%83%86%E3%83%AC%E3%83%AF%E3%83%BC%E3%82%AF%E3%81%8C%E5%8A%87%E7%9A%84%E3%81%AB%E6%8D%97%E3%82%8B%E3%83%87%E3%82%B9%E3%82%AF%E5%91%A8%E3%82%8A%E3%81%AE%E3%81%8A%E3%81%99%E3%81%99%E3%82%81%E3%82%AC%E3%82%B8%E3%82%A7: ('invalid_grant: Bad Request', {'error': 'invalid_grant', 'error_description': 'Bad Request'})
   ❌ Failed request for https://www.mikke-style.com/articles/20260413-2026%E5%B9%B4%E6%9C%80%E6%96%B0%E5%BF%99%E3%81%97%E3%81%84%E6%9C%9D%E3%82%92%E5%8A%87%E7%9A%84%E3%81%AB%E5%A4%89%E3%81%88%E3%82%8B%E6%9A%AE%E3%82%89%E3%81%97%E3%81%AE%E8%B3%AA%E3%81%8C%E4%B8%8A%E3%81%8C%E3%82%8B%E5%8E%B3%E9%81%B8%E6%99%82: ('invalid_grant: Bad Request', {'error': 'invalid_grant', 'error_description': 'Bad Request'})
   ❌ Failed request for https://www.mikke-style.com/articles/20260415-gw-travel-outdoor: ('invalid_grant: Bad Request', {'error': 'invalid_grant', 'error_description': 'Bad Request'})
   ❌ Failed request for https://www.mikke-style.com/articles/20260418-skincare-spring: ('invalid_grant: Bad Request', {'error': 'invalid_grant', 'error_description': 'Bad Request'})
   ❌ Failed request for https://www.mikke-style.com/articles/20260419-ps5-apple-a19-hikaku: ('invalid_grant: Bad Request', {'error': 'invalid_grant', 'error_description': 'Bad Request'})
   ❌ Failed request for https://www.mikke-style.com/articles/20260420-%E6%96%B0%E8%A3%BD%E5%93%81%E3%83%AC%E3%83%93%E3%83%A5%E3%83%BC%EF%BC%9A%E6%9C%80%E6%96%B0%E3%81%AE%E6%97%A5%E7%84%BC%E3%81%91%E6%AD%A2%E3%82%81%E3%82%AF%E3%83%AA%E3%83%BC%E3%83%A0: ('invalid_grant: Bad Request', {'error': 'invalid_grant', 'error_description': 'Bad Request'})
   ❌ Failed request for https://www.mikke-style.com/articles/20260420-%E6%98%A5%E3%81%AE%E6%96%B0%E7%94%9F%E6%B4%BB%E3%81%AB%E3%81%B4%E3%81%A3%E3%81%9F%E3%82%8A%E3%81%AE%E3%82%A4%E3%83%B3%E3%83%86%E3%83%AA%E3%82%A2%E3%82%A2%E3%82%A4%E3%83%86%E3%83%A0: ('invalid_grant: Bad Request', {'error': 'invalid_grant', 'error_description': 'Bad Request'})
   ❌ Failed request for https://www.mikke-style.com/articles/20260422-2026%E5%B9%B4%E6%98%A5%E8%8A%B1%E7%B2%89%E7%B4%AB%E5%A4%96%E7%B7%9A%E3%83%80%E3%83%96%E3%83%AB%E5%AF%BE%E7%AD%96%E8%82%8C%E3%82%92%E5%AE%88%E3%82%8B%E3%82%B9%E3%82%AD%E3%83%B3%E3%82%B1%E3%82%A2: ('invalid_grant: Bad Request', {'error': 'invalid_grant', 'error_description': 'Bad Request'})
   ❌ Failed request for https://www.mikke-style.com/articles/20260422-2026%E5%B9%B4%E6%9C%80%E6%96%B0%E5%88%9D%E5%BF%83%E8%80%85%E3%81%A7%E3%82%82%E4%BD%BF%E3%81%84%E3%82%84%E3%81%99%E3%81%84%E3%82%B3%E3%82%B9%E3%83%91%E6%9C%80%E5%BC%B7%E3%83%9F%E3%83%A9%E3%83%BC: ('invalid_grant: Bad Request', {'error': 'invalid_grant', 'error_description': 'Bad Request'})
   ❌ Failed request for https://www.mikke-style.com/articles/20260423-2026%E5%B9%B4%E6%9C%80%E6%96%B0%E4%B9%BE%E7%87%A5%E8%82%8C%E3%81%95%E3%82%93%E5%BF%85%E8%A6%8B%E3%83%97%E3%83%81%E3%83%97%E3%83%A9%E3%81%AA%E3%81%AE%E3%81%AB%E5%AE%9F%E5%8A%9B%E6%B4%BE%E3%82%B9: ('invalid_grant: Bad Request', {'error': 'invalid_grant', 'error_description': 'Bad Request'})
   ❌ Failed request for https://www.mikke-style.com/articles/20260423-%E6%99%82%E7%9F%AD%E3%83%A9%E3%82%AF%E5%AE%B6%E4%BA%8B%E6%96%99%E7%90%86%E3%81%8C%E6%A5%BD%E3%81%97%E3%81%8F%E3%81%AA%E3%82%8B%E3%82%AD%E3%83%83%E3%83%81%E3%83%B3%E4%BE%BF%E5%88%A9%E3%82%B0%E3%83%83%E3%82%BA7%E9%81%B8: ('invalid_grant: Bad Request', {'error': 'invalid_grant', 'error_description': 'Bad Request'})
   ❌ Failed request for https://www.mikke-style.com/articles/20260424-2026%E5%B9%B4%E6%9C%80%E6%96%B0%E3%83%A1%E3%83%B3%E3%82%BA%E3%82%B9%E3%82%AD%E3%83%B3%E3%82%B1%E3%82%A2%E5%88%9D%E5%BF%83%E8%80%85%E5%BF%85%E8%A6%8B%E6%9C%AC%E5%BD%93%E3%81%AB%E8%B2%B7%E3%81%86: ('invalid_grant: Bad Request', {'error': 'invalid_grant', 'error_description': 'Bad Request'})
   ❌ Failed request for https://www.mikke-style.com/articles/20260424-2026%E5%B9%B4%E7%9D%A1%E7%9C%A0%E3%81%AE%E8%B3%AA%E3%82%92%E4%B8%8A%E3%81%92%E3%81%9F%E3%81%84%E4%BA%BA%E3%81%B8%E3%81%8A%E3%81%99%E3%81%99%E3%82%81%E5%BF%AB%E7%9C%A0%E3%82%B0%E3%83%83%E3%82%BA: ('invalid_grant: Bad Request', {'error': 'invalid_grant', 'error_description': 'Bad Request'})
   ❌ Failed request for https://www.mikke-style.com/articles/20260424-2026%E5%B9%B4%E8%87%AA%E5%AE%85%E3%81%A7%E3%81%A8%E3%81%A8%E3%81%AE%E3%81%86%E3%82%B5%E3%82%A6%E3%83%8A%E5%A5%BD%E3%81%8D%E3%81%8C%E9%81%B8%E3%81%B6%E3%81%8A%E3%81%99%E3%81%99%E3%82%81%E6%B8%A9: ('invalid_grant: Bad Request', {'error': 'invalid_grant', 'error_description': 'Bad Request'})
   ❌ Failed request for https://www.mikke-style.com/articles/20260426-2026%E5%B9%B4%E4%BF%9D%E5%AD%98%E7%89%88%E9%98%B2%E7%81%BD%E3%82%A2%E3%82%A6%E3%83%88%E3%83%89%E3%82%A2%E3%81%AB%E5%BD%B9%E7%AB%8B%E3%81%A4%E3%83%9D%E3%83%BC%E3%82%BF%E3%83%96%E3%83%AB%E9%9B%BB: ('invalid_grant: Bad Request', {'error': 'invalid_grant', 'error_description': 'Bad Request'})
   ❌ Failed request for https://www.mikke-style.com/articles/20260426-2026%E5%B9%B4%E6%9C%80%E6%96%B0%E5%81%A5%E5%BA%B7%E7%AE%A1%E7%90%86%E3%81%AB%E5%BD%B9%E7%AB%8B%E3%81%A4%E3%82%B9%E3%83%9E%E3%83%BC%E3%83%88%E3%82%A6%E3%82%A9%E3%83%83%E3%83%81%E3%81%8A%E3%81%99: ('invalid_grant: Bad Request', {'error': 'invalid_grant', 'error_description': 'Bad Request'})
   ❌ Failed request for https://www.mikke-style.com/articles/20260426-2026%E5%B9%B4%E6%9C%80%E6%96%B0%E5%A4%B1%E6%95%97%E3%81%97%E3%81%AA%E3%81%84%E3%83%8E%E3%82%A4%E3%82%BA%E3%82%AD%E3%83%A3%E3%83%B3%E3%82%BB%E3%83%AA%E3%83%B3%E3%82%B0%E6%90%AD%E8%BC%89%E3%83%AF: ('invalid_grant: Bad Request', {'error': 'invalid_grant', 'error_description': 'Bad Request'})
   ❌ Failed request for https://www.mikke-style.com/articles/20260427-2026%E5%B9%B4%E7%BE%8E%E5%AE%B9%E5%A5%BD%E3%81%8D%E3%81%8C%E3%83%AA%E3%83%94%E8%B2%B7%E3%81%84%E8%A9%B1%E9%A1%8C%E3%81%AE%E9%9F%93%E5%9B%BD%E3%82%B3%E3%82%B9%E3%83%A1%E3%81%8A%E3%81%99%E3%81%99: ('invalid_grant: Bad Request', {'error': 'invalid_grant', 'error_description': 'Bad Request'})
   ❌ Failed request for https://www.mikke-style.com/articles/20260427-%E3%83%87%E3%82%B9%E3%82%AF%E3%81%AB%E9%9D%99%E3%81%91%E3%81%95%E3%82%92%E8%A8%AD%E8%A8%88%E3%81%99%E3%82%8B%E5%9C%A8%E5%AE%85%E3%83%AF%E3%83%BC%E3%82%AF%E7%92%B0%E5%A2%83%E3%82%92%E6%95%B4%E3%81%88%E3%82%8B%E3%82%AC%E3%82%B8: ('invalid_grant: Bad Request', {'error': 'invalid_grant', 'error_description': 'Bad Request'})
   ❌ Failed request for https://www.mikke-style.com/articles/20260429-%E6%98%8E%E6%97%A5%E3%81%AE%E6%9C%9D%E3%81%8C%E5%A4%89%E3%82%8F%E3%82%8B%E5%A4%9C%E3%81%AE%E9%AB%AA%E6%99%82%E9%96%93%E3%83%98%E3%82%A2%E3%83%88%E3%83%AA%E3%83%BC%E3%83%88%E3%83%A1%E3%83%B3%E3%83%88%E3%83%8A%E3%82%A4%E3%83%88: ('invalid_grant: Bad Request', {'error': 'invalid_grant', 'error_description': 'Bad Request'})
   ❌ Failed request for https://www.mikke-style.com/articles/20260429-%E8%B1%86%E3%81%8B%E3%82%89%E5%A7%8B%E3%81%BE%E3%82%8B%E6%9C%9D%E3%81%AE%E6%99%82%E9%96%93%E5%89%B2%E3%82%B9%E3%83%9A%E3%82%B7%E3%83%A3%E3%83%AB%E3%83%86%E3%82%A3%E3%82%B3%E3%83%BC%E3%83%92%E3%83%BC%E5%99%A8%E5%85%B76: ('invalid_grant: Bad Request', {'error': 'invalid_grant', 'error_description': 'Bad Request'})
   ❌ Failed request for https://www.mikke-style.com/articles/20260429-%E9%83%A8%E5%B1%8B%E3%81%AB%E4%BD%99%E7%99%BD%E3%82%92%E7%BD%AE%E3%81%8F%E4%B8%80%E4%BA%BA%E6%9A%AE%E3%82%89%E3%81%97%E3%83%9F%E3%83%8B%E3%83%9E%E3%83%AA%E3%82%B9%E3%83%88%E3%81%AE%E3%82%A4%E3%83%B3%E3%83%86%E3%83%AA%E3%82%A2: ('invalid_grant: Bad Request', {'error': 'invalid_grant', 'error_description': 'Bad Request'})
   ❌ Failed request for https://www.mikke-style.com/articles/20260430-%E8%82%8C%E3%81%8C%E5%83%8D%E3%81%8F%E5%A4%9C%E3%81%AE%E3%81%9F%E3%82%81%E3%81%AB%E9%9F%93%E5%9B%BD%E7%99%BA%E3%83%8A%E3%82%A4%E3%83%88%E3%82%B9%E3%82%AD%E3%83%B3%E3%82%B1%E3%82%A26%E9%81%B8: ('invalid_grant: Bad Request', {'error': 'invalid_grant', 'error_description': 'Bad Request'})
   ❌ Failed request for https://www.mikke-style.com/articles/20260501-%E8%80%B3%E3%81%AB%E6%AD%A3%E7%9B%B4%E3%81%AA%E9%9F%B3%E3%82%92%E5%B1%8A%E3%81%91%E3%82%8B%E3%83%97%E3%83%AC%E3%83%9F%E3%82%A2%E3%83%A0%E3%83%AF%E3%82%A4%E3%83%A4%E3%83%AC%E3%82%B9%E3%82%A4%E3%83%A4%E3%83%95%E3%82%A9%E3%83%B3: ('invalid_grant: Bad Request', {'error': 'invalid_grant', 'error_description': 'Bad Request'})
   ❌ Failed request for https://www.mikke-style.com/articles/20260504-%E9%9D%99%E9%9F%B3%E3%81%A8%E9%9B%86%E4%B8%AD%E3%82%92%E6%9C%BA%E3%81%AE%E4%B8%8A%E3%81%AB%E8%A8%AD%E8%A8%88%E3%81%99%E3%82%8B%E5%9C%A8%E5%AE%85%E3%83%AF%E3%83%BC%E3%82%AF%E7%92%B0%E5%A2%83%E3%82%92%E6%95%B4%E3%81%88%E3%82%8B: ('invalid_grant: Bad Request', {'error': 'invalid_grant', 'error_description': 'Bad Request'})
   ❌ Failed request for https://www.mikke-style.com/articles/20260505-%E5%A4%9C%E3%81%AE%E7%A9%BA%E6%B0%97%E3%82%92%E9%A6%99%E3%82%8A%E3%81%A7%E5%A1%97%E3%82%8A%E6%9B%BF%E3%81%88%E3%82%8B%E3%83%AB%E3%83%BC%E3%83%A0%E3%83%95%E3%83%AC%E3%82%B0%E3%83%A9%E3%83%B3%E3%82%B96%E9%81%B8: ('invalid_grant: Bad Request', {'error': 'invalid_grant', 'error_description': 'Bad Request'})
   ❌ Failed request for https://www.mikke-style.com/articles/20260507-%E6%B5%B4%E5%AE%A4%E3%82%92%E4%B8%80%E6%97%A5%E3%81%AE%E7%B5%82%E3%82%8F%E3%82%8A%E3%81%AE%E8%81%96%E5%9F%9F%E3%81%AB%E3%83%90%E3%82%B9%E3%82%BF%E3%82%A4%E3%83%A0%E3%82%B1%E3%82%A2%E3%82%B0%E3%83%83%E3%82%BA6%E9%81%B8: ('invalid_grant: Bad Request', {'error': 'invalid_grant', 'error_description': 'Bad Request'})
   ❌ Failed request for https://www.mikke-style.com/articles/20260508-%E7%94%B7%E3%81%AE%E8%82%8C%E3%82%82%E6%95%B4%E3%81%86%E6%99%82%E4%BB%A3%E3%81%B8%E3%83%A1%E3%83%B3%E3%82%BA%E3%82%B9%E3%82%AD%E3%83%B3%E3%82%B1%E3%82%A2%E3%82%92%E6%9C%AC%E6%A0%BC%E5%8C%96%E3%81%99%E3%82%8B%E7%BE%8E%E5%AE%B9: ('invalid_grant: Bad Request', {'error': 'invalid_grant', 'error_description': 'Bad Request'})
   ❌ Failed request for https://www.mikke-style.com/articles/20260509-%E6%96%99%E7%90%86%E3%81%8C%E5%A4%89%E3%82%8F%E3%82%8B%E9%81%93%E5%85%B7%E3%82%92%E5%A4%89%E3%81%88%E3%82%8B%E3%81%A0%E3%81%91%E3%81%A7%E6%9C%AC%E6%A0%BC%E3%82%AD%E3%83%83%E3%83%81%E3%83%B3%E3%83%84%E3%83%BC%E3%83%AB6: ('invalid_grant: Bad Request', {'error': 'invalid_grant', 'error_description': 'Bad Request'})
   ❌ Failed request for https://www.mikke-style.com/articles/20260509-%E9%AB%AA%E3%82%92%E3%81%A1%E3%82%83%E3%82%93%E3%81%A8%E3%81%84%E3%81%9F%E3%82%8F%E3%82%8B%E3%82%B5%E3%83%AD%E3%83%B3%E5%93%81%E8%B3%AA%E3%83%98%E3%82%A2%E3%82%B1%E3%82%A2%E3%82%A2%E3%82%A4%E3%83%86%E3%83%A06%E9%81%B8: ('invalid_grant: Bad Request', {'error': 'invalid_grant', 'error_description': 'Bad Request'})
   ❌ Failed request for https://www.mikke-style.com/articles/20260510-%E6%9C%BA%E3%81%AE%E4%B8%8A%E3%81%AB%E4%BB%95%E4%BA%8B%E3%81%AE%E4%BD%99%E7%99%BD%E3%82%92%E4%BD%9C%E3%82%8B%E5%9C%A8%E5%AE%85%E3%83%AF%E3%83%BC%E3%82%AB%E3%83%BC%E3%81%8C%E9%81%B8%E3%81%B6%E4%B8%8A%E8%B3%AA%E3%83%87%E3%82%B9: ('invalid_grant: Bad Request', {'error': 'invalid_grant', 'error_description': 'Bad Request'})
   ❌ Failed request for https://www.mikke-style.com/articles/20260510-%E9%9F%B3%E3%81%8C%E5%A4%89%E3%82%8F%E3%82%8B%E3%81%A8%E6%AF%8E%E6%97%A5%E3%81%8C%E5%A4%89%E3%82%8F%E3%82%8B%E3%81%93%E3%81%A0%E3%82%8F%E3%82%8A%E3%81%AE%E3%83%98%E3%83%83%E3%83%89%E3%83%9B%E3%83%B3%E3%82%A4%E3%83%A4%E3%83%9B: ('invalid_grant: Bad Request', {'error': 'invalid_grant', 'error_description': 'Bad Request'})
   ❌ Failed request for https://www.mikke-style.com/articles/20260511-%E7%81%AF%E3%82%92%E8%90%BD%E3%81%A8%E3%81%97%E3%81%A6%E3%81%8B%E3%82%89%E8%82%8C%E3%81%A8%E5%90%91%E3%81%8D%E5%90%88%E3%81%86%E5%A4%9C%E5%B0%B1%E5%AF%9D%E5%89%8D%E3%83%8A%E3%82%A4%E3%83%88%E3%82%B1%E3%82%A2%E3%82%B3%E3%82%B9: ('invalid_grant: Bad Request', {'error': 'invalid_grant', 'error_description': 'Bad Request'})
   ❌ Failed request for https://www.mikke-style.com/articles/20260511-%E9%9B%86%E4%B8%AD%E3%82%92%E5%A6%A8%E3%81%92%E3%81%AA%E3%81%84%E7%A7%98%E5%AF%86%E5%9F%BA%E5%9C%B0%E5%9C%A8%E5%AE%85%E3%83%AF%E3%83%BC%E3%82%AF%E3%81%AE%E8%B3%AA%E3%82%92%E9%AB%98%E3%82%81%E3%82%8B%E3%83%87%E3%82%B9%E3%82%AF: ('invalid_grant: Bad Request', {'error': 'invalid_grant', 'error_description': 'Bad Request'})
   ❌ Failed request for https://www.mikke-style.com/articles/20260512-%E9%83%A8%E5%B1%8B%E3%81%AB%E4%BD%99%E7%99%BD%E3%81%A8%E3%82%86%E3%81%A8%E3%82%8A%E3%82%92%E7%B4%A1%E3%81%90%E7%9C%81%E3%82%B9%E3%83%9A%E3%83%BC%E3%82%B9%E3%82%92%E5%8F%B6%E3%81%88%E3%82%8B%E9%9D%99%E9%9F%B3%E4%BE%BF%E5%88%A9: ('invalid_grant: Bad Request', {'error': 'invalid_grant', 'error_description': 'Bad Request'})
   ❌ Failed request for https://www.mikke-style.com/articles/20260513-%E5%A4%9C%E3%81%AE%E8%82%8C%E6%99%82%E9%96%93%E3%82%92%E4%B8%81%E5%AF%A7%E3%81%AB%E3%82%B9%E3%82%AD%E3%83%B3%E3%82%B1%E3%82%A2%E3%83%98%E3%82%A2%E3%82%B1%E3%82%A2%E3%81%AE%E6%9C%AC%E5%91%BD%E3%82%B3%E3%82%B9%E3%83%A16: ('invalid_grant: Bad Request', {'error': 'invalid_grant', 'error_description': 'Bad Request'})
   ❌ Failed request for https://www.mikke-style.com/articles/20260513-%E6%AF%8E%E6%9C%9D%E3%81%AE%E8%B3%AA%E3%81%8C%E5%A4%89%E3%82%8F%E3%82%8B%E7%94%9F%E6%B4%BB%E3%82%92%E6%95%B4%E3%81%88%E3%82%8B%E4%BE%BF%E5%88%A9%E3%82%B0%E3%83%83%E3%82%BA6%E9%81%B8: ('invalid_grant: Bad Request', {'error': 'invalid_grant', 'error_description': 'Bad Request'})
   ❌ Failed request for https://www.mikke-style.com/articles/20260514-%E6%AF%8E%E6%97%A5%E3%81%AE%E5%8F%B0%E6%89%80%E3%81%8C%E5%A5%BD%E3%81%8D%E3%81%AB%E3%81%AA%E3%82%8B%E3%82%AD%E3%83%83%E3%83%81%E3%83%B3%E9%9B%91%E8%B2%A8%E4%BF%9D%E5%AD%98%E5%AE%B9%E5%99%A8%E8%AA%BF%E7%90%86%E9%81%93%E5%85%B7: ('invalid_grant: Bad Request', {'error': 'invalid_grant', 'error_description': 'Bad Request'})
   ❌ Failed request for https://www.mikke-style.com/articles/20260515-%E5%AF%9D%E5%AE%A4%E3%81%AE%E7%A9%BA%E6%B0%97%E3%82%92%E9%A6%99%E3%82%8A%E3%81%8B%E3%82%89%E8%A8%AD%E8%A8%88%E3%81%99%E3%82%8B%E5%A4%9C%E3%82%A4%E3%83%B3%E3%83%86%E3%83%AA%E3%82%A2%E3%83%95%E3%83%AC%E3%82%B0%E3%83%A9%E3%83%B3: ('invalid_grant: Bad Request', {'error': 'invalid_grant', 'error_description': 'Bad Request'})
   ❌ Failed request for https://www.mikke-style.com/articles/20260516-%E5%A4%9C%E3%81%AE%E9%9D%99%E5%AF%82%E3%81%AB%E6%B4%BB%E5%AD%97%E3%81%8C%E6%BA%B6%E3%81%91%E3%82%8B%E9%9B%BB%E5%AD%90%E6%9B%B8%E7%B1%8D%E3%83%AA%E3%83%BC%E3%83%80%E3%83%BCe%E3%82%A4%E3%83%B3%E3%82%AF%E3%83%87%E3%83%90: ('invalid_grant: Bad Request', {'error': 'invalid_grant', 'error_description': 'Bad Request'})
   ❌ Failed request for https://www.mikke-style.com/articles/20260517-%E9%9F%B3%E3%81%A7%E5%A4%89%E3%82%8F%E3%82%8B%E6%9C%9D%E3%81%AE%E3%83%AA%E3%82%BA%E3%83%A0%E3%83%8E%E3%82%A4%E3%82%BA%E3%82%AD%E3%83%A3%E3%83%B3%E3%82%BB%E3%83%AA%E3%83%B3%E3%82%B0%E3%82%A4%E3%83%A4%E3%83%9B%E3%83%B3-: ('invalid_grant: Bad Request', {'error': 'invalid_grant', 'error_description': 'Bad Request'})
   ❌ Failed request for https://www.mikke-style.com/articles/20260518-%E7%84%9A%E3%81%8D%E7%81%AB%E3%81%AE%E5%A4%9C%E3%81%8C%E3%82%82%E3%81%A3%E3%81%A8%E5%A5%BD%E3%81%8D%E3%81%AB%E3%81%AA%E3%82%8B%E3%82%AD%E3%83%A3%E3%83%B3%E3%83%97%E3%82%A2%E3%82%A6%E3%83%88%E3%83%89%E3%82%A2%E3%82%AE%E3%82%A2: ('invalid_grant: Bad Request', {'error': 'invalid_grant', 'error_description': 'Bad Request'})
   ❌ Failed request for https://www.mikke-style.com/articles/20260519-%E7%84%9A%E3%81%8D%E7%81%AB%E3%81%AE%E5%89%8D%E3%81%AE%E9%9D%99%E3%81%8B%E3%81%AA%E6%99%82%E9%96%93%E3%82%A2%E3%82%A6%E3%83%88%E3%83%89%E3%82%A2%E3%82%AE%E3%82%A2-%E7%B2%BE%E9%8B%AD6%E9%81%B8: ('invalid_grant: Bad Request', {'error': 'invalid_grant', 'error_description': 'Bad Request'})
   ❌ Failed request for https://www.mikke-style.com/articles/20260520-2026%E5%B9%B4%E6%9C%80%E6%96%B0%E3%83%97%E3%83%AD%E3%81%8C%E5%8E%B3%E9%81%B8%E3%82%A8%E3%82%A4%E3%82%B8%E3%83%B3%E3%82%B0%E3%82%B1%E3%82%A2%E7%BE%8E%E5%AE%B9%E6%B6%B2%E3%81%8A%E3%81%99%E3%81%99%E3%82%81%E4%BA%BA%E6%B0%97%E3%83%A9%E3%83%B3: ('invalid_grant: Bad Request', {'error': 'invalid_grant', 'error_description': 'Bad Request'})
   ❌ Failed request for https://www.mikke-style.com/articles/20260520-2026%E5%B9%B4%E7%89%88%E5%9C%A8%E5%AE%85%E3%83%AF%E3%83%BC%E3%82%AF%E3%81%AE%E7%94%9F%E7%94%A3%E6%80%A7%E3%82%92%E6%9C%80%E5%A4%A7%E5%8C%96%E5%BF%AB%E9%81%A9%E3%81%AA%E3%83%87%E3%82%B9%E3%82%AF%E7%92%B0%E5%A2%83%E3%82%92%E5%8F%B6%E3%81%88: ('invalid_grant: Bad Request', {'error': 'invalid_grant', 'error_description': 'Bad Request'})
   ❌ Failed request for https://www.mikke-style.com/articles/20260521-%E5%85%89%E3%81%AE%E8%B3%AA%E3%81%8C%E9%83%A8%E5%B1%8B%E3%81%AE%E6%99%82%E9%96%93%E3%82%92%E5%A4%89%E3%81%88%E3%82%8B%E3%82%A4%E3%83%B3%E3%83%86%E3%83%AA%E3%82%A2%E7%85%A7%E6%98%8E%E3%83%86%E3%83%BC%E3%83%96%E3%83%AB%E3%83%A9: ('invalid_grant: Bad Request', {'error': 'invalid_grant', 'error_description': 'Bad Request'})
   ❌ Failed request for https://www.mikke-style.com/articles/20260521-%E6%9B%B8%E3%81%8F%E3%81%93%E3%81%A8%E3%81%A7%E6%80%9D%E8%80%83%E3%81%8C%E7%A0%94%E3%81%8E%E6%BE%84%E3%81%BE%E3%81%95%E3%82%8C%E3%82%8B%E6%89%8B%E6%9B%B8%E3%81%8D%E6%B4%BE%E3%81%AE%E3%81%9F%E3%82%81%E3%81%AE%E3%83%8E%E3%83%BC: ('invalid_grant: Bad Request', {'error': 'invalid_grant', 'error_description': 'Bad Request'})
   ❌ Failed request for https://www.mikke-style.com/articles/20260522-%E7%84%9A%E3%81%8D%E7%81%AB%E3%81%AE%E5%89%8D%E3%81%AB%E9%81%93%E5%85%B7%E3%82%92%E9%81%B8%E3%81%B6%E3%82%AD%E3%83%A3%E3%83%B3%E3%83%97%E8%AA%BF%E7%90%86%E3%82%92%E6%B7%B1%E3%82%81%E3%82%8B%E9%81%93%E5%85%B76%E9%81%B8: ('invalid_grant: Bad Request', {'error': 'invalid_grant', 'error_description': 'Bad Request'})
   ❌ Failed request for https://www.mikke-style.com/articles/20260523-2026%E5%B9%B4%E6%9C%80%E6%96%B0%E6%97%A5%E7%84%BC%E3%81%91%E6%AD%A2%E3%82%81%E3%81%8A%E3%81%99%E3%81%99%E3%82%81%E4%BA%BA%E6%B0%97%E3%83%A9%E3%83%B3%E3%82%AD%E3%83%B3%E3%82%B0%E7%B5%B6%E5%AF%BE%E3%81%AB%E7%84%BC%E3%81%8B%E3%81%AA%E3%81%84: ('invalid_grant: Bad Request', {'error': 'invalid_grant', 'error_description': 'Bad Request'})
   ❌ Failed request for https://www.mikke-style.com/articles/20260523-%E3%82%82%E3%81%97%E3%82%82%E3%82%92%E6%97%A5%E5%B8%B8%E3%81%AB%E3%81%99%E3%82%8B%E9%98%B2%E7%81%BD%E3%83%9D%E3%83%BC%E3%83%81%E3%81%AB%E5%85%A5%E3%82%8C%E3%81%9F%E3%81%84%E3%82%B0%E3%83%83%E3%82%BA6%E9%81%B8: ('invalid_grant: Bad Request', {'error': 'invalid_grant', 'error_description': 'Bad Request'})
   ❌ Failed request for https://www.mikke-style.com/articles/20260523-%E7%9B%AE%E8%A6%9A%E3%82%81%E3%81%AE%E8%89%AF%E3%81%95%E3%81%AF%E5%A4%9C%E3%81%AB%E8%A8%AD%E8%A8%88%E3%81%95%E3%82%8C%E3%82%8B%E7%9D%A1%E7%9C%A0%E7%92%B0%E5%A2%83%E3%82%92%E6%95%B4%E3%81%88%E3%82%8B%E5%AF%9D%E5%AE%A4%E3%82%A2: ('invalid_grant: Bad Request', {'error': 'invalid_grant', 'error_description': 'Bad Request'})
   ❌ Failed request for https://www.mikke-style.com/articles/20260524-%E6%9C%9D%E3%81%AE5%E5%88%86%E3%82%92%E4%BD%93%E3%81%AB%E8%BF%94%E3%81%99%E5%9C%A8%E5%AE%85%E3%83%AF%E3%83%BC%E3%82%AB%E3%83%BC%E3%81%8C%E9%81%B8%E3%81%B6%E3%82%B9%E3%83%88%E3%83%AC%E3%83%83%E3%83%81%E3%82%B1%E3%82%A2: ('invalid_grant: Bad Request', {'error': 'invalid_grant', 'error_description': 'Bad Request'})
   ❌ Failed request for https://www.mikke-style.com/articles/20260525-smartwatch-comparison: ('invalid_grant: Bad Request', {'error': 'invalid_grant', 'error_description': 'Bad Request'})
   ❌ Failed request for https://www.mikke-style.com/articles/20260525-%E5%8F%B0%E6%89%80%E3%81%AB%E8%81%B7%E4%BA%BA%E3%81%AE%E6%84%8F%E5%BF%97%E3%82%92%E7%BD%AE%E3%81%8F%E6%96%99%E7%90%86%E5%A5%BD%E3%81%8D%E3%81%8C%E8%AA%8D%E3%82%81%E3%82%8B%E6%9C%AC%E6%A0%BC%E3%82%AD%E3%83%83%E3%83%81%E3%83%B3: ('invalid_grant: Bad Request', {'error': 'invalid_grant', 'error_description': 'Bad Request'})
   ❌ Failed request for https://www.mikke-style.com/articles/20260526-best-shampoos-for-damaged-hair: ('invalid_grant: Bad Request', {'error': 'invalid_grant', 'error_description': 'Bad Request'})
   ❌ Failed request for https://www.mikke-style.com/articles/20260526-daily-life-water-bottle-guide: ('invalid_grant: Bad Request', {'error': 'invalid_grant', 'error_description': 'Bad Request'})
   ❌ Failed request for https://www.mikke-style.com/articles/20260526-mac-mini-monitors: ('invalid_grant: Bad Request', {'error': 'invalid_grant', 'error_description': 'Bad Request'})
   ❌ Failed request for https://www.mikke-style.com/articles/20260526-stroller-selection-guide: ('invalid_grant: Bad Request', {'error': 'invalid_grant', 'error_description': 'Bad Request'})
   ❌ Failed request for https://www.mikke-style.com/articles/20260526-%E7%84%9A%E3%81%8D%E7%81%AB%E3%81%AE%E5%89%8D%E3%81%AB%E9%81%93%E5%85%B7%E3%82%92%E9%81%B8%E3%81%B6%E3%82%AD%E3%83%A3%E3%83%B3%E3%83%97%E8%AA%BF%E7%90%86%E3%82%92%E6%B7%B1%E3%82%81%E3%82%8B%E9%81%93%E5%85%B76%E9%81%B8: ('invalid_grant: Bad Request', {'error': 'invalid_grant', 'error_description': 'Bad Request'})
   ❌ Failed request for https://www.mikke-style.com/articles/20260529-aroma-diffusers: ('invalid_grant: Bad Request', {'error': 'invalid_grant', 'error_description': 'Bad Request'})
   ❌ Failed request for https://www.mikke-style.com/articles/20260529-hair-dryers: ('invalid_grant: Bad Request', {'error': 'invalid_grant', 'error_description': 'Bad Request'})
   ❌ Failed request for https://www.mikke-style.com/articles/20260529-regal-business-shoes: ('invalid_grant: Bad Request', {'error': 'invalid_grant', 'error_description': 'Bad Request'})
   ❌ Failed request for https://www.mikke-style.com/articles/20260530-keyboards: ('invalid_grant: Bad Request', {'error': 'invalid_grant', 'error_description': 'Bad Request'})
   ❌ Failed request for https://www.mikke-style.com/articles/20260530-%E6%A4%8D%E7%89%A9%E8%82%B2%E6%88%90%E3%83%A9%E3%82%A4%E3%83%88%E3%81%AE%E3%81%8A%E3%81%99%E3%81%99%E3%82%81%E4%BA%BA%E6%B0%97%E3%83%A9%E3%83%B3%E3%82%AD%E3%83%B3%E3%82%B0: ('invalid_grant: Bad Request', {'error': 'invalid_grant', 'error_description': 'Bad Request'})
   ❌ Failed request for https://www.mikke-style.com/articles/20260531-aquarium-led-lights: ('invalid_grant: Bad Request', {'error': 'invalid_grant', 'error_description': 'Bad Request'})
   ❌ Failed request for https://www.mikke-style.com/articles/20260531-umbrellas: ('invalid_grant: Bad Request', {'error': 'invalid_grant', 'error_description': 'Bad Request'})
   ❌ Failed request for https://www.mikke-style.com/articles/20260603-eyeliner-comparison: ('invalid_grant: Bad Request', {'error': 'invalid_grant', 'error_description': 'Bad Request'})
   ❌ Failed request for https://www.mikke-style.com/articles/20260607-cleansing-oil: ('invalid_grant: Bad Request', {'error': 'invalid_grant', 'error_description': 'Bad Request'})
   ❌ Failed request for https://www.mikke-style.com/articles/20260607-serum: ('invalid_grant: Bad Request', {'error': 'invalid_grant', 'error_description': 'Bad Request'})
   ❌ Failed request for https://www.mikke-style.com/articles/20260608-face-mask: ('invalid_grant: Bad Request', {'error': 'invalid_grant', 'error_description': 'Bad Request'})
   ❌ Failed request for https://www.mikke-style.com/articles/20260608-toner: ('invalid_grant: Bad Request', {'error': 'invalid_grant', 'error_description': 'Bad Request'})
   ❌ Failed request for https://www.mikke-style.com/articles/20260609-cleansing-balm: ('invalid_grant: Bad Request', {'error': 'invalid_grant', 'error_description': 'Bad Request'})
   ❌ Failed request for https://www.mikke-style.com/articles/20260610-cleanser: ('invalid_grant: Bad Request', {'error': 'invalid_grant', 'error_description': 'Bad Request'})
   ❌ Failed request for https://www.mikke-style.com/articles/20260610-cleansing-gel: ('invalid_grant: Bad Request', {'error': 'invalid_grant', 'error_description': 'Bad Request'})
   ❌ Failed request for https://www.mikke-style.com/articles/20260611-booster: ('invalid_grant: Bad Request', {'error': 'invalid_grant', 'error_description': 'Bad Request'})
   ❌ Failed request for https://www.mikke-style.com/articles/20260611-lip-serum: ('invalid_grant: Bad Request', {'error': 'invalid_grant', 'error_description': 'Bad Request'})
   ❌ Failed request for https://www.mikke-style.com/articles/20260612-emulsion: ('invalid_grant: Bad Request', {'error': 'invalid_grant', 'error_description': 'Bad Request'})
   ❌ Failed request for https://www.mikke-style.com/articles/20260612-face-cream: ('invalid_grant: Bad Request', {'error': 'invalid_grant', 'error_description': 'Bad Request'})
   ❌ Failed request for https://www.mikke-style.com/articles/20260613-daily-pack: ('invalid_grant: Bad Request', {'error': 'invalid_grant', 'error_description': 'Bad Request'})
   ❌ Failed request for https://www.mikke-style.com/articles/20260614-affordable-cleanser: ('invalid_grant: Bad Request', {'error': 'invalid_grant', 'error_description': 'Bad Request'})
   ❌ Failed request for https://www.mikke-style.com/articles/20260614-peeling-serum: ('invalid_grant: Bad Request', {'error': 'invalid_grant', 'error_description': 'Bad Request'})
   ❌ Failed request for https://www.mikke-style.com/articles/20260615-mens-face-wash: ('invalid_grant: Bad Request', {'error': 'invalid_grant', 'error_description': 'Bad Request'})
   ❌ Failed request for https://www.mikke-style.com/articles/20260615-sheet-masks-for-40s: ('invalid_grant: Bad Request', {'error': 'invalid_grant', 'error_description': 'Bad Request'})
   ❌ Failed request for https://www.mikke-style.com/articles/20260616-face-wash: ('invalid_grant: Bad Request', {'error': 'invalid_grant', 'error_description': 'Bad Request'})
   ❌ Failed request for https://www.mikke-style.com/articles/20260616-hand-cream: ('invalid_grant: Bad Request', {'error': 'invalid_grant', 'error_description': 'Bad Request'})
   ❌ Failed request for https://www.mikke-style.com/articles/20260617-wet-cleanser: ('invalid_grant: Bad Request', {'error': 'invalid_grant', 'error_description': 'Bad Request'})
   ❌ Failed request for https://www.mikke-style.com/articles/20260618-affordable-booster: ('invalid_grant: Bad Request', {'error': 'invalid_grant', 'error_description': 'Bad Request'})
   ❌ Failed request for https://www.mikke-style.com/articles/20260619-cleansing-balm: ('invalid_grant: Bad Request', {'error': 'invalid_grant', 'error_description': 'Bad Request'})
   ❌ Failed request for https://www.mikke-style.com/articles/20260619-mascara: ('invalid_grant: Bad Request', {'error': 'invalid_grant', 'error_description': 'Bad Request'})
   ❌ Failed request for https://www.mikke-style.com/articles/20260620-article-001: ('invalid_grant: Bad Request', {'error': 'invalid_grant', 'error_description': 'Bad Request'})
   ❌ Failed request for https://www.mikke-style.com/articles/20260620-serum: ('invalid_grant: Bad Request', {'error': 'invalid_grant', 'error_description': 'Bad Request'})
   ❌ Failed request for https://www.mikke-style.com/articles/20260621-article-001: ('invalid_grant: Bad Request', {'error': 'invalid_grant', 'error_description': 'Bad Request'})
   ❌ Failed request for https://www.mikke-style.com/articles/20260621-serum: ('invalid_grant: Bad Request', {'error': 'invalid_grant', 'error_description': 'Bad Request'})
   ❌ Failed request for https://www.mikke-style.com/articles/20260622-article-001: ('invalid_grant: Bad Request', {'error': 'invalid_grant', 'error_description': 'Bad Request'})
   ❌ Failed request for https://www.mikke-style.com/articles/20260622-toner: ('invalid_grant: Bad Request', {'error': 'invalid_grant', 'error_description': 'Bad Request'})
   ❌ Failed request for https://www.mikke-style.com/articles/20260624-beauty: ('invalid_grant: Bad Request', {'error': 'invalid_grant', 'error_description': 'Bad Request'})
   ❌ Failed request for https://www.mikke-style.com/articles/20260624-treatment: ('invalid_grant: Bad Request', {'error': 'invalid_grant', 'error_description': 'Bad Request'})
   ❌ Failed request for https://www.mikke-style.com/articles/20260625-beauty: ('invalid_grant: Bad Request', {'error': 'invalid_grant', 'error_description': 'Bad Request'})
   ❌ Failed request for https://www.mikke-style.com/articles/20260625-serum: ('invalid_grant: Bad Request', {'error': 'invalid_grant', 'error_description': 'Bad Request'})
   ❌ Failed request for https://www.mikke-style.com/articles/20260626-beauty: ('invalid_grant: Bad Request', {'error': 'invalid_grant', 'error_description': 'Bad Request'})
   ❌ Failed request for https://www.mikke-style.com/articles/20260627-beauty: ('invalid_grant: Bad Request', {'error': 'invalid_grant', 'error_description': 'Bad Request'})
   ❌ Failed request for https://www.mikke-style.com/articles/20260628-beauty: ('invalid_grant: Bad Request', {'error': 'invalid_grant', 'error_description': 'Bad Request'})
   ❌ Failed request for https://www.mikke-style.com/articles/20260629-beauty: ('invalid_grant: Bad Request', {'error': 'invalid_grant', 'error_description': 'Bad Request'})
   ❌ Failed request for https://www.mikke-style.com/articles/20260707-beauty-2: ('invalid_grant: Bad Request', {'error': 'invalid_grant', 'error_description': 'Bad Request'})
   ❌ Failed request for https://www.mikke-style.com/articles/20260707-beauty: ('invalid_grant: Bad Request', {'error': 'invalid_grant', 'error_description': 'Bad Request'})
   ❌ Failed request for https://www.mikke-style.com/articles/20260708-beauty-1: ('invalid_grant: Bad Request', {'error': 'invalid_grant', 'error_description': 'Bad Request'})
   ❌ Failed request for https://www.mikke-style.com/articles/20260708-beauty-2: ('invalid_grant: Bad Request', {'error': 'invalid_grant', 'error_description': 'Bad Request'})
   ❌ Failed request for https://www.mikke-style.com/articles/20260709-beauty-1: ('invalid_grant: Bad Request', {'error': 'invalid_grant', 'error_description': 'Bad Request'})
   ❌ Failed request for https://www.mikke-style.com/articles/20260709-cream: ('invalid_grant: Bad Request', {'error': 'invalid_grant', 'error_description': 'Bad Request'})
   ❌ Failed request for https://www.mikke-style.com/articles/cleansing-oil-real: ('invalid_grant: Bad Request', {'error': 'invalid_grant', 'error_description': 'Bad Request'})
✅ Indexing requests sent: 0/110
🔄 [Step 3] Analyzing GA4 Traffic and PV Growth...
🔄 [Step 4] Detecting Articles with low internal links (< 3)...

⚠️ --- Articles with Low Internal Links (< 3) ---
Article Slug                                                      | Internal Links Count
------------------------------------------------------------------------------------------
20260709-cream                                                    | 0                   
20260530-植物育成ライトのおすすめ人気ランキング                                      | 0                   
20260720-cleansing                                                | 0                   
20260516-夜の静寂に活字が溶ける電子書籍リーダーeインクデバ                                | 1                   
20260412-2026年春テレワークが劇的に捗るデスク周りのおすすめガジェ                           | 1                   
20260507-浴室を一日の終わりの聖域にバスタイムケアグッズ6選                                | 1                   
20260512-部屋に余白とゆとりを紡ぐ省スペースを叶える静音便利                                | 2                   
20260708-beauty-1                                                 | 0                   
20260721-cream                                                    | 0                   
20260523-2026年最新日焼け止めおすすめ人気ランキング絶対に焼かない                           | 0                   
20260413-2026年最新忙しい朝を劇的に変える暮らしの質が上がる厳選時                           | 2                   
20260722-spf                                                      | 0                   
20260723-cleanser                                                 | 0                   
20260720-serum                                                    | 0                   
20260719-cleansing-balm-2                                         | 0                   
20260707-beauty                                                   | 0                   
20260420-新製品レビュー：最新の日焼け止めクリーム                                     | 1                   
20260521-書くことで思考が研ぎ澄まされる手書き派のためのノー                                | 1                   
20260509-髪をちゃんといたわるサロン品質ヘアケアアイテム6選                                | 1                   
20260525-smartwatch-comparison                                    | 0                   
20260520-2026年最新プロが厳選エイジングケア美容液おすすめ人気ラン                           | 0                   
20260709-beauty-1                                                 | 0                   
20260707-beauty-2                                                 | 0                   
20260517-音で変わる朝のリズムノイズキャンセリングイヤホン-                                | 1                   
20260721-cleanser                                                 | 0                   
20260429-豆から始まる朝の時間割スペシャルティコーヒー器具6                                | 2                   
20260518-焚き火の夜がもっと好きになるキャンプアウトドアギア                                | 1                   
20260519-焚き火の前の静かな時間アウトドアギア-精鋭6選                                  | 1                   
20260711-cleansing-balm                                           | 0                   
20260708-beauty-2                                                 | 0                   
20260412-2026年春テレワークが劇的に捗るデスク周りのおすすめガジェ-fix                       | 0                   
20260722-serum                                                    | 0                   
20260723-spf                                                      | 0                   
20260515-寝室の空気を香りから設計する夜インテリアフレグラン                                | 1                   
20260724-lip                                                      | 0                   
------------------------------------------------------------------------------------------
Total articles with low links: 35

=== SEO Automation Run Finished ===

